#VRML V2.0 utf8
# 3D model generated by kicad-lcsc-manager
# Based on easyeda2kicad.py v1.0.1

Shape{
    appearance Appearance {
        material  Material {
            diffuseColor 0.7529411764705882 0.7529411764705882 0.7529411764705882
            specularColor 0.3764705882352941 0.3764705882352941 0.3764705882352941
            ambientIntensity 0.7529
            transparency 0.0
            shininess 0.5
        }
    }
    geometry IndexedFaceSet {
        ccw TRUE
        solid FALSE
        coord DEF co Coordinate {
            point [
                -2.754 0.5179 0.94, -2.754 0.549 0.94, -2.754 0.549 0.9009, -2.754 0.7875 1.0746, -2.754 0.7875 0.9563, -2.754 0.7343 0.9563, -2.754 -1.94 2.904, -2.754 -0.919 2.904, -2.754 -0.919 1.0757, -2.754 0.7209 0.9698, -2.754 0.7229 0.975, -2.754 0.7229 0.94, -2.754 1.34 -0.978, -2.754 1.1091 -1.378, -2.754 0.8594 -1.378, -2.754 0.9751 0.9705, -2.754 0.9493 0.9488, -2.754 0.8594 1.0757, -2.754 0.8594 0.94, -2.754 1.1004 1.0889, -2.754 1.0808 1.0757, -2.754 1.0592 1.061, -2.754 1.0277 1.0245, -2.754 1.0079 0.9861, -2.754 1.0033 0.9845, -2.754 1.2789 1.0877, -2.754 1.2351 1.1046, -2.754 2.9919 5.0239, -2.754 0.8594 5.0239, -2.754 1.1882 1.1104, -2.754 1.1479 1.106, -2.754 1.2983 1.0757, -2.754 2.9919 1.0757, -2.754 1.3021 1.0734, -2.754 1.403 1.0289, -2.754 1.3656 1.0335, -2.754 1.3244 1.0543, -2.754 1.3547 1.0329, -2.754 1.3438 1.0316, -2.754 1.4747 0.988, -2.754 1.4683 0.994, -2.754 1.4382 1.0152, -2.754 2.9919 0.94, -2.754 2.9919 0.9009, -2.754 1.5169 0.9009, -2.754 1.5127 0.9245, -2.754 1.5059 0.94, -2.754 1.4976 0.9587, -2.754 1.4499 0.7511, -2.754 1.4795 0.7764, -2.754 2.9919 0.7283, -2.754 1.5011 0.8073, -2.754 1.4156 0.7344, -2.754 1.4024 0.7283, -2.754 1.4036 0.7308, -2.754 1.5147 0.8426, -2.754 1.5193 0.8798, -2.754 1.5191 0.8889, -2.754 2.9919 0.6754, -2.754 1.3527 0.6754, -2.754 1.3614 0.6791, -2.754 1.3799 0.693, -2.754 1.394 0.7104, -2.754 1.34 0.152, -2.754 1.2904 0.6692, -2.754 1.3134 0.6663, -2.754 1.3171 0.6664, -2.754 2.9919 0.152, -2.754 1.3395 0.6699, -2.754 0.8594 0.7283, -2.754 1.2246 0.7283, -2.754 0.8594 0.6754, -2.754 1.2247 0.7278, -2.754 1.2359 0.7067, -2.754 1.2504 0.6905, -2.754 1.2693 0.6773, -2.754 1.2742 0.6754, -2.754 0.9184 0.8928, -2.754 0.914 0.8618, -2.754 0.8594 0.9009, -2.754 1.1034 0.7843, -2.754 1.0969 0.7868, -2.754 1.0857 0.8409, -2.754 0.9491 0.7716, -2.754 0.9749 0.7498, -2.754 1.2423 0.8248, -2.754 1.1151 0.8912, -2.754 1.2589 0.8399, -2.754 1.279 0.8507, -2.754 1.1092 0.7801, -2.754 0.9303 0.7979, -2.754 0.9733 0.8692, -2.754 0.9778 0.8875, -2.754 0.985 0.9009, -2.754 1.4572 0.9009, -2.754 0.9183 0.8279, -2.754 1.0895 0.7878, -2.754 1.0886 0.7877, -2.754 1.0858 0.7871, -2.754 1.4516 0.8438, -2.754 1.4403 0.8247, -2.754 1.3922 0.8148, -2.754 1.4233 0.8072, -2.754 1.4026 0.7944, -2.754 1.3571 0.8462, -2.754 1.3765 0.8327, -2.754 1.4596 0.8817, -2.754 1.4584 0.867, -2.754 1.3361 0.8542, -2.754 1.3134 0.857, -2.754 1.3019 0.8564, -2.754 1.1189 0.7584, -2.754 1.1187 0.7621, -2.754 1.2186 0.7707, -2.754 1.1168 0.7693, -2.754 1.1131 0.7758, -2.754 0.9921 0.8106, -2.754 0.9817 0.8254, -2.754 0.9751 0.8423, -2.754 0.9728 0.8608, -2.754 1.0968 0.7298, -2.754 1.103 0.7323, -2.754 1.1092 0.7367, -2.754 1.1114 0.7389, -2.754 1.1155 0.7449, -2.754 1.118 0.7513, -2.754 1.2191 0.7512, -2.754 1.2186 0.7612, -2.754 1.0039 0.7356, -2.754 1.0354 0.7289, -2.754 1.0914 0.7289, -2.754 1.0838 0.7868, -2.754 1.0411 0.7868, -2.754 1.024 0.7901, -2.754 1.0073 0.7979, -2.754 0.9933 0.8094, -2.754 1.0544 0.9348, -2.754 1.4486 0.9259, -2.754 1.4567 0.9047, -2.754 1.0468 0.9348, -2.754 0.9866 0.9038, -2.754 0.9975 0.9159, -2.754 1.0122 0.9262, -2.754 1.0288 0.9326, -2.754 1.0749 0.9919, -2.754 1.0964 1.0175, -2.754 1.3144 0.9624, -2.754 1.0986 1.0196, -2.754 1.1253 1.0381, -2.754 1.2999 0.9924, -2.754 1.4388 0.94, -2.754 1.321 0.966, -2.754 1.0556 0.94, -2.754 1.0603 0.9614, -2.754 1.3423 0.9738, -2.754 1.3647 0.9766, -2.754 1.3747 0.9761, -2.754 1.2786 1.0178, -2.754 1.1551 1.0495, -2.754 1.2532 1.0364, -2.754 1.1873 1.0534, -2.754 1.2222 1.0489, -2.754 1.3981 0.9705, -2.754 1.4192 0.9592, -2.754 1.4354 0.9448, -2.754 0.943 0.94, -2.754 0.93 0.9218, -2.754 0.9216 0.9009, -2.754 0.2258 0.94, -2.754 0.2691 0.9411, -2.754 0.2882 0.9411, -2.754 0.32 1.0746, -2.754 0.2258 1.0757, -2.754 0.3508 1.0757, -2.754 0.3702 0.9411, -2.754 0.3892 0.9411, -2.754 0.3929 0.94, -2.754 0.3508 0.94, -2.754 0.3508 0.9776, -2.754 0.3574 0.9776, -2.754 0.3929 1.0757, -2.754 0.3508 1.0421, -2.754 0.3384 1.0746, -2.754 0.5305 0.9563, -2.754 0.5305 0.9411, -2.754 0.549 1.0757, -2.754 0.5335 1.0746, -2.754 0.5179 1.0757, -2.754 0.5335 1.0592, -2.754 0.585 1.0012, -2.754 0.585 0.9563, -2.754 0.549 1.0012, -2.754 0.549 0.9563, -2.754 0.5373 1.0012, -2.754 0.5373 1.0165, -2.754 0.585 1.0592, -2.754 0.585 1.0165, -2.754 0.549 1.0592, -2.754 0.549 1.0165, -2.754 0.549 0.9411, -2.754 0.6022 0.9411, -2.754 0.629 0.9632, -2.754 0.629 0.9466, -2.754 0.61 0.94, -2.754 0.6312 0.9455, -2.754 0.6634 0.9542, -2.754 0.6555 0.9546, -2.754 0.6347 1.0559, -2.754 0.6407 0.9577, -2.754 0.6347 0.9605, -2.754 0.6323 1.0551, -2.754 0.629 1.0533, -2.754 0.61 1.0757, -2.754 0.6772 1.0588, -2.754 0.6877 1.054, -2.754 0.6968 1.0465, -2.754 0.6978 1.0453, -2.754 0.7042 1.036, -2.754 0.7086 1.0245, -2.754 0.7108 1.0063, -2.754 0.7108 1.0045, -2.754 0.7086 0.9883, -2.754 0.6946 0.9653, -2.754 0.6858 0.9592, -2.754 0.6762 0.9557, -2.754 0.646 1.0598, -2.754 0.6604 1.0613, -2.754 0.6656 1.0611, -2.754 0.7043 0.9775, -2.754 0.6977 0.9683, -2.754 0.6472 1.0757, -2.754 0.6411 1.0751, -2.754 0.6347 1.0757, -2.754 0.6347 1.0731, -2.754 0.629 1.0714, -2.754 0.6582 1.0768, -2.754 0.6347 5.0239, -2.754 0.6606 1.0768, -2.754 0.7229 5.0239, -2.754 0.6699 1.0757, -2.754 0.6937 1.0691, -2.754 0.6797 1.0745, -2.754 0.7229 1.0757, -2.754 0.7229 1.0362, -2.754 0.7182 1.0464, -2.754 0.7096 1.0572, -2.754 0.7066 1.06, -2.754 0.725 1.0318, -2.754 0.7309 1.0757, -2.754 0.7284 1.0149, -2.754 0.7289 1.0053, -2.754 0.7309 0.94, -2.754 0.7263 0.9838, -2.754 0.7229 0.9009, -2.754 0.6779 0.94, -2.754 0.6895 0.9426, -2.754 0.7019 0.9487, -2.754 0.7118 0.9571, -2.754 0.713 0.9584, -2.754 0.6347 0.9444, -2.754 0.6456 0.9408, -2.754 0.6347 0.94, -2.754 0.6541 0.94, -2.754 0.6347 0.9009, -2.754 0.6659 0.9389, -2.754 0.6752 0.9394, -2.754 -1.94 3.356, -2.754 -1.94 5.0239, -2.754 -0.919 3.356, -2.754 -0.919 5.0239, -2.754 -0.59 3.356, -2.754 0.2258 5.0239, -2.754 -0.59 2.904, -2.754 -1.94 0.152, -2.754 -1.94 0.6754, -2.754 -0.919 0.152, -2.754 -0.919 0.6754, -2.754 0.2258 0.152, -2.754 0.2258 0.6754, -2.754 0.3508 0.152, -2.754 0.3508 0.6754, -2.754 0.3929 0.152, -2.754 0.3929 0.6754, -2.754 0.5179 0.152, -2.754 0.5179 0.6754, -2.754 0.54 0.152, -2.754 0.549 0.6754, -2.754 0.549 -0.9934, -2.754 0.61 0.6754, -2.754 0.61 -1.0991, -2.754 0.6347 0.6754, -2.754 0.6347 -1.1418, -2.754 0.7309 0.6754, -2.754 0.7309 -1.3085, -2.754 0.7229 -1.2947, -2.754 0.771 -1.378, -2.754 0.7104 0.7746, -2.754 0.7076 0.8018, -2.754 0.714 0.7692, -2.754 0.7161 0.7631, -2.754 0.6347 0.7283, -2.754 0.6404 0.7294, -2.754 0.6571 0.7294, -2.754 0.648 0.8168, -2.754 0.6445 0.8115, -2.754 0.6418 0.8041, -2.754 0.6404 0.7907, -2.754 0.7054 0.779, -2.754 0.6985 0.7827, -2.754 0.6968 0.8087, -2.754 0.6853 0.786, -2.754 0.6707 0.8127, -2.754 0.6764 0.8133, -2.754 0.6863 0.8123, -2.754 0.7031 0.7307, -2.754 0.7087 0.7347, -2.754 0.7229 0.7283, -2.754 0.7106 0.7366, -2.754 0.7141 0.7417, -2.754 0.6571 0.7441, -2.754 0.6575 0.7441, -2.754 0.6601 0.7402, -2.754 0.6654 0.7345, -2.754 0.7161 0.7473, -2.754 0.7169 0.7549, -2.754 0.7076 0.818, -2.754 0.6649 0.826, -2.754 0.6578 0.8239, -2.754 0.6523 0.8208, -2.754 0.6571 0.79, -2.754 0.6576 0.7974, -2.754 0.6594 0.8033, -2.754 0.6613 0.8068, -2.754 0.7021 0.8211, -2.754 0.6893 0.8254, -2.754 0.6748 0.8269, -2.754 0.6639 0.8095, -2.754 0.6668 0.8114, -2.754 0.6776 0.7283, -2.754 0.6781 0.7281, -2.754 0.7229 0.6754, -2.754 0.6867 0.7272, -2.754 0.6964 0.7283, -2.754 0.6967 0.7283, -2.754 0.6176 0.799, -2.754 0.6169 0.805, -2.754 0.6149 0.8104, -2.754 0.6118 0.8149, -2.754 0.615 0.7874, -2.754 0.6169 0.7925, -2.754 0.6177 0.75, -2.754 0.612 0.7464, -2.754 0.61 0.7456, -2.754 0.61 0.781, -2.754 0.6129 0.7839, -2.754 0.6101 0.7811, -2.754 0.6023 0.7283, -2.754 0.6064 0.7287, -2.754 0.61 0.7283, -2.754 0.61 0.73, -2.754 0.6177 0.7328, -2.754 0.54 -0.978, -2.754 0.5813 0.7283, -2.754 0.5918 0.7272, -2.754 0.5589 0.7711, -2.754 0.5558 0.7665, -2.754 0.5579 0.8064, -2.754 0.549 0.7283, -2.754 0.5562 0.7433, -2.754 0.5593 0.7389, -2.754 0.61 0.8166, -2.754 0.61 0.9009, -2.754 0.6069 0.8193, -2.754 0.6023 0.8221, -2.754 0.5933 0.8254, -2.754 0.5805 0.8269, -2.754 0.554 0.7616, -2.754 0.5533 0.7553, -2.754 0.5541 0.7486, -2.754 0.5579 0.8227, -2.754 0.5699 0.8261, -2.754 0.5641 0.7347, -2.754 0.5689 0.7318, -2.754 0.578 0.7286, -2.754 0.5821 0.8133, -2.754 0.5871 0.813, -2.754 0.6004 0.8005, -2.754 0.5915 0.8118, -2.754 0.5953 0.8098, -2.754 0.6002 0.7983, -2.754 0.5996 0.7957, -2.754 0.5984 0.7934, -2.754 0.5967 0.7916, -2.754 0.5908 0.7879, -2.754 0.5704 0.8119, -2.754 0.5805 0.7834, -2.754 0.5609 0.8082, -2.754 0.574 0.7808, -2.754 0.5629 0.7747, -2.754 0.5978 0.8076, -2.754 0.5992 0.8054, -2.754 0.6001 0.8032, -2.754 0.6015 0.7422, -2.754 0.5923 0.7713, -2.754 0.6023 0.7759, -2.754 0.5902 0.7408, -2.754 0.5895 0.7408, -2.754 0.5813 0.7667, -2.754 0.5809 0.7418, -2.754 0.5705 0.7537, -2.754 0.5707 0.7558, -2.754 0.5766 0.7433, -2.754 0.5751 0.7443, -2.754 0.5731 0.746, -2.754 0.5717 0.7481, -2.754 0.5708 0.7505, -2.754 0.5714 0.7584, -2.754 0.5727 0.7606, -2.754 0.5748 0.7628, -2.754 0.4351 0.8629, -2.754 0.3929 0.8629, -2.754 0.3929 0.9009, -2.754 0.5179 0.8015, -2.754 0.501 0.7531, -2.754 0.4965 0.7529, -2.754 0.5179 0.9009, -2.754 0.4705 0.8247, -2.754 0.4531 0.8247, -2.754 0.3929 0.7283, -2.754 0.3929 0.7294, -2.754 0.4351 0.7294, -2.754 0.499 0.7452, -2.754 0.4985 0.7452, -2.754 0.4978 0.7485, -2.754 0.5259 0.8247, -2.754 0.5446 0.8247, -2.754 0.5078 0.7283, -2.754 0.5072 0.7296, -2.754 0.5179 0.7566, -2.754 0.5146 0.7123, -2.754 0.5179 0.7283, -2.754 0.5178 0.7063, -2.754 0.5179 0.7063, -2.754 0.5412 0.7008, -2.754 0.5412 0.6859, -2.754 0.5378 0.6996, -2.754 0.5317 0.6988, -2.754 0.5277 0.6993, -2.754 0.5179 0.6875, -2.754 0.5237 0.6853, -2.754 0.5304 0.6845, -2.754 0.5341 0.6846, -2.754 0.524 0.7007, -2.754 0.521 0.7028, -2.754 0.4964 0.715, -2.754 0.504 0.7003, -2.754 0.4912 0.7283, -2.754 0.5101 0.6929, -2.754 0.5112 0.6919, -2.754 0.5171 0.6878, -2.754 0.4179 0.7895, -2.754 0.4179 0.7446, -2.754 0.3929 0.7895, -2.754 0.3929 0.7446, -2.754 0.3702 0.7895, -2.754 0.3508 0.7283, -2.754 0.3508 0.9009, -2.754 0.3664 0.8475, -2.754 0.3664 0.8629, -2.754 0.3634 0.7294, -2.754 0.3634 0.7446, -2.754 0.4179 0.8475, -2.754 0.4179 0.8048, -2.754 0.3929 0.8475, -2.754 0.3929 0.8048, -2.754 0.3702 0.8048, -2.754 0.8047 1.0746, -2.754 0.7343 0.9411, -2.754 0.8047 0.9411, -2.754 0.7309 0.9009, -2.754 0.7875 0.8475, -2.754 0.7875 0.8048, -2.754 0.736 0.8475, -2.754 0.7398 0.8048, -2.754 0.7398 0.7895, -2.754 0.7329 0.7446, -2.754 0.7309 0.7283, -2.754 0.7329 0.7294, -2.754 0.8047 0.7294, -2.754 0.7875 0.7895, -2.754 0.7875 0.7446, -2.754 0.8047 0.8629, -2.754 0.736 0.8629, -2.754 0.7309 5.0239, -2.754 0.6713 0.7306, -2.754 0.6022 1.0746, -2.754 0.549 1.0746, -2.754 0.4686 0.9411, -2.754 0.5053 0.9411, -2.754 0.4009 0.9837, -2.754 0.4078 0.9701, -2.754 0.5053 1.0746, -2.754 0.4672 1.0746, -2.754 0.4468 1.0723, -2.754 0.4307 1.0664, -2.754 0.4037 1.0405, -2.754 0.3988 1.0278, -2.754 0.3966 1.0095, -2.754 0.3972 0.999, -2.754 0.4167 0.9598, -2.754 0.4308 0.9497, -2.754 0.4461 0.9438, -2.754 0.4167 1.0569, -2.754 0.4119 1.0522, -2.754 0.61 5.0239, -2.754 0.549 5.0239, -2.754 0.5179 5.0239, -2.754 0.3929 5.0239, -2.754 0.3508 5.0239, -2.754 0.2797 0.8606, -2.754 0.2636 0.8547, -2.754 0.2258 0.9009, -2.754 0.2366 0.8288, -2.754 0.2317 0.8161, -2.754 0.2295 0.7978, -2.754 0.2258 0.7283, -2.754 0.2301 0.7873, -2.754 0.2337 0.772, -2.754 0.2407 0.7584, -2.754 0.2496 0.7481, -2.754 0.2637 0.738, -2.754 0.279 0.7321, -2.754 0.3014 0.7294, -2.754 0.3381 0.7294, -2.754 0.3381 0.8629, -2.754 0.3001 0.8629, -2.754 0.3018 0.9776, -2.754 0.2496 0.8452, -2.754 0.2448 0.8405, -2.754 0.2031 0.7294, -2.754 0.2221 0.7294, -2.754 0.1211 0.7294, -2.754 0.1347 0.7659, -2.754 0.1902 0.7659, -2.754 0.1713 0.8629, -2.754 0.1528 0.8629, -2.754 0.102 0.7294, -2.754 -0.919 0.7283, -2.754 -0.919 0.9009, -2.754 -0.919 0.94, -2.754 -1.94 1.0757, -2.754 -1.94 0.94, -2.754 -1.94 0.9009, -2.754 -1.94 0.7283, -2.628 -1.94 2.904, -2.6255 -1.94 2.9263, -2.7463 -1.94 2.9625, -0.598 -1.94 5.016, -0.598 -1.94 5.142, -2.628 -1.94 5.016, -2.6359 -1.94 5.142, -2.6665 -1.94 5.138, -2.695 -1.94 5.1262, -2.7194 -1.94 5.1075, -2.7238 -1.94 3.017, -2.623 -1.94 2.9353, -2.6878 -1.94 3.0639, -2.7238 -1.94 3.243, -2.623 -1.94 3.3248, -2.6246 -1.94 3.3302, -2.628 -1.94 0.152, -2.6878 -1.94 3.1962, -2.641 -1.94 3.1603, -2.1745 -1.94 3.3248, -2.623 -1.94 3.151, -2.1745 -1.94 2.9353, -2.623 -1.94 3.1091, -2.641 -1.94 3.0998, -2.628 -1.94 3.356, -2.7463 -1.94 3.2976, -2.7382 -1.94 5.083, -2.75 -1.94 5.0545, -0.373 1.323 0.026, 0.377 1.323 0.026, -0.373 1.323 -1.003, 0.377 1.323 -1.003, 0.3642 1.323 -1.1, 0.3267 1.323 -1.1905, 0.2671 1.323 -1.2681, 0.1895 1.323 -1.3277, 0.099 1.323 -1.3652, 0.002 1.323 -1.378, -0.0951 1.323 -1.3652, -0.1855 1.323 -1.3277, -0.2632 1.323 -1.2681, -0.3228 1.323 -1.1905, -0.3603 1.323 -1.1, 0.377 1.3273 0.0587, -0.373 1.3273 0.0587, 0.377 1.3399 0.089, -0.373 1.3399 0.089, 0.377 1.3599 0.1151, -0.373 1.3599 0.1151, 0.377 1.386 0.1352, -0.373 1.386 0.1352, 0.377 1.4164 0.1478, -0.373 1.4164 0.1478, 0.377 1.449 0.152, -0.373 1.449 0.152, 0.377 1.449 0.278, 0.377 2.984 0.278, -0.373 1.449 0.278, -0.373 2.984 0.278, -0.373 1.3838 0.2695, 0.377 1.3838 0.2695, -0.373 1.323 0.2443, 0.377 1.323 0.2443, -0.373 1.2709 0.2042, 0.377 1.2709 0.2042, -0.373 1.2308 0.152, 0.377 1.2308 0.152, -0.373 1.2056 0.0913, 0.377 1.2056 0.0913, -0.373 1.197 0.026, 0.377 1.197 0.026, -0.3603 1.197 -1.1, 0.1895 1.197 -1.3277, -0.373 1.197 -1.003, 0.2671 1.197 -1.2681, 0.3267 1.197 -1.1905, 0.377 1.197 -1.003, 0.3642 1.197 -1.1, -0.3228 1.197 -1.1905, -0.2632 1.197 -1.2681, -0.1855 1.197 -1.3277, -0.0951 1.197 -1.3652, 0.002 1.197 -1.378, 0.099 1.197 -1.3652, 0.377 2.984 0.152, -0.373 2.984 0.152
            ]
        }
        coordIndex [
            0,1,2,-1,3,4,5,-1,6,7,8,-1,9,10,11,-1,12,13,14,-1,15,16,17,-1,17,16,18,-1,19,20,17,-1,17,20,21,-1,17,21,22,-1,22,23,17,-1,17,23,24,-1,17,24,15,-1,25,26,27,-1,27,26,28,-1,28,26,29,-1,28,29,30,-1,25,27,31,-1,31,27,32,-1,31,32,33,-1,32,34,33,-1,33,34,35,-1,33,35,36,-1,36,35,37,-1,36,37,38,-1,39,40,32,-1,32,40,41,-1,32,41,34,-1,42,43,44,-1,44,45,42,-1,42,45,46,-1,42,46,32,-1,32,46,47,-1,32,47,39,-1,48,49,50,-1,50,49,51,-1,48,50,52,-1,52,50,53,-1,52,53,54,-1,51,55,50,-1,50,55,56,-1,50,56,43,-1,43,56,57,-1,43,57,44,-1,58,59,50,-1,50,59,60,-1,60,61,50,-1,50,61,62,-1,50,62,53,-1,12,14,63,-1,64,65,63,-1,63,65,66,-1,58,67,59,-1,59,67,63,-1,59,63,68,-1,68,63,66,-1,69,70,71,-1,71,70,72,-1,71,72,73,-1,73,74,71,-1,71,74,75,-1,71,75,76,-1,77,78,79,-1,80,81,82,-1,83,84,69,-1,85,86,87,-1,87,86,88,-1,80,82,89,-1,83,69,90,-1,91,92,86,-1,86,92,93,-1,86,93,94,-1,79,78,69,-1,69,78,95,-1,69,95,90,-1,81,96,82,-1,82,96,97,-1,82,97,98,-1,99,100,101,-1,101,100,102,-1,101,102,103,-1,104,94,105,-1,105,94,106,-1,105,106,101,-1,101,106,107,-1,101,107,99,-1,104,108,94,-1,94,108,109,-1,94,109,86,-1,86,109,110,-1,86,110,88,-1,111,112,113,-1,113,112,114,-1,113,114,82,-1,82,114,115,-1,82,115,89,-1,116,117,82,-1,82,117,118,-1,82,118,86,-1,86,118,119,-1,86,119,91,-1,120,121,70,-1,70,121,122,-1,70,122,123,-1,123,124,70,-1,70,124,125,-1,70,125,126,-1,126,125,111,-1,126,111,127,-1,127,111,113,-1,84,128,69,-1,69,128,129,-1,69,129,70,-1,70,129,130,-1,70,130,120,-1,98,131,82,-1,82,131,132,-1,82,132,133,-1,133,134,82,-1,82,134,135,-1,82,135,116,-1,136,137,138,-1,138,94,136,-1,136,94,93,-1,136,93,139,-1,139,93,140,-1,140,141,139,-1,139,141,142,-1,139,142,143,-1,144,145,146,-1,145,147,146,-1,146,147,148,-1,146,148,149,-1,150,146,151,-1,137,136,150,-1,150,136,152,-1,150,152,146,-1,146,152,153,-1,146,153,144,-1,151,154,150,-1,150,154,155,-1,150,155,156,-1,149,148,157,-1,157,148,158,-1,157,158,159,-1,159,158,160,-1,159,160,161,-1,162,163,156,-1,156,163,164,-1,156,164,150,-1,16,165,18,-1,18,165,166,-1,18,166,79,-1,79,166,167,-1,79,167,77,-1,168,169,170,-1,169,168,171,-1,171,168,172,-1,171,172,173,-1,174,175,176,-1,177,178,179,-1,176,175,180,-1,180,175,181,-1,180,181,173,-1,173,181,182,-1,173,182,171,-1,183,184,0,-1,185,186,187,-1,187,186,188,-1,189,190,191,-1,191,190,192,-1,191,192,193,-1,193,192,183,-1,193,183,194,-1,195,196,197,-1,197,196,198,-1,197,198,188,-1,0,184,1,-1,1,184,199,-1,1,199,200,-1,201,202,203,-1,203,202,204,-1,205,206,207,-1,206,208,207,-1,207,208,209,-1,207,209,210,-1,210,209,201,-1,210,201,211,-1,211,201,203,-1,211,203,212,-1,213,214,215,-1,216,217,207,-1,207,217,218,-1,218,219,207,-1,207,219,220,-1,207,220,221,-1,222,223,207,-1,207,223,224,-1,207,224,205,-1,207,225,216,-1,216,225,226,-1,216,226,215,-1,215,226,227,-1,215,227,213,-1,221,228,207,-1,207,228,229,-1,207,229,222,-1,230,231,232,-1,232,231,233,-1,232,233,212,-1,212,233,234,-1,212,234,211,-1,235,236,237,-1,237,236,238,-1,237,238,239,-1,240,241,242,-1,242,243,244,-1,244,245,242,-1,242,245,246,-1,242,246,240,-1,243,242,247,-1,247,242,248,-1,247,248,249,-1,249,248,250,-1,250,248,251,-1,250,251,252,-1,253,254,11,-1,11,254,255,-1,11,255,256,-1,256,257,11,-1,11,257,258,-1,11,258,9,-1,259,260,261,-1,261,260,262,-1,261,262,263,-1,263,262,264,-1,263,264,253,-1,253,264,265,-1,253,265,254,-1,266,267,268,-1,268,267,269,-1,268,269,270,-1,270,269,271,-1,270,271,272,-1,273,274,275,-1,275,274,276,-1,275,276,277,-1,277,276,278,-1,277,278,279,-1,279,278,280,-1,279,280,281,-1,281,280,282,-1,281,282,283,-1,283,282,284,-1,283,284,285,-1,285,284,286,-1,287,288,289,-1,289,288,290,-1,289,290,291,-1,292,293,294,-1,295,293,14,-1,14,293,71,-1,14,71,63,-1,63,71,76,-1,63,76,64,-1,296,297,298,-1,298,297,299,-1,300,301,302,-1,303,304,263,-1,263,304,305,-1,263,305,306,-1,296,307,297,-1,297,307,308,-1,297,308,309,-1,309,308,310,-1,311,312,310,-1,310,312,313,-1,310,313,309,-1,314,315,316,-1,316,315,317,-1,316,317,318,-1,319,320,302,-1,302,320,321,-1,302,321,322,-1,318,323,316,-1,316,323,324,-1,316,324,253,-1,253,324,299,-1,253,299,325,-1,325,299,297,-1,326,327,263,-1,263,327,328,-1,263,328,303,-1,329,330,310,-1,310,330,331,-1,310,331,332,-1,325,333,253,-1,253,333,334,-1,253,334,263,-1,263,334,335,-1,263,335,326,-1,332,336,310,-1,310,336,337,-1,310,337,311,-1,338,339,290,-1,290,339,340,-1,290,340,291,-1,291,340,294,-1,339,341,340,-1,340,341,342,-1,340,342,316,-1,316,342,343,-1,316,343,314,-1,344,345,263,-1,263,345,346,-1,263,346,347,-1,348,349,350,-1,351,352,353,-1,348,350,354,-1,349,344,350,-1,350,344,263,-1,350,263,300,-1,300,263,306,-1,300,306,301,-1,351,353,350,-1,350,353,355,-1,350,355,354,-1,356,357,358,-1,358,357,359,-1,358,359,300,-1,300,359,360,-1,300,360,350,-1,361,285,287,-1,287,285,286,-1,287,286,288,-1,288,286,362,-1,288,362,363,-1,364,365,366,-1,367,368,369,-1,347,370,371,-1,371,370,372,-1,372,373,371,-1,371,373,374,-1,371,374,375,-1,376,377,367,-1,367,377,378,-1,367,378,368,-1,365,376,366,-1,366,376,367,-1,366,367,379,-1,379,367,2,-1,379,2,380,-1,380,2,375,-1,369,381,367,-1,367,381,382,-1,367,382,383,-1,384,385,386,-1,386,385,387,-1,386,387,388,-1,386,389,384,-1,384,389,390,-1,384,390,391,-1,391,392,384,-1,384,392,393,-1,384,393,394,-1,394,393,395,-1,394,395,396,-1,396,395,397,-1,396,397,366,-1,366,397,398,-1,366,398,364,-1,399,400,388,-1,388,400,401,-1,388,401,386,-1,402,403,352,-1,352,403,404,-1,352,404,353,-1,402,405,403,-1,403,405,406,-1,403,406,407,-1,407,406,408,-1,407,409,410,-1,408,411,407,-1,407,411,412,-1,407,412,413,-1,413,414,407,-1,407,414,415,-1,407,415,409,-1,410,416,407,-1,407,416,417,-1,407,417,418,-1,419,420,421,-1,422,423,424,-1,425,426,427,-1,428,429,430,-1,431,432,423,-1,423,432,433,-1,423,433,424,-1,424,426,422,-1,422,426,425,-1,422,425,434,-1,434,425,435,-1,436,437,438,-1,439,440,441,-1,441,440,442,-1,440,367,443,-1,383,362,367,-1,367,362,286,-1,367,286,443,-1,443,286,444,-1,443,445,440,-1,440,445,446,-1,440,446,447,-1,448,449,284,-1,284,449,450,-1,284,450,286,-1,286,450,451,-1,286,451,444,-1,447,452,440,-1,440,452,453,-1,440,453,442,-1,454,455,282,-1,454,282,456,-1,455,457,282,-1,282,457,458,-1,282,458,284,-1,284,458,459,-1,284,459,448,-1,460,461,462,-1,462,461,463,-1,462,463,464,-1,465,466,467,-1,467,466,468,-1,429,428,469,-1,469,428,465,-1,469,465,470,-1,471,472,473,-1,473,472,474,-1,473,474,467,-1,467,474,475,-1,467,475,465,-1,465,475,464,-1,465,464,470,-1,470,464,463,-1,17,476,3,-1,17,3,248,-1,248,3,5,-1,248,5,251,-1,251,5,477,-1,251,477,478,-1,476,17,478,-1,478,17,18,-1,478,18,251,-1,251,18,79,-1,251,79,479,-1,480,481,482,-1,482,481,483,-1,482,483,484,-1,479,485,486,-1,486,485,487,-1,486,487,488,-1,489,490,484,-1,484,490,485,-1,484,485,482,-1,482,485,479,-1,293,292,71,-1,71,292,486,-1,71,486,69,-1,69,486,488,-1,69,488,79,-1,79,488,491,-1,79,491,479,-1,479,491,492,-1,479,492,482,-1,30,19,28,-1,28,19,17,-1,28,17,493,-1,493,17,248,-1,493,248,238,-1,238,248,242,-1,238,242,239,-1,239,242,241,-1,294,340,292,-1,292,340,316,-1,292,316,486,-1,486,316,253,-1,486,253,479,-1,479,253,11,-1,479,11,251,-1,251,11,10,-1,251,10,252,-1,347,371,263,-1,263,371,203,-1,263,203,261,-1,261,203,204,-1,261,204,259,-1,322,494,302,-1,302,494,338,-1,302,338,300,-1,300,338,290,-1,300,290,358,-1,358,290,288,-1,358,288,356,-1,356,288,363,-1,375,2,371,-1,371,2,1,-1,371,1,203,-1,203,1,200,-1,203,200,212,-1,212,200,495,-1,212,495,185,-1,185,495,496,-1,185,496,186,-1,497,498,0,-1,0,498,187,-1,0,187,183,-1,183,187,188,-1,183,188,194,-1,194,188,198,-1,176,499,500,-1,498,501,187,-1,187,501,502,-1,187,502,180,-1,180,502,503,-1,180,503,504,-1,505,506,180,-1,180,506,507,-1,180,507,176,-1,176,507,508,-1,176,508,499,-1,500,509,176,-1,176,509,510,-1,176,510,511,-1,511,497,176,-1,176,497,0,-1,176,0,425,-1,425,0,2,-1,425,2,435,-1,435,2,367,-1,435,367,438,-1,438,367,440,-1,438,440,436,-1,436,440,439,-1,504,512,180,-1,180,512,513,-1,180,513,505,-1,177,421,466,-1,466,421,420,-1,466,420,468,-1,235,230,236,-1,236,230,232,-1,236,232,514,-1,514,232,212,-1,514,212,515,-1,515,212,185,-1,515,185,516,-1,516,185,187,-1,516,187,517,-1,517,187,180,-1,517,180,518,-1,518,180,173,-1,518,173,271,-1,271,173,172,-1,271,172,272,-1,519,520,521,-1,522,523,521,-1,521,523,524,-1,521,524,525,-1,525,524,526,-1,525,526,527,-1,527,528,525,-1,525,528,529,-1,525,529,530,-1,530,531,525,-1,525,531,532,-1,525,532,465,-1,465,532,533,-1,465,533,466,-1,466,533,534,-1,466,534,535,-1,536,178,170,-1,170,178,177,-1,170,177,168,-1,168,177,466,-1,168,466,521,-1,521,466,535,-1,521,535,519,-1,520,537,521,-1,521,537,538,-1,521,538,522,-1,539,540,525,-1,541,542,543,-1,525,540,521,-1,521,540,544,-1,521,544,545,-1,543,539,541,-1,541,539,525,-1,541,525,546,-1,546,525,547,-1,546,547,545,-1,545,547,548,-1,545,548,521,-1,521,548,549,-1,521,549,168,-1,168,549,8,-1,168,8,172,-1,172,8,7,-1,172,7,272,-1,6,8,550,-1,550,8,549,-1,550,549,551,-1,551,549,548,-1,551,548,552,-1,552,548,547,-1,552,547,553,-1,179,174,177,-1,177,174,176,-1,177,176,421,-1,421,176,425,-1,421,425,419,-1,419,425,427,-1,419,427,430,-1,430,427,456,-1,430,456,428,-1,428,456,282,-1,428,282,465,-1,465,282,280,-1,465,280,525,-1,525,280,278,-1,525,278,547,-1,547,278,276,-1,547,276,553,-1,553,276,274,-1,554,555,556,-1,557,558,559,-1,559,558,560,-1,560,561,559,-1,559,561,562,-1,559,562,563,-1,556,555,564,-1,564,555,565,-1,564,565,566,-1,567,568,569,-1,556,6,554,-1,554,6,550,-1,554,550,570,-1,570,550,551,-1,570,551,552,-1,567,571,568,-1,568,571,572,-1,568,572,573,-1,573,572,574,-1,573,574,575,-1,575,574,576,-1,575,576,565,-1,565,576,577,-1,565,577,566,-1,559,267,578,-1,578,267,266,-1,578,266,569,-1,569,266,579,-1,569,579,567,-1,563,580,559,-1,559,580,581,-1,559,581,267,-1,552,553,570,-1,570,553,274,-1,570,274,273,-1,582,583,584,-1,584,583,585,-1,584,585,586,-1,586,587,584,-1,584,587,588,-1,584,588,589,-1,589,590,591,-1,591,592,589,-1,589,592,593,-1,589,593,594,-1,594,595,589,-1,589,595,596,-1,589,596,584,-1,583,582,597,-1,597,582,598,-1,597,598,599,-1,599,598,600,-1,599,600,601,-1,601,600,602,-1,601,602,603,-1,603,602,604,-1,603,604,605,-1,605,604,606,-1,605,606,607,-1,607,606,608,-1,609,610,611,-1,611,610,612,-1,609,611,613,-1,609,613,614,-1,614,613,615,-1,614,615,616,-1,616,615,617,-1,616,617,618,-1,618,617,619,-1,618,619,620,-1,620,619,621,-1,620,621,622,-1,622,621,623,-1,622,623,624,-1,625,626,627,-1,627,626,628,-1,627,628,629,-1,624,623,630,-1,630,623,627,-1,630,627,631,-1,631,627,629,-1,625,632,626,-1,626,632,633,-1,626,633,634,-1,634,635,626,-1,626,635,636,-1,626,636,637,-1,638,610,607,-1,607,610,609,-1,607,609,605,-1,605,609,614,-1,605,614,603,-1,603,614,616,-1,603,616,601,-1,601,616,618,-1,601,618,599,-1,599,618,620,-1,599,620,597,-1,597,620,622,-1,597,622,583,-1,583,622,624,-1,583,624,585,-1,585,624,630,-1,627,584,596,-1,627,596,625,-1,625,596,595,-1,625,595,632,-1,632,595,594,-1,632,594,633,-1,633,594,593,-1,633,593,634,-1,634,593,592,-1,634,592,635,-1,635,592,591,-1,635,591,636,-1,636,591,590,-1,636,590,637,-1,637,590,589,-1,637,589,626,-1,626,589,588,-1,626,588,628,-1,628,588,587,-1,628,587,629,-1,629,587,586,-1,629,586,631,-1,631,586,585,-1,631,585,630,-1,584,627,582,-1,582,627,623,-1,582,623,598,-1,598,623,621,-1,598,621,600,-1,600,621,619,-1,600,619,602,-1,602,619,617,-1,602,617,604,-1,604,617,615,-1,604,615,606,-1,606,615,613,-1,606,613,608,-1,608,613,611,-1,608,611,639,-1,639,611,612,-1,
        ]
    }
}
Shape{
    appearance Appearance {
        material  Material {
            diffuseColor 0.25098039215686274 0.25098039215686274 0.25098039215686274
            specularColor 0.12549019607843137 0.12549019607843137 0.12549019607843137
            ambientIntensity 0.251
            transparency 0.0
            shininess 0.5
        }
    }
    geometry IndexedFaceSet {
        ccw TRUE
        solid FALSE
        coord DEF co Coordinate {
            point [
                2.407 -1.936 1.866, 2.407 -0.54 1.866, 2.627 -1.936 1.866, 2.627 -0.54 1.866, 2.394 -0.54 1.8643, 2.394 -1.936 1.8643, 2.382 -0.54 1.8593, 2.382 -1.936 1.8593, 2.3716 -0.54 1.8514, 2.3716 -1.936 1.8514, 2.3637 -0.54 1.841, 2.3637 -1.936 1.841, 2.3587 -0.54 1.829, 2.3587 -1.936 1.829, 2.357 -0.54 1.816, 2.357 -1.936 1.816, 2.357 -1.936 0.716, 2.357 -0.54 0.716, 2.3587 -0.54 0.7031, 2.3587 -1.936 0.7031, 2.3637 -0.54 0.691, 2.3637 -1.936 0.691, 2.3716 -0.54 0.6807, 2.3716 -1.936 0.6807, 2.382 -0.54 0.6727, 2.382 -1.936 0.6727, 2.394 -0.54 0.6678, 2.394 -1.936 0.6678, 2.407 -0.54 0.666, 2.407 -1.936 0.666, 2.627 -1.936 0.666, 2.627 -0.54 0.666, -2.3597 -0.54 0.691, -2.3547 -0.54 0.7031, -2.3677 -0.54 0.6807, -2.353 -0.54 0.716, -2.378 -0.54 0.6727, -2.623 -0.54 1.866, -2.623 -0.54 0.666, -2.403 -0.54 1.866, -2.403 -0.54 0.666, -2.3901 -0.54 0.6678, -2.353 -0.54 1.816, -2.3547 -0.54 1.829, -2.3597 -0.54 1.841, -2.3677 -0.54 1.8514, -2.378 -0.54 1.8593, -2.3901 -0.54 1.8643, -2.403 -1.936 0.666, -2.623 -1.936 0.666, -2.3901 -1.936 0.6678, -2.378 -1.936 0.6727, -2.3677 -1.936 0.6807, -2.3597 -1.936 0.691, -2.3547 -1.936 0.7031, -2.353 -1.936 0.716, -2.353 -1.936 1.816, -2.3547 -1.936 1.829, -2.3597 -1.936 1.841, -2.3677 -1.936 1.8514, -2.378 -1.936 1.8593, -2.3901 -1.936 1.8643, -2.403 -1.936 1.866, -2.623 -1.936 1.866
            ]
        }
        coordIndex [
            0,1,2,-1,2,1,3,-1,1,0,4,-1,4,0,5,-1,4,5,6,-1,6,5,7,-1,6,7,8,-1,8,7,9,-1,8,9,10,-1,10,9,11,-1,10,11,12,-1,12,11,13,-1,12,13,14,-1,14,13,15,-1,16,17,15,-1,15,17,14,-1,17,16,18,-1,18,16,19,-1,18,19,20,-1,20,19,21,-1,20,21,22,-1,22,21,23,-1,22,23,24,-1,24,23,25,-1,24,25,26,-1,26,25,27,-1,26,27,28,-1,28,27,29,-1,30,31,29,-1,29,31,28,-1,32,33,34,-1,34,33,35,-1,34,35,36,-1,37,38,39,-1,39,38,40,-1,39,40,35,-1,35,40,41,-1,35,41,36,-1,35,42,39,-1,39,42,43,-1,39,43,44,-1,44,45,39,-1,39,45,46,-1,39,46,47,-1,31,3,28,-1,28,3,1,-1,6,8,10,-1,1,4,14,-1,14,4,6,-1,14,6,12,-1,12,6,10,-1,1,14,28,-1,28,14,17,-1,28,17,18,-1,24,26,22,-1,22,26,28,-1,22,28,20,-1,20,28,18,-1,48,40,49,-1,49,40,38,-1,40,48,41,-1,41,48,50,-1,41,50,36,-1,36,50,51,-1,36,51,34,-1,34,51,52,-1,34,52,32,-1,32,52,53,-1,32,53,33,-1,33,53,54,-1,33,54,35,-1,35,54,55,-1,56,42,55,-1,55,42,35,-1,42,56,43,-1,43,56,57,-1,43,57,44,-1,44,57,58,-1,44,58,45,-1,45,58,59,-1,45,59,46,-1,46,59,60,-1,46,60,47,-1,47,60,61,-1,47,61,39,-1,39,61,62,-1,63,37,62,-1,62,37,39,-1,
        ]
    }
}
Shape{
    appearance Appearance {
        material  Material {
            diffuseColor 0.7529411764705882 0.7529411764705882 0.7529411764705882
            specularColor 0.3764705882352941 0.3764705882352941 0.3764705882352941
            ambientIntensity 0.7529
            transparency 0.0
            shininess 0.5
        }
    }
    geometry IndexedFaceSet {
        ccw TRUE
        solid FALSE
        coord DEF co Coordinate {
            point [
                -2.628 -1.94 3.356, -2.628 2.984 3.356, -2.628 -1.94 5.016, -2.628 2.984 5.016, -2.628 2.984 3.1067, -2.628 2.984 3.1534, -2.628 -0.59 3.1067, -2.628 -0.59 3.1534, -2.7463 -0.59 2.9625, -2.754 -0.59 2.904, -2.754 -0.919 2.904, -2.641 -0.59 3.0998, -2.641 -1.94 3.0998, -2.6878 -0.59 3.0639, -2.6878 -1.94 3.0639, -2.7238 -0.59 3.017, -2.7238 -1.94 3.017, -2.7463 -1.94 2.9625, -2.754 -1.94 2.904, -2.623 -1.94 3.1091, -2.623 2.95 3.1091, -2.5865 2.984 3.1223, -2.5865 2.95 3.1223, -2.528 2.95 3.13, -2.528 2.984 3.13, -2.623 2.95 4.8553, -2.623 2.35 5.016, 2.627 2.95 4.8553, 2.627 2.35 5.016, 0.5264 2.5537 4.3201, 0.545 2.55 4.3823, 0.267 2.5537 4.3776, 0.2764 2.55 4.4418, 0.002 2.5537 4.3968, 0.002 2.55 4.4617, -0.263 2.5537 4.3776, -0.2724 2.55 4.4418, -0.5225 2.5537 4.3201, -0.5411 2.55 4.3823, 0.5176 2.6557 4.2906, 0.2625 2.6557 4.3471, 0.002 2.6557 4.366, -0.2586 2.6557 4.3471, -0.5137 2.6557 4.2906, 0.5234 3.0156 4.3099, 0.3523 3.0156 4.3522, 0.2651 3.0156 4.3649, 0.178 3.0156 4.3777, 0.002 3.0156 4.3862, -0.174 3.0156 4.3777, -0.2612 3.0156 4.3649, -0.3484 3.0156 4.3522, -0.5194 3.0156 4.3099, 0.1784 3.0404 4.3822, -0.3492 3.0404 4.3566, -0.548 3.11 4.4056, -0.3676 3.11 4.4501, -0.5409 3.1069 4.3817, -0.3628 3.1069 4.4256, -0.5342 3.0976 4.3592, -0.3583 3.0976 4.4027, -0.5284 3.0827 4.3398, -0.3544 3.0827 4.3827, -0.5238 3.0632 4.3245, -0.3513 3.0632 4.3671, -0.5207 3.0404 4.3143, -0.1745 3.0404 4.3822, -0.1755 3.0632 4.3928, -0.177 3.0827 4.4087, -0.179 3.0976 4.4289, -0.1813 3.1069 4.4522, -0.1837 3.11 4.4771, 0.002 3.11 4.486, 0.002 3.1069 4.4611, 0.002 3.0976 4.4377, 0.002 3.0827 4.4173, 0.002 3.0632 4.4014, 0.002 3.0404 4.3908, 0.1876 3.11 4.4771, 0.1852 3.1069 4.4522, 0.1829 3.0976 4.4289, 0.181 3.0827 4.4087, 0.1794 3.0632 4.3928, 0.3715 3.11 4.4501, 0.3667 3.1069 4.4256, 0.3622 3.0976 4.4027, 0.3583 3.0827 4.3827, 0.3552 3.0632 4.3671, 0.3532 3.0404 4.3566, 0.552 3.11 4.4056, 0.5448 3.1069 4.3817, 0.5381 3.0976 4.3592, 0.5323 3.0827 4.3398, 0.5277 3.0632 4.3245, 0.5247 3.0404 4.3143, 0.552 2.984 4.4056, 0.2799 2.984 4.4658, 0.002 2.984 4.486, -0.276 2.984 4.4658, -0.548 2.984 4.4056, 1.2445 2.2079 3.8821, 1.2445 2.8167 3.8821, 1.3368 2.2079 3.7885, 1.366 2.8167 3.7558, 1.422 2.2079 3.6884, 1.4203 2.8167 3.6871, 1.4997 2.2079 3.5824, 1.4746 2.8167 3.6184, 1.5695 2.2079 3.471, 1.5695 2.8167 3.471, 1.631 2.2079 3.3549, 1.6496 2.8167 3.3152, 1.684 2.2079 3.2346, 1.682 2.8167 3.2338, 1.728 2.2079 3.1108, 1.7144 2.8167 3.1524, 1.763 2.2079 2.9841, 1.763 2.8167 2.9841, 1.2435 2.1906 3.881, 1.3357 2.1906 3.7875, 1.4208 2.1906 3.6875, 1.4984 2.1906 3.5816, 1.5682 2.1906 3.4703, 1.6296 2.1906 3.3542, 1.6826 2.1906 3.2341, 1.7266 2.1906 3.1103, 1.7616 2.1906 2.9837, 1.2404 2.1737 3.8778, 1.3323 2.1737 3.7844, 1.4172 2.1737 3.6847, 1.4947 2.1737 3.579, 1.5643 2.1737 3.468, 1.6256 2.1737 3.3523, 1.6784 2.1737 3.2324, 1.7223 2.1737 3.109, 1.7572 2.1737 2.9827, 1.2353 2.1579 3.8724, 1.3269 2.1579 3.7795, 1.4115 2.1579 3.6801, 1.4886 2.1579 3.5749, 1.5579 2.1579 3.4643, 1.619 2.1579 3.3491, 1.6715 2.1579 3.2297, 1.7153 2.1579 3.1068, 1.75 2.1579 2.981, 1.1898 2.043 3.8242, 1.278 2.043 3.7347, 1.3594 2.043 3.639, 1.4337 2.043 3.5376, 1.5004 2.043 3.4312, 1.5593 2.043 3.3202, 1.6099 2.043 3.2052, 1.652 2.043 3.0868, 1.6855 2.043 2.9657
            ]
        }
        coordIndex [
            0,1,2,-1,2,1,3,-1,4,5,6,-1,6,5,7,-1,8,9,10,-1,6,11,12,-1,12,11,13,-1,12,13,14,-1,14,13,15,-1,14,15,16,-1,16,15,8,-1,16,8,17,-1,17,8,10,-1,17,10,18,-1,12,19,6,-1,6,19,20,-1,6,20,4,-1,4,20,21,-1,20,22,21,-1,21,22,23,-1,21,23,24,-1,25,26,27,-1,27,26,28,-1,29,30,31,-1,31,30,32,-1,31,32,33,-1,33,32,34,-1,33,34,35,-1,35,34,36,-1,35,36,37,-1,37,36,38,-1,39,29,40,-1,40,29,31,-1,40,31,41,-1,41,31,33,-1,41,33,42,-1,42,33,35,-1,42,35,43,-1,43,35,37,-1,44,39,45,-1,45,39,40,-1,45,40,46,-1,46,40,47,-1,47,40,41,-1,47,41,48,-1,48,41,49,-1,49,41,42,-1,49,42,50,-1,50,42,51,-1,51,42,43,-1,51,43,52,-1,46,47,53,-1,50,51,54,-1,55,56,57,-1,57,56,58,-1,57,58,59,-1,59,58,60,-1,59,60,61,-1,61,60,62,-1,61,62,63,-1,63,62,64,-1,63,64,65,-1,65,64,54,-1,65,54,52,-1,52,54,51,-1,49,50,66,-1,66,50,54,-1,66,54,67,-1,67,54,64,-1,67,64,68,-1,68,64,62,-1,68,62,69,-1,69,62,60,-1,69,60,70,-1,70,60,58,-1,70,58,71,-1,71,58,56,-1,71,72,70,-1,70,72,73,-1,70,73,69,-1,69,73,74,-1,69,74,68,-1,68,74,75,-1,68,75,67,-1,67,75,76,-1,67,76,66,-1,66,76,77,-1,66,77,49,-1,49,77,48,-1,72,78,73,-1,73,78,79,-1,73,79,74,-1,74,79,80,-1,74,80,75,-1,75,80,81,-1,75,81,76,-1,76,81,82,-1,76,82,77,-1,77,82,53,-1,77,53,48,-1,48,53,47,-1,78,83,79,-1,79,83,84,-1,79,84,80,-1,80,84,85,-1,80,85,81,-1,81,85,86,-1,81,86,82,-1,82,86,87,-1,82,87,53,-1,53,87,88,-1,53,88,46,-1,46,88,45,-1,83,89,84,-1,84,89,90,-1,84,90,85,-1,85,90,91,-1,85,91,86,-1,86,91,92,-1,86,92,87,-1,87,92,93,-1,87,93,88,-1,88,93,94,-1,88,94,45,-1,45,94,44,-1,90,89,95,-1,30,29,39,-1,94,93,95,-1,30,39,95,-1,95,39,44,-1,95,44,94,-1,93,92,95,-1,95,92,91,-1,95,91,90,-1,30,95,96,-1,30,96,32,-1,32,96,97,-1,32,97,34,-1,34,97,98,-1,34,98,36,-1,36,98,99,-1,36,99,38,-1,99,55,57,-1,57,59,99,-1,99,59,61,-1,99,61,63,-1,63,65,99,-1,99,65,52,-1,99,52,38,-1,38,52,43,-1,38,43,37,-1,100,101,102,-1,102,101,103,-1,102,103,104,-1,104,103,105,-1,104,105,106,-1,106,105,107,-1,106,107,108,-1,108,107,109,-1,108,109,110,-1,110,109,111,-1,110,111,112,-1,112,111,113,-1,112,113,114,-1,114,113,115,-1,114,115,116,-1,116,115,117,-1,118,100,119,-1,119,100,102,-1,119,102,120,-1,120,102,104,-1,120,104,121,-1,121,104,106,-1,121,106,122,-1,122,106,108,-1,122,108,123,-1,123,108,110,-1,123,110,124,-1,124,110,112,-1,124,112,125,-1,125,112,114,-1,125,114,126,-1,126,114,116,-1,127,118,128,-1,128,118,119,-1,128,119,129,-1,129,119,120,-1,129,120,130,-1,130,120,121,-1,130,121,131,-1,131,121,122,-1,131,122,132,-1,132,122,123,-1,132,123,133,-1,133,123,124,-1,133,124,134,-1,134,124,125,-1,134,125,135,-1,135,125,126,-1,136,127,137,-1,137,127,128,-1,137,128,138,-1,138,128,129,-1,138,129,139,-1,139,129,130,-1,139,130,140,-1,140,130,131,-1,140,131,141,-1,141,131,132,-1,141,132,142,-1,142,132,133,-1,142,133,143,-1,143,133,134,-1,143,134,144,-1,144,134,135,-1,145,136,146,-1,146,136,137,-1,146,137,147,-1,147,137,138,-1,147,138,148,-1,148,138,139,-1,148,139,149,-1,149,139,140,-1,149,140,150,-1,150,140,141,-1,150,141,151,-1,151,141,142,-1,151,142,152,-1,152,142,143,-1,152,143,153,-1,153,143,144,-1,
        ]
    }
}
Shape{
    appearance Appearance {
        material  Material {
            diffuseColor 0.25098039215686274 0.25098039215686274 0.25098039215686274
            specularColor 0.12549019607843137 0.12549019607843137 0.12549019607843137
            ambientIntensity 0.251
            transparency 0.0
            shininess 0.5
        }
    }
    geometry IndexedFaceSet {
        ccw TRUE
        solid FALSE
        coord DEF co Coordinate {
            point [
                1.6855 2.043 2.9657, 1.6693 2.0073 2.9618, 1.6361 2.0073 3.0818, 1.6593 1.9693 2.9595, 1.6264 1.9693 3.0787, 1.656 1.93 2.9587, 1.6231 1.93 3.0777, 1.5817 1.93 3.194, 1.5849 1.9693 3.1953, 1.532 1.93 3.307, 1.5351 1.9693 3.3085, 1.4742 1.93 3.416, 1.4772 1.9693 3.4178, 1.4086 1.93 3.5206, 1.4115 1.9693 3.5226, 1.3357 1.93 3.6202, 1.3384 1.9693 3.6223, 1.2557 1.93 3.7142, 1.2582 1.9693 3.7165, 1.169 1.93 3.8022, 1.1714 1.9693 3.8047, 1.5944 2.0073 3.199, 1.5443 2.0073 3.3129, 1.486 2.0073 3.4229, 1.4199 2.0073 3.5283, 1.3464 2.0073 3.6287, 1.2657 2.0073 3.7234, 1.1784 2.0073 3.8121, 1.652 2.043 3.0868, 1.6099 2.043 3.2052, 1.5593 2.043 3.3202, 1.5004 2.043 3.4312, 1.4337 2.043 3.5376, 1.3594 2.043 3.639, 1.278 2.043 3.7347, 1.1898 2.043 3.8242
            ]
        }
        coordIndex [
            0,1,2,-1,1,3,4,-1,3,5,6,-1,3,6,4,-1,4,6,7,-1,4,7,8,-1,8,7,9,-1,8,9,10,-1,10,9,11,-1,10,11,12,-1,12,11,13,-1,12,13,14,-1,14,13,15,-1,14,15,16,-1,16,15,17,-1,16,17,18,-1,18,17,19,-1,18,19,20,-1,1,4,2,-1,2,4,8,-1,2,8,21,-1,21,8,10,-1,21,10,22,-1,22,10,12,-1,22,12,23,-1,23,12,14,-1,23,14,24,-1,24,14,16,-1,24,16,25,-1,25,16,18,-1,25,18,26,-1,26,18,20,-1,26,20,27,-1,0,2,28,-1,28,2,21,-1,28,21,29,-1,29,21,22,-1,29,22,30,-1,30,22,23,-1,30,23,31,-1,31,23,24,-1,31,24,32,-1,32,24,25,-1,32,25,33,-1,33,25,26,-1,33,26,34,-1,34,26,27,-1,34,27,35,-1,
        ]
    }
}
Shape{
    appearance Appearance {
        material  Material {
            diffuseColor 0.7529411764705882 0.7529411764705882 0.7529411764705882
            specularColor 0.3764705882352941 0.3764705882352941 0.3764705882352941
            ambientIntensity 0.7529
            transparency 0.0
            shininess 0.5
        }
    }
    geometry IndexedFaceSet {
        ccw TRUE
        solid FALSE
        coord DEF co Coordinate {
            point [
                1.169 1.93 3.8022, 1.2557 1.93 3.7142, 1.169 1.64 3.8022, 1.3357 1.64 3.6202, 1.3357 1.93 3.6202, 1.4086 1.93 3.5206, 1.4742 1.64 3.416, 1.4742 1.93 3.416, 1.532 1.93 3.307, 1.5817 1.64 3.194, 1.656 1.93 2.9587, 1.656 1.64 2.9587, 1.6231 1.93 3.0777, 1.5817 1.93 3.194, 1.7786 1.64 2.9878, 1.6988 1.64 3.2405, 1.5833 1.64 3.479, 1.4345 1.64 3.6983, 1.2555 1.64 3.8938, 1.7786 1.93 2.9878, 1.7433 1.93 3.1156, 1.6988 1.93 3.2405, 1.6454 1.93 3.3619, 1.5833 1.93 3.479, 1.5129 1.93 3.5914, 1.2555 1.93 3.8938, 1.3486 1.93 3.7993, 1.4345 1.93 3.6983, 1.2566 1.9474 3.8949, 1.3497 1.9474 3.8003, 1.4357 1.9474 3.6993, 1.5142 1.9474 3.5922, 1.5846 1.9474 3.4798, 1.6468 1.9474 3.3625, 1.7002 1.9474 3.2411, 1.7448 1.9474 3.1161, 1.7801 1.9474 2.9881, 1.2597 1.9642 3.8982, 1.353 1.9642 3.8034, 1.4392 1.9642 3.7021, 1.5179 1.9642 3.5948, 1.5886 1.9642 3.4821, 1.6508 1.9642 3.3645, 1.7044 1.9642 3.2428, 1.7491 1.9642 3.1174, 1.7845 1.9642 2.9892, 1.2647 1.98 3.9035, 1.3584 1.98 3.8084, 1.445 1.98 3.7066, 1.524 1.98 3.5989, 1.5949 1.98 3.4857, 1.6575 1.98 3.3677, 1.7113 1.98 3.2455, 1.7561 1.98 3.1196, 1.7916 1.98 2.9909, 1.8562 2.0949 3.0062, 1.8193 2.0949 3.1396, 1.7729 2.0949 3.27, 1.7172 2.0949 3.3966, 1.6524 2.0949 3.5189, 1.5789 2.0949 3.6362, 1.4971 2.0949 3.7478, 1.4074 2.0949 3.8532, 1.3103 2.0949 3.9517, 1.8724 2.1306 3.01, 1.8352 2.1306 3.1446, 1.8823 2.1687 3.0124, 1.8449 2.1687 3.1477, 1.8856 2.2079 3.0132, 1.8482 2.2079 3.1487, 1.8011 2.2079 3.2812, 1.7979 2.1687 3.2799, 1.7444 2.2079 3.4098, 1.7413 2.1687 3.4083, 1.6786 2.2079 3.534, 1.6756 2.1687 3.5323, 1.6039 2.2079 3.6532, 1.6011 2.1687 3.6512, 1.5208 2.2079 3.7665, 1.5181 2.1687 3.7644, 1.4297 2.2079 3.8736, 1.4272 2.1687 3.8713, 1.331 2.2079 3.9738, 1.3287 2.1687 3.9713, 1.7884 2.1306 3.2761, 1.7322 2.1306 3.4039, 1.6668 2.1306 3.5272, 1.5926 2.1306 3.6455, 1.5101 2.1306 3.7581, 1.4196 2.1306 3.8644, 1.3217 2.1306 3.9639, 1.331 2.8167 3.9738, 1.4297 2.8167 3.8736, 1.5208 2.8167 3.7665, 1.6039 2.8167 3.6532, 1.6786 2.8167 3.534, 1.7444 2.8167 3.4098, 1.8011 2.8167 3.2812, 1.8482 2.8167 3.1487, 1.8856 2.8167 3.0132, 1.3347 2.8751 3.9777, 1.4336 2.8751 3.8772, 1.525 2.8751 3.7699, 1.6084 2.8751 3.6562, 1.6832 2.8751 3.5367, 1.7492 2.8751 3.4122, 1.806 2.8751 3.2831, 1.8533 2.8751 3.1503, 1.8908 2.8751 3.0144, 1.3456 2.9315 3.9892, 1.4454 2.9315 3.888, 1.5375 2.9315 3.7797, 1.6215 2.9315 3.6651, 1.697 2.9315 3.5447, 1.7636 2.9315 3.4191, 1.8208 2.9315 3.289, 1.8685 2.9315 3.1551, 1.9063 2.9315 3.0181, 1.3635 2.984 4.0081, 1.4645 2.984 3.9055, 1.5579 2.984 3.7958, 1.643 2.984 3.6797, 1.7195 2.984 3.5577, 1.7869 2.984 3.4304, 1.8449 2.984 3.2986, 1.8932 2.984 3.1629, 1.9316 2.984 3.0241, 1.3201 3.11 3.9621, 1.2878 3.0454 3.928, 1.3201 2.984 3.9621, 1.264 2.9734 3.9028, 1.2495 2.8963 3.8874, 1.1714 1.9693 3.8047, 1.1784 2.0073 3.8121, 1.1898 2.043 3.8242, 1.2353 2.1579 3.8724, 1.2404 2.1737 3.8778, 1.2435 2.1906 3.881, 1.2445 2.2079 3.8821, 1.2445 2.8167 3.8821, 1.8701 3.11 3.0095, 1.8244 3.0454 2.9987, 1.774 3.0454 3.1728, 1.7907 2.9734 2.9907, 1.7412 2.9734 3.1616, 1.77 2.8963 2.9857, 1.7211 2.8963 3.1547, 1.763 2.8167 2.9841, 1.7144 2.8167 3.1524, 1.682 2.8167 3.2338, 1.6562 2.8963 3.3182, 1.6496 2.8167 3.3152, 1.5695 2.8167 3.471, 1.5757 2.8963 3.4746, 1.4746 2.8167 3.6184, 1.4804 2.8963 3.6225, 1.4203 2.8167 3.6871, 1.3714 2.8963 3.7605, 1.366 2.8167 3.7558, 1.6755 2.9734 3.327, 1.5941 2.9734 3.4852, 1.4977 2.9734 3.6349, 1.3874 2.9734 3.7745, 1.707 3.0454 3.3413, 1.6241 3.0454 3.5026, 1.5259 3.0454 3.655, 1.4135 3.0454 3.7973, 1.8184 3.11 3.1881, 1.7498 3.11 3.3608, 1.6647 3.11 3.526, 1.5641 3.11 3.6823, 1.4489 3.11 3.8281, 1.8701 2.984 3.0095, 1.6593 1.9693 2.9595, 1.6693 2.0073 2.9618, 1.6855 2.043 2.9657, 1.75 2.1579 2.981, 1.7572 2.1737 2.9827, 1.7616 2.1906 2.9837, 1.763 2.2079 2.9841, 1.763 2.2079 2.148, 1.763 2.8167 2.148, 1.728 2.2079 2.0213, 1.7144 2.8167 1.9797, 1.684 2.2079 1.8975, 1.682 2.8167 1.8983, 1.631 2.2079 1.7772, 1.6496 2.8167 1.8169, 1.5695 2.2079 1.661, 1.5695 2.8167 1.661, 1.4997 2.2079 1.5497, 1.4746 2.8167 1.5137, 1.422 2.2079 1.4437, 1.4203 2.8167 1.445, 1.3368 2.2079 1.3436, 1.366 2.8167 1.3763, 1.2445 2.2079 1.2499, 1.2445 2.8167 1.2499, 1.7616 2.1906 2.1483, 1.7266 2.1906 2.0218, 1.6826 2.1906 1.898, 1.6296 2.1906 1.7778, 1.5682 2.1906 1.6618, 1.4984 2.1906 1.5505, 1.4208 2.1906 1.4446, 1.3357 2.1906 1.3446, 1.2435 2.1906 1.2511, 1.7572 2.1737 2.1494, 1.7223 2.1737 2.0231, 1.6784 2.1737 1.8997, 1.6256 2.1737 1.7798, 1.5643 2.1737 1.6641, 1.4947 2.1737 1.5531, 1.4172 2.1737 1.4474, 1.3323 2.1737 1.3477, 1.2404 2.1737 1.2543, 1.75 2.1579 2.1511, 1.7153 2.1579 2.0253, 1.6715 2.1579 1.9024, 1.619 2.1579 1.783, 1.5579 2.1579 1.6677, 1.4886 2.1579 1.5572, 1.4115 2.1579 1.452, 1.3269 2.1579 1.3526, 1.2353 2.1579 1.2597, 1.6855 2.043 2.1664, 1.652 2.043 2.0453, 1.6099 2.043 1.9269, 1.5593 2.043 1.8119, 1.5004 2.043 1.7009, 1.4337 2.043 1.5944, 1.3594 2.043 1.4931, 1.278 2.043 1.3974, 1.1898 2.043 1.3079, 1.1784 2.0073 1.32, 1.2657 2.0073 1.4087, 1.1714 1.9693 1.3274, 1.2582 1.9693 1.4156, 1.169 1.93 1.3299, 1.2557 1.93 1.4179, 1.3357 1.93 1.5119, 1.3384 1.9693 1.5098, 1.4086 1.93 1.6115, 1.4115 1.9693 1.6095, 1.4742 1.93 1.716, 1.4772 1.9693 1.7143, 1.532 1.93 1.8251, 1.5351 1.9693 1.8236, 1.5817 1.93 1.9381, 1.5849 1.9693 1.9368, 1.6231 1.93 2.0544, 1.6264 1.9693 2.0534, 1.656 1.93 2.1734, 1.6593 1.9693 2.1726, 1.3464 2.0073 1.5034, 1.4199 2.0073 1.6038, 1.486 2.0073 1.7092, 1.5443 2.0073 1.8192, 1.5944 2.0073 1.9331, 1.6361 2.0073 2.0503, 1.6693 2.0073 2.1703, 1.656 1.64 2.1734, 1.5817 1.64 1.9381, 1.4742 1.64 1.716, 1.3357 1.64 1.5119, 1.169 1.64 1.3299, 1.2555 1.64 1.2383, 1.4345 1.64 1.4338, 1.5833 1.64 1.653, 1.6988 1.64 1.8916, 1.7786 1.64 2.1443, 1.2555 1.93 1.2383, 1.3486 1.93 1.3328, 1.4345 1.93 1.4338, 1.5129 1.93 1.5407, 1.5833 1.93 1.653, 1.6454 1.93 1.7702, 1.7786 1.93 2.1443, 1.7433 1.93 2.0165, 1.6988 1.93 1.8916, 1.7801 1.9474 2.144, 1.7448 1.9474 2.016, 1.7002 1.9474 1.891, 1.6468 1.9474 1.7695, 1.5846 1.9474 1.6523, 1.5142 1.9474 1.5398, 1.4357 1.9474 1.4328, 1.3497 1.9474 1.3318, 1.2566 1.9474 1.2372, 1.7845 1.9642 2.1429, 1.7491 1.9642 2.0147, 1.7044 1.9642 1.8893, 1.6508 1.9642 1.7676, 1.5886 1.9642 1.65, 1.5179 1.9642 1.5373, 1.4392 1.9642 1.43, 1.353 1.9642 1.3287, 1.2597 1.9642 1.2339, 1.7916 1.98 2.1412, 1.7561 1.98 2.0125, 1.7113 1.98 1.8866, 1.6575 1.98 1.7644, 1.5949 1.98 1.6463, 1.524 1.98 1.5332, 1.445 1.98 1.4254, 1.3584 1.98 1.3237, 1.2647 1.98 1.2286, 1.3103 2.0949 1.1803, 1.4074 2.0949 1.2789, 1.4971 2.0949 1.3843, 1.5789 2.0949 1.4959, 1.6524 2.0949 1.6132, 1.7172 2.0949 1.7355, 1.7729 2.0949 1.8621, 1.8193 2.0949 1.9925, 1.8562 2.0949 2.1259, 1.3217 2.1306 1.1682, 1.4196 2.1306 1.2677, 1.3287 2.1687 1.1608, 1.4272 2.1687 1.2608, 1.331 2.2079 1.1583, 1.4297 2.2079 1.2585, 1.5208 2.2079 1.3655, 1.5181 2.1687 1.3677, 1.6039 2.2079 1.4789, 1.6011 2.1687 1.4809, 1.6786 2.2079 1.598, 1.6756 2.1687 1.5998, 1.7444 2.2079 1.7223, 1.7413 2.1687 1.7238, 1.8011 2.2079 1.8509, 1.7979 2.1687 1.8522, 1.8482 2.2079 1.9834, 1.8449 2.1687 1.9844, 1.8856 2.2079 2.1189, 1.8823 2.1687 2.1197, 1.5101 2.1306 1.374, 1.5926 2.1306 1.4866, 1.6668 2.1306 1.6049, 1.7322 2.1306 1.7282, 1.7884 2.1306 1.856, 1.8352 2.1306 1.9875, 1.8724 2.1306 2.122, 1.8856 2.8167 2.1189, 1.8482 2.8167 1.9834, 1.8011 2.8167 1.8509, 1.7444 2.8167 1.7223, 1.6786 2.8167 1.598, 1.6039 2.8167 1.4789, 1.5208 2.8167 1.3655, 1.4297 2.8167 1.2585, 1.331 2.8167 1.1583, 1.8908 2.8751 2.1177, 1.8533 2.8751 1.9818, 1.806 2.8751 1.849, 1.7492 2.8751 1.7199, 1.6832 2.8751 1.5954, 1.6084 2.8751 1.4759, 1.525 2.8751 1.3622, 1.4336 2.8751 1.2549, 1.3347 2.8751 1.1544, 1.9063 2.9315 2.114, 1.8685 2.9315 1.977, 1.8208 2.9315 1.8431, 1.7636 2.9315 1.713, 1.697 2.9315 1.5874, 1.6215 2.9315 1.467, 1.5375 2.9315 1.3523, 1.4454 2.9315 1.2441, 1.3456 2.9315 1.1429, 1.9316 2.984 2.108, 1.8932 2.984 1.9692, 1.8449 2.984 1.8335, 1.7869 2.984 1.7017, 1.7195 2.984 1.5744, 1.643 2.984 1.4524, 1.5579 2.984 1.3363, 1.4645 2.984 1.2266, 1.3635 2.984 1.124, 1.8701 3.11 2.1226, 1.8244 3.0454 2.1334, 1.8701 2.984 2.1226, 1.7907 2.9734 2.1414, 1.77 2.8963 2.1463, 1.3201 3.11 1.17, 1.2878 3.0454 1.2041, 1.4135 3.0454 1.3348, 1.264 2.9734 1.2293, 1.3874 2.9734 1.3576, 1.2495 2.8963 1.2447, 1.3714 2.8963 1.3716, 1.4804 2.8963 1.5096, 1.5757 2.8963 1.6575, 1.7211 2.8963 1.9774, 1.6562 2.8963 1.8139, 1.4977 2.9734 1.4972, 1.5941 2.9734 1.6468, 1.6755 2.9734 1.8051, 1.7412 2.9734 1.9705, 1.5259 3.0454 1.4771, 1.6241 3.0454 1.6295, 1.707 3.0454 1.7908, 1.774 3.0454 1.9593, 1.4489 3.11 1.304, 1.5641 3.11 1.4498, 1.6647 3.11 1.606, 1.7498 3.11 1.7713, 1.8184 3.11 1.944, 1.3201 2.984 1.17, 0.5205 2.2079 0.8319, 0.5205 2.8167 0.8319, 0.3932 2.2079 0.7988, 0.3504 2.8167 0.7899, 0.264 2.2079 0.7751, 0.2637 2.8167 0.7772, 0.1333 2.2079 0.7608, 0.177 2.8167 0.7645, 0.002 2.2079 0.756, 0.002 2.8167 0.756, -0.1294 2.2079 0.7608, -0.173 2.8167 0.7645, -0.26 2.2079 0.7751, -0.2597 2.8167 0.7772, -0.3893 2.2079 0.7988, -0.3464 2.8167 0.7899, -0.5165 2.2079 0.8319, -0.5165 2.8167 0.8319, 0.52 2.1906 0.8334, 0.3929 2.1906 0.8003, 0.2638 2.1906 0.7766, 0.1332 2.1906 0.7623, 0.002 2.1906 0.7576, -0.1293 2.1906 0.7623, -0.2598 2.1906 0.7766, -0.389 2.1906 0.8003, -0.5161 2.1906 0.8334, 0.5187 2.1737 0.8377, 0.3919 2.1737 0.8047, 0.2631 2.1737 0.7811, 0.1329 2.1737 0.7668, 0.002 2.1737 0.7621, -0.1289 2.1737 0.7668, -0.2592 2.1737 0.7811, -0.388 2.1737 0.8047, -0.5148 2.1737 0.8377, 0.5166 2.1579 0.8447, 0.3904 2.1579 0.8119, 0.262 2.1579 0.7884, 0.1323 2.1579 0.7742, 0.002 2.1579 0.7694, -0.1284 2.1579 0.7742, -0.2581 2.1579 0.7884, -0.3864 2.1579 0.8119, -0.5127 2.1579 0.8447, 0.4976 2.043 0.9083, 0.376 2.043 0.8767, 0.2524 2.043 0.854, 0.1275 2.043 0.8403, 0.002 2.043 0.8358, -0.1236 2.043 0.8403, -0.2485 2.043 0.854, -0.3721 2.043 0.8767, -0.4937 2.043 0.9083, -0.4889 2.0073 0.9242, -0.3685 2.0073 0.8929, -0.486 1.9693 0.934, -0.3663 1.9693 0.9029, -0.485 1.93 0.9373, -0.3655 1.93 0.9062, -0.2441 1.93 0.884, -0.2446 1.9693 0.8806, -0.1214 1.93 0.8705, -0.1216 1.9693 0.8671, 0.002 1.93 0.866, 0.002 1.9693 0.8626, 0.1253 1.93 0.8705, 0.1256 1.9693 0.8671, 0.2481 1.93 0.884, 0.2485 1.9693 0.8806, 0.3695 1.93 0.9062, 0.3702 1.9693 0.9029, 0.4889 1.93 0.9373, 0.4899 1.9693 0.934, -0.2461 2.0073 0.8705, -0.1224 2.0073 0.8569, 0.002 2.0073 0.8524, 0.1263 2.0073 0.8569, 0.25 2.0073 0.8705, 0.3724 2.0073 0.8929, 0.4929 2.0073 0.9242, 0.4889 1.64 0.9373, 0.2481 1.64 0.884, 0.002 1.64 0.866, -0.2441 1.64 0.884, -0.485 1.64 0.9373, -0.5211 1.64 0.8166, -0.2624 1.64 0.7593, 0.002 1.64 0.74, 0.2663 1.64 0.7593, 0.525 1.64 0.8166, -0.5211 1.93 0.8166, -0.3928 1.93 0.7832, -0.2624 1.93 0.7593, -0.1305 1.93 0.7449, 0.002 1.93 0.74, 0.1345 1.93 0.7449, 0.525 1.93 0.8166, 0.3967 1.93 0.7832, 0.2663 1.93 0.7593, 0.5255 1.9474 0.8151, 0.397 1.9474 0.7817, 0.2665 1.9474 0.7578, 0.1346 1.9474 0.7433, 0.002 1.9474 0.7385, -0.1307 1.9474 0.7433, -0.2626 1.9474 0.7578, -0.3931 1.9474 0.7817, -0.5215 1.9474 0.8151, 0.5268 1.9642 0.8108, 0.398 1.9642 0.7773, 0.2672 1.9642 0.7533, 0.1349 1.9642 0.7388, 0.002 1.9642 0.734, -0.131 1.9642 0.7388, -0.2632 1.9642 0.7533, -0.3941 1.9642 0.7773, -0.5228 1.9642 0.8108, 0.5289 1.98 0.8037, 0.3996 1.98 0.7701, 0.2682 1.98 0.746, 0.1355 1.98 0.7315, 0.002 1.98 0.7266, -0.1315 1.98 0.7315, -0.2643 1.98 0.746, -0.3957 1.98 0.7701, -0.5249 1.98 0.8037, -0.5439 2.0949 0.7402, -0.41 2.0949 0.7054, -0.2739 2.0949 0.6804, -0.1363 2.0949 0.6653, 0.002 2.0949 0.6603, 0.1403 2.0949 0.6653, 0.2778 2.0949 0.6804, 0.4139 2.0949 0.7054, 0.5479 2.0949 0.7402, -0.5487 2.1306 0.7242, -0.4136 2.1306 0.6891, -0.5516 2.1687 0.7145, -0.4158 2.1687 0.6792, -0.5526 2.2079 0.7112, -0.4165 2.2079 0.6758, -0.2783 2.2079 0.6504, -0.2778 2.1687 0.6538, -0.1385 2.2079 0.6352, -0.1383 2.1687 0.6386, 0.002 2.2079 0.63, 0.002 2.1687 0.6335, 0.1425 2.2079 0.6352, 0.1422 2.1687 0.6386, 0.2822 2.2079 0.6504, 0.2817 2.1687 0.6538, 0.4205 2.2079 0.6758, 0.4197 2.1687 0.6792, 0.5566 2.2079 0.7112, 0.5556 2.1687 0.7145, -0.2763 2.1306 0.6639, -0.1375 2.1306 0.6487, 0.002 2.1306 0.6437, 0.1415 2.1306 0.6487, 0.2802 2.1306 0.6639, 0.4175 2.1306 0.6891, 0.5526 2.1306 0.7242, 0.5566 2.8167 0.7112, 0.4205 2.8167 0.6758, 0.2822 2.8167 0.6504, 0.1425 2.8167 0.6352, 0.002 2.8167 0.63, -0.1385 2.8167 0.6352, -0.2783 2.8167 0.6504, -0.4165 2.8167 0.6758, -0.5526 2.8167 0.7112, 0.5581 2.8751 0.706, 0.4216 2.8751 0.6706, 0.283 2.8751 0.6451, 0.1429 2.8751 0.6298, 0.002 2.8751 0.6247, -0.1389 2.8751 0.6298, -0.2791 2.8751 0.6451, -0.4177 2.8751 0.6706, -0.5542 2.8751 0.706, 0.5626 2.9315 0.6908, 0.4251 2.9315 0.655, 0.2853 2.9315 0.6294, 0.144 2.9315 0.6139, 0.002 2.9315 0.6088, -0.1401 2.9315 0.6139, -0.2814 2.9315 0.6294, -0.4211 2.9315 0.655, -0.5587 2.9315 0.6908, 0.5701 2.984 0.6659, 0.4307 2.984 0.6297, 0.289 2.984 0.6037, 0.1459 2.984 0.5881, 0.002 2.984 0.5828, -0.1419 2.984 0.5881, -0.2851 2.984 0.6037, -0.4268 2.984 0.6297, -0.5661 2.984 0.6659, 0.552 3.11 0.7265, 0.5385 3.0454 0.7715, 0.552 2.984 0.7265, 0.5286 2.9734 0.8047, 0.5225 2.8963 0.825, -0.548 3.11 0.7265, -0.5346 3.0454 0.7715, -0.3586 3.0454 0.728, -0.5247 2.9734 0.8047, -0.3519 2.9734 0.762, -0.5186 2.8963 0.825, -0.3478 2.8963 0.7829, -0.1737 2.8963 0.7574, 0.002 2.8963 0.7489, 0.3517 2.8963 0.7829, 0.1777 2.8963 0.7574, -0.1758 2.9734 0.7363, 0.002 2.9734 0.7276, 0.1797 2.9734 0.7363, 0.3558 2.9734 0.762, -0.1791 3.0454 0.7018, 0.002 3.0454 0.693, 0.1831 3.0454 0.7018, 0.3625 3.0454 0.728, -0.3676 3.11 0.6819, -0.1837 3.11 0.655, 0.002 3.11 0.646, 0.1876 3.11 0.655, 0.3715 3.11 0.6819, -0.548 2.984 0.7265, -1.3271 2.2079 3.9738, -1.3271 2.8167 3.9738, -1.4258 2.2079 3.8736, -1.4258 2.8167 3.8736, -1.5169 2.2079 3.7665, -1.5169 2.8167 3.7665, -1.6 2.2079 3.6532, -1.6 2.8167 3.6532, -1.6747 2.2079 3.534, -1.6747 2.8167 3.534, -1.7405 2.2079 3.4098, -1.7405 2.8167 3.4098, -1.7971 2.2079 3.2812, -1.7971 2.8167 3.2812, -1.8443 2.2079 3.1487, -1.8443 2.8167 3.1487, -1.8817 2.2079 3.0132, -1.8817 2.8167 3.0132, -1.3063 2.0949 3.9517, -1.3177 2.1306 3.9639, -1.4157 2.1306 3.8644, -1.3247 2.1687 3.9713, -1.4232 2.1687 3.8713, -1.5142 2.1687 3.7644, -1.5971 2.1687 3.6512, -1.6717 2.1687 3.5323, -1.7374 2.1687 3.4083, -1.7939 2.1687 3.2799, -1.841 2.1687 3.1477, -1.8783 2.1687 3.0124, -1.5062 2.1306 3.7581, -1.5887 2.1306 3.6455, -1.6629 2.1306 3.5272, -1.7282 2.1306 3.4039, -1.7845 2.1306 3.2761, -1.8313 2.1306 3.1446, -1.8684 2.1306 3.01, -1.4034 2.0949 3.8532, -1.4931 2.0949 3.7478, -1.5749 2.0949 3.6362, -1.6484 2.0949 3.5189, -1.7132 2.0949 3.3966, -1.769 2.0949 3.27, -1.8154 2.0949 3.1396, -1.8522 2.0949 3.0062, -1.2608 1.98 3.9035, -1.3545 1.98 3.8084, -1.4411 1.98 3.7066, -1.5201 1.98 3.5989, -1.591 1.98 3.4857, -1.6535 1.98 3.3677, -1.7073 1.98 3.2455, -1.7521 1.98 3.1196, -1.7877 1.98 2.9909, -1.7761 1.9474 2.9881, -1.7747 1.93 2.9878, -1.7408 1.9474 3.1161, -1.7394 1.93 3.1156, -1.6963 1.9474 3.2411, -1.6949 1.93 3.2405, -1.6428 1.9474 3.3625, -1.6415 1.93 3.3619, -1.5807 1.9474 3.4798, -1.5794 1.93 3.479, -1.5102 1.9474 3.5922, -1.509 1.93 3.5914, -1.4318 1.9474 3.6993, -1.4306 1.93 3.6983, -1.3458 1.9474 3.8003, -1.3446 1.93 3.7993, -1.2526 1.9474 3.8949, -1.2516 1.93 3.8938, -1.7805 1.9642 2.9892, -1.7451 1.9642 3.1174, -1.7005 1.9642 3.2428, -1.6469 1.9642 3.3645, -1.5846 1.9642 3.4821, -1.514 1.9642 3.5948, -1.4353 1.9642 3.7021, -1.3491 1.9642 3.8034, -1.2557 1.9642 3.8982, -1.2516 1.64 3.8938, -1.4306 1.64 3.6983, -1.5794 1.64 3.479, -1.6949 1.64 3.2405, -1.7747 1.64 2.9878, -1.1651 1.64 3.8022, -1.3317 1.64 3.6202, -1.4703 1.64 3.416, -1.5778 1.64 3.194, -1.6521 1.64 2.9587, -1.6521 1.93 2.9587, -1.6192 1.93 3.0777, -1.5778 1.93 3.194, -1.5281 1.93 3.307, -1.4703 1.93 3.416, -1.4047 1.93 3.5206, -1.1651 1.93 3.8022, -1.2517 1.93 3.7142, -1.3317 1.93 3.6202, -1.1859 2.043 3.8242, -1.1744 2.0073 3.8121, -1.2618 2.0073 3.7234, -1.1674 1.9693 3.8047, -1.2542 1.9693 3.7165, -1.3344 1.9693 3.6223, -1.4076 1.9693 3.5226, -1.4732 1.9693 3.4178, -1.5312 1.9693 3.3085, -1.581 1.9693 3.1953, -1.6225 1.9693 3.0787, -1.6554 1.9693 2.9595, -1.3424 2.0073 3.6287, -1.416 2.0073 3.5283, -1.4821 2.0073 3.4229, -1.5403 2.0073 3.3129, -1.5905 2.0073 3.199, -1.6322 2.0073 3.0818, -1.6653 2.0073 2.9618, -1.274 2.043 3.7347, -1.3555 2.043 3.639, -1.4298 2.043 3.5376, -1.4965 2.043 3.4312, -1.5553 2.043 3.3202, -1.6059 2.043 3.2052, -1.6481 2.043 3.0868, -1.6815 2.043 2.9657, -1.7461 2.1579 2.981, -1.7113 2.1579 3.1068, -1.6676 2.1579 3.2297, -1.615 2.1579 3.3491, -1.5539 2.1579 3.4643, -1.4846 2.1579 3.5749, -1.4075 2.1579 3.6801, -1.323 2.1579 3.7795, -1.2314 2.1579 3.8724, -1.7576 2.1906 2.9837, -1.7591 2.2079 2.9841, -1.7227 2.1906 3.1103, -1.7241 2.2079 3.1108, -1.6786 2.1906 3.2341, -1.68 2.2079 3.2346, -1.6257 2.1906 3.3542, -1.6271 2.2079 3.3549, -1.5642 2.1906 3.4703, -1.5655 2.2079 3.471, -1.4945 2.1906 3.5816, -1.4957 2.2079 3.5824, -1.4168 2.1906 3.6875, -1.418 2.2079 3.6884, -1.3317 2.1906 3.7875, -1.3328 2.2079 3.7885, -1.2396 2.1906 3.881, -1.2406 2.2079 3.8821, -1.7532 2.1737 2.9827, -1.7184 2.1737 3.109, -1.6744 2.1737 3.2324, -1.6217 2.1737 3.3523, -1.5603 2.1737 3.468, -1.4907 2.1737 3.579, -1.4133 2.1737 3.6847, -1.3284 2.1737 3.7844, -1.2365 2.1737 3.8778, -1.2406 2.8167 3.8821, -1.362 2.8167 3.7558, -1.4164 2.8167 3.6871, -1.4707 2.8167 3.6184, -1.5655 2.8167 3.471, -1.6457 2.8167 3.3152, -1.6781 2.8167 3.2338, -1.7104 2.8167 3.1524, -1.7591 2.8167 2.9841, -1.3161 3.11 3.9621, -1.2839 3.0454 3.928, -1.4096 3.0454 3.7973, -1.2601 2.9734 3.9028, -1.3834 2.9734 3.7745, -1.2455 2.8963 3.8874, -1.3674 2.8963 3.7605, -1.4765 2.8963 3.6225, -1.5717 2.8963 3.4746, -1.7172 2.8963 3.1547, -1.6522 2.8963 3.3182, -1.7661 2.8963 2.9857, -1.4938 2.9734 3.6349, -1.5901 2.9734 3.4852, -1.6716 2.9734 3.327, -1.7373 2.9734 3.1616, -1.7867 2.9734 2.9907, -1.522 3.0454 3.655, -1.6201 3.0454 3.5026, -1.7031 3.0454 3.3413, -1.7701 3.0454 3.1728, -1.8204 3.0454 2.9987, -1.4449 3.11 3.8281, -1.5602 3.11 3.6823, -1.6608 3.11 3.526, -1.7458 3.11 3.3608, -1.8145 3.11 3.1881, -1.8661 3.11 3.0095, -1.3161 2.984 3.9621, -1.3308 2.8751 3.9777, -1.3417 2.9315 3.9892, -1.3595 2.984 4.0081, -1.8869 2.8751 3.0144, -1.8494 2.8751 3.1503, -1.8021 2.8751 3.2831, -1.7453 2.8751 3.4122, -1.6793 2.8751 3.5367, -1.6044 2.8751 3.6562, -1.5211 2.8751 3.7699, -1.4297 2.8751 3.8772, -1.9024 2.9315 3.0181, -1.8646 2.9315 3.1551, -1.8169 2.9315 3.289, -1.7596 2.9315 3.4191, -1.6931 2.9315 3.5447, -1.6176 2.9315 3.6651, -1.5336 2.9315 3.7797, -1.4414 2.9315 3.888, -1.9276 2.984 3.0241, -1.8893 2.984 3.1629, -1.841 2.984 3.2986, -1.783 2.984 3.4304, -1.7155 2.984 3.5577, -1.6391 2.984 3.6797, -1.5539 2.984 3.7958, -1.4606 2.984 3.9055, -1.8661 2.984 3.0095, -1.7591 2.8167 2.148, -1.7591 2.2079 2.148, -1.7104 2.8167 1.9797, -1.7241 2.2079 2.0213, -1.6781 2.8167 1.8983, -1.68 2.2079 1.8975, -1.6457 2.8167 1.8169, -1.6271 2.2079 1.7772, -1.5655 2.8167 1.661, -1.5655 2.2079 1.661, -1.4707 2.8167 1.5137, -1.4957 2.2079 1.5497, -1.4164 2.8167 1.445, -1.418 2.2079 1.4437, -1.362 2.8167 1.3763, -1.3328 2.2079 1.3436, -1.2406 2.8167 1.2499, -1.2406 2.2079 1.2499, -1.2396 2.1906 1.2511, -1.3317 2.1906 1.3446, -1.4168 2.1906 1.4446, -1.4945 2.1906 1.5505, -1.5642 2.1906 1.6618, -1.6257 2.1906 1.7778, -1.6786 2.1906 1.898, -1.7227 2.1906 2.0218, -1.7576 2.1906 2.1483, -1.2365 2.1737 1.2543, -1.3284 2.1737 1.3477, -1.4133 2.1737 1.4474, -1.4907 2.1737 1.5531, -1.5603 2.1737 1.6641, -1.6217 2.1737 1.7798, -1.6744 2.1737 1.8997, -1.7184 2.1737 2.0231, -1.7532 2.1737 2.1494, -1.2314 2.1579 1.2597, -1.323 2.1579 1.3526, -1.4075 2.1579 1.452, -1.4846 2.1579 1.5572, -1.5539 2.1579 1.6677, -1.615 2.1579 1.783, -1.6676 2.1579 1.9024, -1.7113 2.1579 2.0253, -1.7461 2.1579 2.1511, -1.1859 2.043 1.3079, -1.274 2.043 1.3974, -1.3555 2.043 1.4931, -1.4298 2.043 1.5944, -1.4965 2.043 1.7009, -1.5553 2.043 1.8119, -1.6059 2.043 1.9269, -1.6481 2.043 2.0453, -1.6815 2.043 2.1664, -1.6653 2.0073 2.1703, -1.6322 2.0073 2.0503, -1.6554 1.9693 2.1726, -1.6225 1.9693 2.0534, -1.6521 1.93 2.1734, -1.6192 1.93 2.0544, -1.5778 1.93 1.9381, -1.581 1.9693 1.9368, -1.5281 1.93 1.8251, -1.5312 1.9693 1.8236, -1.4703 1.93 1.716, -1.4732 1.9693 1.7143, -1.4047 1.93 1.6115, -1.4076 1.9693 1.6095, -1.3317 1.93 1.5119, -1.3344 1.9693 1.5098, -1.2517 1.93 1.4179, -1.2542 1.9693 1.4156, -1.1651 1.93 1.3299, -1.1674 1.9693 1.3274, -1.5905 2.0073 1.9331, -1.5403 2.0073 1.8192, -1.4821 2.0073 1.7092, -1.416 2.0073 1.6038, -1.3424 2.0073 1.5034, -1.2618 2.0073 1.4087, -1.1744 2.0073 1.32, -1.1651 1.64 1.3299, -1.3317 1.64 1.5119, -1.4703 1.64 1.716, -1.5778 1.64 1.9381, -1.6521 1.64 2.1734, -1.7747 1.64 2.1443, -1.6949 1.64 1.8916, -1.5794 1.64 1.653, -1.4306 1.64 1.4338, -1.2516 1.64 1.2383, -1.7747 1.93 2.1443, -1.7394 1.93 2.0165, -1.6949 1.93 1.8916, -1.6415 1.93 1.7702, -1.5794 1.93 1.653, -1.509 1.93 1.5407, -1.2516 1.93 1.2383, -1.3446 1.93 1.3328, -1.4306 1.93 1.4338, -1.2526 1.9474 1.2372, -1.3458 1.9474 1.3318, -1.4318 1.9474 1.4328, -1.5102 1.9474 1.5398, -1.5807 1.9474 1.6523, -1.6428 1.9474 1.7695, -1.6963 1.9474 1.891, -1.7408 1.9474 2.016, -1.7761 1.9474 2.144, -1.2557 1.9642 1.2339, -1.3491 1.9642 1.3287, -1.4353 1.9642 1.43, -1.514 1.9642 1.5373, -1.5846 1.9642 1.65, -1.6469 1.9642 1.7676, -1.7005 1.9642 1.8893, -1.7451 1.9642 2.0147, -1.7805 1.9642 2.1429, -1.2608 1.98 1.2286, -1.3545 1.98 1.3237, -1.4411 1.98 1.4254, -1.5201 1.98 1.5332, -1.591 1.98 1.6463, -1.6535 1.98 1.7644, -1.7073 1.98 1.8866, -1.7521 1.98 2.0125, -1.7877 1.98 2.1412, -1.8522 2.0949 2.1259, -1.8154 2.0949 1.9925, -1.769 2.0949 1.8621, -1.7132 2.0949 1.7355, -1.6484 2.0949 1.6132, -1.5749 2.0949 1.4959, -1.4931 2.0949 1.3843, -1.4034 2.0949 1.2789, -1.3063 2.0949 1.1803, -1.8684 2.1306 2.122, -1.8313 2.1306 1.9875, -1.8783 2.1687 2.1197, -1.841 2.1687 1.9844, -1.8817 2.2079 2.1189, -1.8443 2.2079 1.9834, -1.7971 2.2079 1.8509, -1.7939 2.1687 1.8522, -1.7405 2.2079 1.7223, -1.7374 2.1687 1.7238, -1.6747 2.2079 1.598, -1.6717 2.1687 1.5998, -1.6 2.2079 1.4789, -1.5971 2.1687 1.4809, -1.5169 2.2079 1.3655, -1.5142 2.1687 1.3677, -1.4258 2.2079 1.2585, -1.4232 2.1687 1.2608, -1.3271 2.2079 1.1583, -1.3247 2.1687 1.1608, -1.7845 2.1306 1.856, -1.7282 2.1306 1.7282, -1.6629 2.1306 1.6049, -1.5887 2.1306 1.4866, -1.5062 2.1306 1.374, -1.4157 2.1306 1.2677, -1.3177 2.1306 1.1682, -1.8817 2.8167 2.1189, -1.8443 2.8167 1.9834, -1.7971 2.8167 1.8509, -1.7405 2.8167 1.7223, -1.6747 2.8167 1.598, -1.6 2.8167 1.4789, -1.5169 2.8167 1.3655, -1.4258 2.8167 1.2585, -1.3271 2.8167 1.1583, -1.3308 2.8751 1.1544, -1.4297 2.8751 1.2549, -1.5211 2.8751 1.3622, -1.6044 2.8751 1.4759, -1.6793 2.8751 1.5954, -1.7453 2.8751 1.7199, -1.8021 2.8751 1.849, -1.8494 2.8751 1.9818, -1.8869 2.8751 2.1177, -1.3417 2.9315 1.1429, -1.4414 2.9315 1.2441, -1.5336 2.9315 1.3523, -1.6176 2.9315 1.467, -1.6931 2.9315 1.5874, -1.7596 2.9315 1.713, -1.8169 2.9315 1.8431, -1.8646 2.9315 1.977, -1.9024 2.9315 2.114, -1.3595 2.984 1.124, -1.4606 2.984 1.2266, -1.5539 2.984 1.3363, -1.6391 2.984 1.4524, -1.7155 2.984 1.5744, -1.783 2.984 1.7017, -1.841 2.984 1.8335, -1.8893 2.984 1.9692, -1.9276 2.984 2.108, -1.3161 3.11 1.17, -1.2839 3.0454 1.2041, -1.3161 2.984 1.17, -1.2601 2.9734 1.2293, -1.2455 2.8963 1.2447, -1.8661 3.11 2.1226, -1.8204 3.0454 2.1334, -1.7701 3.0454 1.9593, -1.7867 2.9734 2.1414, -1.7373 2.9734 1.9705, -1.7661 2.8963 2.1463, -1.7172 2.8963 1.9774, -1.6522 2.8963 1.8139, -1.5717 2.8963 1.6575, -1.4765 2.8963 1.5096, -1.3674 2.8963 1.3716, -1.6716 2.9734 1.8051, -1.5901 2.9734 1.6468, -1.4938 2.9734 1.4972, -1.3834 2.9734 1.3576, -1.7031 3.0454 1.7908, -1.6201 3.0454 1.6295, -1.522 3.0454 1.4771, -1.4096 3.0454 1.3348, -1.8145 3.11 1.944, -1.7458 3.11 1.7713, -1.6608 3.11 1.606, -1.5602 3.11 1.4498, -1.4449 3.11 1.304, -1.8661 2.984 2.1226, 0.552 2.984 4.4056, 0.552 3.11 4.4056, 0.83 2.984 4.2983, 0.83 3.11 4.2983, 1.0881 2.984 4.1493, 1.0881 3.11 4.1493, -1.0842 2.984 4.1493, -1.0842 3.11 4.1493, -0.8261 2.984 4.2983, -0.8261 3.11 4.2983, -0.548 2.984 4.4056, -0.548 3.11 4.4056, 1.9162 2.984 2.7151, 1.9162 3.11 2.7151, 1.9162 2.984 2.417, 1.9162 3.11 2.417, 1.0881 2.984 0.9828, 1.0881 3.11 0.9828, 0.83 2.984 0.8338, 0.83 3.11 0.8338, -0.8261 2.984 0.8338, -0.8261 3.11 0.8338, -1.0842 2.984 0.9828, -1.0842 3.11 0.9828, -1.9122 2.984 2.417, -1.9122 3.11 2.417, -1.9122 2.984 2.7151, -1.9122 3.11 2.7151, -2.6359 3.11 0.152, -2.6359 3.11 5.0239, 2.6399 3.11 0.152, -0.3676 3.11 4.4501, 2.6399 3.11 5.0239, 0.3715 3.11 4.4501, 0.1876 3.11 4.4771, 0.002 3.11 4.486, -0.1837 3.11 4.4771, -0.0363 -1.2706 5.016, -0.0363 -1.2706 5.142, -0.5947 -1.936 5.016, -0.598 -1.94 5.142, -0.598 -1.94 5.016
            ]
        }
        coordIndex [
            0,1,2,-1,2,1,3,-1,1,4,3,-1,3,4,5,-1,3,5,6,-1,5,7,6,-1,6,7,8,-1,6,8,9,-1,10,11,12,-1,12,11,9,-1,12,9,13,-1,13,9,8,-1,11,14,9,-1,9,14,15,-1,9,15,6,-1,6,15,16,-1,6,16,3,-1,3,16,17,-1,3,17,2,-1,2,17,18,-1,14,19,20,-1,14,20,15,-1,20,21,15,-1,15,21,22,-1,15,22,16,-1,22,23,16,-1,16,23,24,-1,16,24,17,-1,25,18,26,-1,26,18,17,-1,26,17,27,-1,27,17,24,-1,28,25,29,-1,29,25,26,-1,29,26,30,-1,30,26,27,-1,30,27,31,-1,31,27,24,-1,31,24,32,-1,32,24,23,-1,32,23,33,-1,33,23,22,-1,33,22,34,-1,34,22,21,-1,34,21,35,-1,35,21,20,-1,35,20,36,-1,36,20,19,-1,37,28,38,-1,38,28,29,-1,38,29,39,-1,39,29,30,-1,39,30,40,-1,40,30,31,-1,40,31,41,-1,41,31,32,-1,41,32,42,-1,42,32,33,-1,42,33,43,-1,43,33,34,-1,43,34,44,-1,44,34,35,-1,44,35,45,-1,45,35,36,-1,46,37,47,-1,47,37,38,-1,47,38,48,-1,48,38,39,-1,48,39,49,-1,49,39,40,-1,49,40,50,-1,50,40,41,-1,50,41,51,-1,51,41,42,-1,51,42,52,-1,52,42,43,-1,52,43,53,-1,53,43,44,-1,53,44,54,-1,54,44,45,-1,54,55,53,-1,53,55,56,-1,53,56,52,-1,52,56,57,-1,52,57,51,-1,51,57,58,-1,51,58,50,-1,50,58,59,-1,50,59,49,-1,49,59,60,-1,49,60,48,-1,48,60,61,-1,48,61,47,-1,47,61,62,-1,47,62,46,-1,46,62,63,-1,55,64,65,-1,64,66,67,-1,66,68,69,-1,66,69,67,-1,67,69,70,-1,67,70,71,-1,71,70,72,-1,71,72,73,-1,73,72,74,-1,73,74,75,-1,75,74,76,-1,75,76,77,-1,77,76,78,-1,77,78,79,-1,79,78,80,-1,79,80,81,-1,81,80,82,-1,81,82,83,-1,64,67,65,-1,65,67,71,-1,65,71,84,-1,84,71,73,-1,84,73,85,-1,85,73,75,-1,85,75,86,-1,86,75,77,-1,86,77,87,-1,87,77,79,-1,87,79,88,-1,88,79,81,-1,88,81,89,-1,89,81,83,-1,89,83,90,-1,55,65,56,-1,56,65,84,-1,56,84,57,-1,57,84,85,-1,57,85,58,-1,58,85,86,-1,58,86,59,-1,59,86,87,-1,59,87,60,-1,60,87,88,-1,60,88,61,-1,61,88,89,-1,61,89,62,-1,62,89,90,-1,62,90,63,-1,91,82,92,-1,92,82,80,-1,92,80,93,-1,93,80,78,-1,93,78,94,-1,94,78,76,-1,94,76,95,-1,95,76,74,-1,95,74,96,-1,96,74,72,-1,96,72,97,-1,97,72,70,-1,97,70,98,-1,98,70,69,-1,98,69,99,-1,99,69,68,-1,100,91,101,-1,101,91,92,-1,101,92,102,-1,102,92,93,-1,102,93,103,-1,103,93,94,-1,103,94,104,-1,104,94,95,-1,104,95,105,-1,105,95,96,-1,105,96,106,-1,106,96,97,-1,106,97,107,-1,107,97,98,-1,107,98,108,-1,108,98,99,-1,109,100,110,-1,110,100,101,-1,110,101,111,-1,111,101,102,-1,111,102,112,-1,112,102,103,-1,112,103,113,-1,113,103,104,-1,113,104,114,-1,114,104,105,-1,114,105,115,-1,115,105,106,-1,115,106,116,-1,116,106,107,-1,116,107,117,-1,117,107,108,-1,118,109,119,-1,119,109,110,-1,119,110,120,-1,120,110,111,-1,120,111,121,-1,121,111,112,-1,121,112,122,-1,122,112,113,-1,122,113,123,-1,123,113,114,-1,123,114,124,-1,124,114,115,-1,124,115,125,-1,125,115,116,-1,125,116,126,-1,126,116,117,-1,127,128,129,-1,129,128,130,-1,129,130,131,-1,2,18,0,-1,0,18,25,-1,0,25,132,-1,132,25,28,-1,132,28,133,-1,133,28,37,-1,133,37,134,-1,134,37,46,-1,134,46,135,-1,135,46,63,-1,135,63,136,-1,136,63,90,-1,136,90,137,-1,137,90,83,-1,137,83,138,-1,138,83,82,-1,138,82,139,-1,139,82,91,-1,139,91,131,-1,131,91,100,-1,131,100,129,-1,129,100,109,-1,129,109,118,-1,140,141,142,-1,141,143,144,-1,143,145,146,-1,145,147,148,-1,145,148,146,-1,146,148,149,-1,146,149,150,-1,149,151,150,-1,150,151,152,-1,150,152,153,-1,153,152,154,-1,153,154,155,-1,155,154,156,-1,155,156,157,-1,156,158,157,-1,157,158,139,-1,157,139,131,-1,143,146,144,-1,144,146,150,-1,144,150,159,-1,159,150,153,-1,159,153,160,-1,160,153,155,-1,160,155,161,-1,161,155,157,-1,161,157,162,-1,162,157,131,-1,162,131,130,-1,141,144,142,-1,142,144,159,-1,142,159,163,-1,163,159,160,-1,163,160,164,-1,164,160,161,-1,164,161,165,-1,165,161,162,-1,165,162,166,-1,166,162,130,-1,166,130,128,-1,140,142,167,-1,167,142,163,-1,167,163,168,-1,168,163,164,-1,168,164,169,-1,169,164,165,-1,169,165,170,-1,170,165,166,-1,170,166,171,-1,171,166,128,-1,171,128,127,-1,145,143,172,-1,172,143,141,-1,172,141,140,-1,14,11,19,-1,19,11,10,-1,19,10,36,-1,36,10,173,-1,36,173,45,-1,45,173,174,-1,45,174,54,-1,54,174,175,-1,54,175,55,-1,55,175,176,-1,55,176,64,-1,64,176,177,-1,64,177,66,-1,66,177,178,-1,66,178,68,-1,68,178,179,-1,68,179,99,-1,99,179,147,-1,99,147,108,-1,108,147,145,-1,108,145,117,-1,117,145,172,-1,117,172,126,-1,180,181,182,-1,182,181,183,-1,182,183,184,-1,184,183,185,-1,184,185,186,-1,186,185,187,-1,186,187,188,-1,188,187,189,-1,188,189,190,-1,190,189,191,-1,190,191,192,-1,192,191,193,-1,192,193,194,-1,194,193,195,-1,194,195,196,-1,196,195,197,-1,198,180,199,-1,199,180,182,-1,199,182,200,-1,200,182,184,-1,200,184,201,-1,201,184,186,-1,201,186,202,-1,202,186,188,-1,202,188,203,-1,203,188,190,-1,203,190,204,-1,204,190,192,-1,204,192,205,-1,205,192,194,-1,205,194,206,-1,206,194,196,-1,207,198,208,-1,208,198,199,-1,208,199,209,-1,209,199,200,-1,209,200,210,-1,210,200,201,-1,210,201,211,-1,211,201,202,-1,211,202,212,-1,212,202,203,-1,212,203,213,-1,213,203,204,-1,213,204,214,-1,214,204,205,-1,214,205,215,-1,215,205,206,-1,216,207,217,-1,217,207,208,-1,217,208,218,-1,218,208,209,-1,218,209,219,-1,219,209,210,-1,219,210,220,-1,220,210,211,-1,220,211,221,-1,221,211,212,-1,221,212,222,-1,222,212,213,-1,222,213,223,-1,223,213,214,-1,223,214,224,-1,224,214,215,-1,225,216,226,-1,226,216,217,-1,226,217,227,-1,227,217,218,-1,227,218,228,-1,228,218,219,-1,228,219,229,-1,229,219,220,-1,229,220,230,-1,230,220,221,-1,230,221,231,-1,231,221,222,-1,231,222,232,-1,232,222,223,-1,232,223,233,-1,233,223,224,-1,233,234,235,-1,234,236,237,-1,236,238,239,-1,236,239,237,-1,237,239,240,-1,237,240,241,-1,241,240,242,-1,241,242,243,-1,243,242,244,-1,243,244,245,-1,245,244,246,-1,245,246,247,-1,247,246,248,-1,247,248,249,-1,249,248,250,-1,249,250,251,-1,251,250,252,-1,251,252,253,-1,234,237,235,-1,235,237,241,-1,235,241,254,-1,254,241,243,-1,254,243,255,-1,255,243,245,-1,255,245,256,-1,256,245,247,-1,256,247,257,-1,257,247,249,-1,257,249,258,-1,258,249,251,-1,258,251,259,-1,259,251,253,-1,259,253,260,-1,233,235,232,-1,232,235,254,-1,232,254,231,-1,231,254,255,-1,231,255,230,-1,230,255,256,-1,230,256,229,-1,229,256,257,-1,229,257,228,-1,228,257,258,-1,228,258,227,-1,227,258,259,-1,227,259,226,-1,226,259,260,-1,226,260,225,-1,252,250,261,-1,261,250,262,-1,250,248,262,-1,262,248,246,-1,262,246,263,-1,246,244,263,-1,263,244,242,-1,263,242,264,-1,238,265,239,-1,239,265,264,-1,239,264,240,-1,240,264,242,-1,265,266,264,-1,264,266,267,-1,264,267,263,-1,263,267,268,-1,263,268,262,-1,262,268,269,-1,262,269,261,-1,261,269,270,-1,271,272,266,-1,266,272,267,-1,272,273,267,-1,267,273,274,-1,267,274,268,-1,274,275,268,-1,268,275,276,-1,268,276,269,-1,277,270,278,-1,278,270,269,-1,278,269,279,-1,279,269,276,-1,280,277,281,-1,281,277,278,-1,281,278,282,-1,282,278,279,-1,282,279,283,-1,283,279,276,-1,283,276,284,-1,284,276,275,-1,284,275,285,-1,285,275,274,-1,285,274,286,-1,286,274,273,-1,286,273,287,-1,287,273,272,-1,287,272,288,-1,288,272,271,-1,289,280,290,-1,290,280,281,-1,290,281,291,-1,291,281,282,-1,291,282,292,-1,292,282,283,-1,292,283,293,-1,293,283,284,-1,293,284,294,-1,294,284,285,-1,294,285,295,-1,295,285,286,-1,295,286,296,-1,296,286,287,-1,296,287,297,-1,297,287,288,-1,298,289,299,-1,299,289,290,-1,299,290,300,-1,300,290,291,-1,300,291,301,-1,301,291,292,-1,301,292,302,-1,302,292,293,-1,302,293,303,-1,303,293,294,-1,303,294,304,-1,304,294,295,-1,304,295,305,-1,305,295,296,-1,305,296,306,-1,306,296,297,-1,306,307,305,-1,305,307,308,-1,305,308,304,-1,304,308,309,-1,304,309,303,-1,303,309,310,-1,303,310,302,-1,302,310,311,-1,302,311,301,-1,301,311,312,-1,301,312,300,-1,300,312,313,-1,300,313,299,-1,299,313,314,-1,299,314,298,-1,298,314,315,-1,307,316,317,-1,316,318,319,-1,318,320,321,-1,318,321,319,-1,319,321,322,-1,319,322,323,-1,323,322,324,-1,323,324,325,-1,325,324,326,-1,325,326,327,-1,327,326,328,-1,327,328,329,-1,329,328,330,-1,329,330,331,-1,331,330,332,-1,331,332,333,-1,333,332,334,-1,333,334,335,-1,316,319,317,-1,317,319,323,-1,317,323,336,-1,336,323,325,-1,336,325,337,-1,337,325,327,-1,337,327,338,-1,338,327,329,-1,338,329,339,-1,339,329,331,-1,339,331,340,-1,340,331,333,-1,340,333,341,-1,341,333,335,-1,341,335,342,-1,307,317,308,-1,308,317,336,-1,308,336,309,-1,309,336,337,-1,309,337,310,-1,310,337,338,-1,310,338,311,-1,311,338,339,-1,311,339,312,-1,312,339,340,-1,312,340,313,-1,313,340,341,-1,313,341,314,-1,314,341,342,-1,314,342,315,-1,343,334,344,-1,344,334,332,-1,344,332,345,-1,345,332,330,-1,345,330,346,-1,346,330,328,-1,346,328,347,-1,347,328,326,-1,347,326,348,-1,348,326,324,-1,348,324,349,-1,349,324,322,-1,349,322,350,-1,350,322,321,-1,350,321,351,-1,351,321,320,-1,352,343,353,-1,353,343,344,-1,353,344,354,-1,354,344,345,-1,354,345,355,-1,355,345,346,-1,355,346,356,-1,356,346,347,-1,356,347,357,-1,357,347,348,-1,357,348,358,-1,358,348,349,-1,358,349,359,-1,359,349,350,-1,359,350,360,-1,360,350,351,-1,361,352,362,-1,362,352,353,-1,362,353,363,-1,363,353,354,-1,363,354,364,-1,364,354,355,-1,364,355,365,-1,365,355,356,-1,365,356,366,-1,366,356,357,-1,366,357,367,-1,367,357,358,-1,367,358,368,-1,368,358,359,-1,368,359,369,-1,369,359,360,-1,370,361,371,-1,371,361,362,-1,371,362,372,-1,372,362,363,-1,372,363,373,-1,373,363,364,-1,373,364,374,-1,374,364,365,-1,374,365,375,-1,375,365,366,-1,375,366,376,-1,376,366,367,-1,376,367,377,-1,377,367,368,-1,377,368,378,-1,378,368,369,-1,379,380,381,-1,381,380,382,-1,381,382,383,-1,261,270,252,-1,252,270,277,-1,252,277,253,-1,253,277,280,-1,253,280,260,-1,260,280,289,-1,260,289,225,-1,225,289,298,-1,225,298,216,-1,216,298,315,-1,216,315,207,-1,207,315,342,-1,207,342,198,-1,198,342,335,-1,198,335,180,-1,180,335,334,-1,180,334,181,-1,181,334,343,-1,181,343,383,-1,383,343,352,-1,383,352,381,-1,381,352,361,-1,381,361,370,-1,384,385,386,-1,385,387,388,-1,389,197,195,-1,387,389,390,-1,390,389,195,-1,390,195,391,-1,391,195,193,-1,187,392,189,-1,189,392,391,-1,189,391,191,-1,191,391,193,-1,185,393,187,-1,187,393,394,-1,187,394,392,-1,185,183,393,-1,393,183,181,-1,393,181,383,-1,387,390,388,-1,388,390,391,-1,388,391,395,-1,395,391,392,-1,395,392,396,-1,396,392,394,-1,396,394,397,-1,397,394,393,-1,397,393,398,-1,398,393,383,-1,398,383,382,-1,385,388,386,-1,386,388,395,-1,386,395,399,-1,399,395,396,-1,399,396,400,-1,400,396,397,-1,400,397,401,-1,401,397,398,-1,401,398,402,-1,402,398,382,-1,402,382,380,-1,384,386,403,-1,403,386,399,-1,403,399,404,-1,404,399,400,-1,404,400,405,-1,405,400,401,-1,405,401,406,-1,406,401,402,-1,406,402,407,-1,407,402,380,-1,407,380,379,-1,389,387,408,-1,408,387,385,-1,408,385,384,-1,266,265,271,-1,271,265,238,-1,271,238,288,-1,288,238,236,-1,288,236,297,-1,297,236,234,-1,297,234,306,-1,306,234,233,-1,306,233,307,-1,307,233,224,-1,307,224,316,-1,316,224,215,-1,316,215,318,-1,318,215,206,-1,318,206,320,-1,320,206,196,-1,320,196,351,-1,351,196,197,-1,351,197,360,-1,360,197,389,-1,360,389,369,-1,369,389,408,-1,369,408,378,-1,409,410,411,-1,411,410,412,-1,411,412,413,-1,413,412,414,-1,413,414,415,-1,415,414,416,-1,415,416,417,-1,417,416,418,-1,417,418,419,-1,419,418,420,-1,419,420,421,-1,421,420,422,-1,421,422,423,-1,423,422,424,-1,423,424,425,-1,425,424,426,-1,427,409,428,-1,428,409,411,-1,428,411,429,-1,429,411,413,-1,429,413,430,-1,430,413,415,-1,430,415,431,-1,431,415,417,-1,431,417,432,-1,432,417,419,-1,432,419,433,-1,433,419,421,-1,433,421,434,-1,434,421,423,-1,434,423,435,-1,435,423,425,-1,436,427,437,-1,437,427,428,-1,437,428,438,-1,438,428,429,-1,438,429,439,-1,439,429,430,-1,439,430,440,-1,440,430,431,-1,440,431,441,-1,441,431,432,-1,441,432,442,-1,442,432,433,-1,442,433,443,-1,443,433,434,-1,443,434,444,-1,444,434,435,-1,445,436,446,-1,446,436,437,-1,446,437,447,-1,447,437,438,-1,447,438,448,-1,448,438,439,-1,448,439,449,-1,449,439,440,-1,449,440,450,-1,450,440,441,-1,450,441,451,-1,451,441,442,-1,451,442,452,-1,452,442,443,-1,452,443,453,-1,453,443,444,-1,454,445,455,-1,455,445,446,-1,455,446,456,-1,456,446,447,-1,456,447,457,-1,457,447,448,-1,457,448,458,-1,458,448,449,-1,458,449,459,-1,459,449,450,-1,459,450,460,-1,460,450,451,-1,460,451,461,-1,461,451,452,-1,461,452,462,-1,462,452,453,-1,462,463,464,-1,463,465,466,-1,465,467,468,-1,465,468,466,-1,466,468,469,-1,466,469,470,-1,470,469,471,-1,470,471,472,-1,472,471,473,-1,472,473,474,-1,474,473,475,-1,474,475,476,-1,476,475,477,-1,476,477,478,-1,478,477,479,-1,478,479,480,-1,480,479,481,-1,480,481,482,-1,463,466,464,-1,464,466,470,-1,464,470,483,-1,483,470,472,-1,483,472,484,-1,484,472,474,-1,484,474,485,-1,485,474,476,-1,485,476,486,-1,486,476,478,-1,486,478,487,-1,487,478,480,-1,487,480,488,-1,488,480,482,-1,488,482,489,-1,462,464,461,-1,461,464,483,-1,461,483,460,-1,460,483,484,-1,460,484,459,-1,459,484,485,-1,459,485,458,-1,458,485,486,-1,458,486,457,-1,457,486,487,-1,457,487,456,-1,456,487,488,-1,456,488,455,-1,455,488,489,-1,455,489,454,-1,490,481,479,-1,490,479,491,-1,479,477,491,-1,491,477,475,-1,491,475,492,-1,475,473,492,-1,492,473,471,-1,492,471,493,-1,467,494,468,-1,468,494,493,-1,468,493,469,-1,469,493,471,-1,494,495,493,-1,493,495,496,-1,493,496,492,-1,492,496,497,-1,492,497,491,-1,491,497,498,-1,491,498,490,-1,490,498,499,-1,495,500,501,-1,495,501,496,-1,501,502,496,-1,496,502,503,-1,496,503,497,-1,503,504,497,-1,497,504,505,-1,497,505,498,-1,506,499,507,-1,507,499,498,-1,507,498,508,-1,508,498,505,-1,509,506,510,-1,510,506,507,-1,510,507,511,-1,511,507,508,-1,511,508,512,-1,512,508,505,-1,512,505,513,-1,513,505,504,-1,513,504,514,-1,514,504,503,-1,514,503,515,-1,515,503,502,-1,515,502,516,-1,516,502,501,-1,516,501,517,-1,517,501,500,-1,518,509,519,-1,519,509,510,-1,519,510,520,-1,520,510,511,-1,520,511,521,-1,521,511,512,-1,521,512,522,-1,522,512,513,-1,522,513,523,-1,523,513,514,-1,523,514,524,-1,524,514,515,-1,524,515,525,-1,525,515,516,-1,525,516,526,-1,526,516,517,-1,527,518,528,-1,528,518,519,-1,528,519,529,-1,529,519,520,-1,529,520,530,-1,530,520,521,-1,530,521,531,-1,531,521,522,-1,531,522,532,-1,532,522,523,-1,532,523,533,-1,533,523,524,-1,533,524,534,-1,534,524,525,-1,534,525,535,-1,535,525,526,-1,535,536,534,-1,534,536,537,-1,534,537,533,-1,533,537,538,-1,533,538,532,-1,532,538,539,-1,532,539,531,-1,531,539,540,-1,531,540,530,-1,530,540,541,-1,530,541,529,-1,529,541,542,-1,529,542,528,-1,528,542,543,-1,528,543,527,-1,527,543,544,-1,536,545,546,-1,545,547,548,-1,547,549,550,-1,547,550,548,-1,548,550,551,-1,548,551,552,-1,552,551,553,-1,552,553,554,-1,554,553,555,-1,554,555,556,-1,556,555,557,-1,556,557,558,-1,558,557,559,-1,558,559,560,-1,560,559,561,-1,560,561,562,-1,562,561,563,-1,562,563,564,-1,545,548,546,-1,546,548,552,-1,546,552,565,-1,565,552,554,-1,565,554,566,-1,566,554,556,-1,566,556,567,-1,567,556,558,-1,567,558,568,-1,568,558,560,-1,568,560,569,-1,569,560,562,-1,569,562,570,-1,570,562,564,-1,570,564,571,-1,536,546,537,-1,537,546,565,-1,537,565,538,-1,538,565,566,-1,538,566,539,-1,539,566,567,-1,539,567,540,-1,540,567,568,-1,540,568,541,-1,541,568,569,-1,541,569,542,-1,542,569,570,-1,542,570,543,-1,543,570,571,-1,543,571,544,-1,572,563,573,-1,573,563,561,-1,573,561,574,-1,574,561,559,-1,574,559,575,-1,575,559,557,-1,575,557,576,-1,576,557,555,-1,576,555,577,-1,577,555,553,-1,577,553,578,-1,578,553,551,-1,578,551,579,-1,579,551,550,-1,579,550,580,-1,580,550,549,-1,581,572,582,-1,582,572,573,-1,582,573,583,-1,583,573,574,-1,583,574,584,-1,584,574,575,-1,584,575,585,-1,585,575,576,-1,585,576,586,-1,586,576,577,-1,586,577,587,-1,587,577,578,-1,587,578,588,-1,588,578,579,-1,588,579,589,-1,589,579,580,-1,590,581,591,-1,591,581,582,-1,591,582,592,-1,592,582,583,-1,592,583,593,-1,593,583,584,-1,593,584,594,-1,594,584,585,-1,594,585,595,-1,595,585,586,-1,595,586,596,-1,596,586,587,-1,596,587,597,-1,597,587,588,-1,597,588,598,-1,598,588,589,-1,599,590,600,-1,600,590,591,-1,600,591,601,-1,601,591,592,-1,601,592,602,-1,602,592,593,-1,602,593,603,-1,603,593,594,-1,603,594,604,-1,604,594,595,-1,604,595,605,-1,605,595,596,-1,605,596,606,-1,606,596,597,-1,606,597,607,-1,607,597,598,-1,608,609,610,-1,610,609,611,-1,610,611,612,-1,490,499,481,-1,481,499,506,-1,481,506,482,-1,482,506,509,-1,482,509,489,-1,489,509,518,-1,489,518,454,-1,454,518,527,-1,454,527,445,-1,445,527,544,-1,445,544,436,-1,436,544,571,-1,436,571,427,-1,427,571,564,-1,427,564,409,-1,409,564,563,-1,409,563,410,-1,410,563,572,-1,410,572,612,-1,612,572,581,-1,612,581,610,-1,610,581,590,-1,610,590,599,-1,613,614,615,-1,614,616,617,-1,616,618,619,-1,618,426,424,-1,618,424,619,-1,619,424,422,-1,619,422,620,-1,416,621,418,-1,418,621,620,-1,418,620,420,-1,420,620,422,-1,414,622,416,-1,416,622,623,-1,416,623,621,-1,414,412,622,-1,622,412,410,-1,622,410,612,-1,616,619,617,-1,617,619,620,-1,617,620,624,-1,624,620,621,-1,624,621,625,-1,625,621,623,-1,625,623,626,-1,626,623,622,-1,626,622,627,-1,627,622,612,-1,627,612,611,-1,614,617,615,-1,615,617,624,-1,615,624,628,-1,628,624,625,-1,628,625,629,-1,629,625,626,-1,629,626,630,-1,630,626,627,-1,630,627,631,-1,631,627,611,-1,631,611,609,-1,613,615,632,-1,632,615,628,-1,632,628,633,-1,633,628,629,-1,633,629,634,-1,634,629,630,-1,634,630,635,-1,635,630,631,-1,635,631,636,-1,636,631,609,-1,636,609,608,-1,618,616,637,-1,637,616,614,-1,637,614,613,-1,495,494,500,-1,500,494,467,-1,500,467,517,-1,517,467,465,-1,517,465,526,-1,526,465,463,-1,526,463,535,-1,535,463,462,-1,535,462,536,-1,536,462,453,-1,536,453,545,-1,545,453,444,-1,545,444,547,-1,547,444,435,-1,547,435,549,-1,549,435,425,-1,549,425,580,-1,580,425,426,-1,580,426,589,-1,589,426,618,-1,589,618,598,-1,598,618,637,-1,598,637,607,-1,638,639,640,-1,640,639,641,-1,640,641,642,-1,642,641,643,-1,642,643,644,-1,644,643,645,-1,644,645,646,-1,646,645,647,-1,646,647,648,-1,648,647,649,-1,648,649,650,-1,650,649,651,-1,650,651,652,-1,652,651,653,-1,652,653,654,-1,654,653,655,-1,656,657,658,-1,657,659,660,-1,659,638,640,-1,659,640,660,-1,660,640,642,-1,660,642,661,-1,661,642,644,-1,661,644,662,-1,662,644,646,-1,662,646,663,-1,663,646,648,-1,663,648,664,-1,664,648,650,-1,664,650,665,-1,665,650,652,-1,665,652,666,-1,666,652,654,-1,666,654,667,-1,657,660,658,-1,658,660,661,-1,658,661,668,-1,668,661,662,-1,668,662,669,-1,669,662,663,-1,669,663,670,-1,670,663,664,-1,670,664,671,-1,671,664,665,-1,671,665,672,-1,672,665,666,-1,672,666,673,-1,673,666,667,-1,673,667,674,-1,656,658,675,-1,675,658,668,-1,675,668,676,-1,676,668,669,-1,676,669,677,-1,677,669,670,-1,677,670,678,-1,678,670,671,-1,678,671,679,-1,679,671,672,-1,679,672,680,-1,680,672,673,-1,680,673,681,-1,681,673,674,-1,681,674,682,-1,683,656,684,-1,684,656,675,-1,684,675,685,-1,685,675,676,-1,685,676,686,-1,686,676,677,-1,686,677,687,-1,687,677,678,-1,687,678,688,-1,688,678,679,-1,688,679,689,-1,689,679,680,-1,689,680,690,-1,690,680,681,-1,690,681,691,-1,691,681,682,-1,692,693,694,-1,694,693,695,-1,694,695,696,-1,696,695,697,-1,696,697,698,-1,698,697,699,-1,698,699,700,-1,700,699,701,-1,700,701,702,-1,702,701,703,-1,702,703,704,-1,704,703,705,-1,704,705,706,-1,706,705,707,-1,706,707,708,-1,708,707,709,-1,710,692,711,-1,711,692,694,-1,711,694,712,-1,712,694,696,-1,712,696,713,-1,713,696,698,-1,713,698,714,-1,714,698,700,-1,714,700,715,-1,715,700,702,-1,715,702,716,-1,716,702,704,-1,716,704,717,-1,717,704,706,-1,717,706,718,-1,718,706,708,-1,691,710,690,-1,690,710,711,-1,690,711,689,-1,689,711,712,-1,689,712,688,-1,688,712,713,-1,688,713,687,-1,687,713,714,-1,687,714,686,-1,686,714,715,-1,686,715,685,-1,685,715,716,-1,685,716,684,-1,684,716,717,-1,684,717,683,-1,683,717,718,-1,709,707,719,-1,719,707,720,-1,707,705,720,-1,720,705,703,-1,720,703,721,-1,703,701,721,-1,721,701,699,-1,721,699,722,-1,693,723,695,-1,695,723,722,-1,695,722,697,-1,697,722,699,-1,724,719,725,-1,725,719,720,-1,725,720,726,-1,726,720,721,-1,726,721,727,-1,727,721,722,-1,727,722,728,-1,728,722,723,-1,729,730,728,-1,728,730,727,-1,730,731,727,-1,727,731,732,-1,727,732,726,-1,732,733,726,-1,726,733,734,-1,726,734,725,-1,735,724,736,-1,736,724,725,-1,736,725,737,-1,737,725,734,-1,738,739,740,-1,739,741,742,-1,741,735,736,-1,741,736,742,-1,742,736,737,-1,742,737,743,-1,743,737,734,-1,743,734,744,-1,744,734,733,-1,744,733,745,-1,745,733,732,-1,745,732,746,-1,746,732,731,-1,746,731,747,-1,747,731,730,-1,747,730,748,-1,748,730,729,-1,748,729,749,-1,739,742,740,-1,740,742,743,-1,740,743,750,-1,750,743,744,-1,750,744,751,-1,751,744,745,-1,751,745,752,-1,752,745,746,-1,752,746,753,-1,753,746,747,-1,753,747,754,-1,754,747,748,-1,754,748,755,-1,755,748,749,-1,755,749,756,-1,738,740,757,-1,757,740,750,-1,757,750,758,-1,758,750,751,-1,758,751,759,-1,759,751,752,-1,759,752,760,-1,760,752,753,-1,760,753,761,-1,761,753,754,-1,761,754,762,-1,762,754,755,-1,762,755,763,-1,763,755,756,-1,763,756,764,-1,764,765,763,-1,763,765,766,-1,763,766,762,-1,762,766,767,-1,762,767,761,-1,761,767,768,-1,761,768,760,-1,760,768,769,-1,760,769,759,-1,759,769,770,-1,759,770,758,-1,758,770,771,-1,758,771,757,-1,757,771,772,-1,757,772,738,-1,738,772,773,-1,774,775,776,-1,776,775,777,-1,776,777,778,-1,778,777,779,-1,778,779,780,-1,780,779,781,-1,780,781,782,-1,782,781,783,-1,782,783,784,-1,784,783,785,-1,784,785,786,-1,786,785,787,-1,786,787,788,-1,788,787,789,-1,788,789,790,-1,790,789,791,-1,792,774,793,-1,793,774,776,-1,793,776,794,-1,794,776,778,-1,794,778,795,-1,795,778,780,-1,795,780,796,-1,796,780,782,-1,796,782,797,-1,797,782,784,-1,797,784,798,-1,798,784,786,-1,798,786,799,-1,799,786,788,-1,799,788,800,-1,800,788,790,-1,765,792,766,-1,766,792,793,-1,766,793,767,-1,767,793,794,-1,767,794,768,-1,768,794,795,-1,768,795,769,-1,769,795,796,-1,769,796,770,-1,770,796,797,-1,770,797,771,-1,771,797,798,-1,771,798,772,-1,772,798,799,-1,772,799,773,-1,773,799,800,-1,801,791,802,-1,802,791,789,-1,802,789,803,-1,803,789,787,-1,803,787,804,-1,804,787,785,-1,804,785,805,-1,805,785,783,-1,805,783,806,-1,806,783,781,-1,806,781,807,-1,807,781,779,-1,807,779,808,-1,808,779,777,-1,808,777,809,-1,809,777,775,-1,810,811,812,-1,811,813,814,-1,815,801,802,-1,813,815,816,-1,816,815,802,-1,816,802,817,-1,817,802,803,-1,806,818,805,-1,805,818,817,-1,805,817,804,-1,804,817,803,-1,807,819,806,-1,806,819,820,-1,806,820,818,-1,807,808,819,-1,819,808,809,-1,819,809,821,-1,813,816,814,-1,814,816,817,-1,814,817,822,-1,822,817,818,-1,822,818,823,-1,823,818,820,-1,823,820,824,-1,824,820,819,-1,824,819,825,-1,825,819,821,-1,825,821,826,-1,811,814,812,-1,812,814,822,-1,812,822,827,-1,827,822,823,-1,827,823,828,-1,828,823,824,-1,828,824,829,-1,829,824,825,-1,829,825,830,-1,830,825,826,-1,830,826,831,-1,810,812,832,-1,832,812,827,-1,832,827,833,-1,833,827,828,-1,833,828,834,-1,834,828,829,-1,834,829,835,-1,835,829,830,-1,835,830,836,-1,836,830,831,-1,836,831,837,-1,815,813,838,-1,838,813,811,-1,838,811,810,-1,719,724,709,-1,709,724,735,-1,709,735,708,-1,708,735,741,-1,708,741,718,-1,718,741,739,-1,718,739,683,-1,683,739,738,-1,683,738,656,-1,656,738,773,-1,656,773,657,-1,657,773,800,-1,657,800,659,-1,659,800,790,-1,659,790,638,-1,638,790,791,-1,638,791,639,-1,639,791,801,-1,639,801,839,-1,839,801,815,-1,839,815,840,-1,840,815,838,-1,840,838,841,-1,842,655,843,-1,843,655,653,-1,843,653,844,-1,844,653,651,-1,844,651,845,-1,845,651,649,-1,845,649,846,-1,846,649,647,-1,846,647,847,-1,847,647,645,-1,847,645,848,-1,848,645,643,-1,848,643,849,-1,849,643,641,-1,849,641,839,-1,839,641,639,-1,850,842,851,-1,851,842,843,-1,851,843,852,-1,852,843,844,-1,852,844,853,-1,853,844,845,-1,853,845,854,-1,854,845,846,-1,854,846,855,-1,855,846,847,-1,855,847,856,-1,856,847,848,-1,856,848,857,-1,857,848,849,-1,857,849,840,-1,840,849,839,-1,858,850,859,-1,859,850,851,-1,859,851,860,-1,860,851,852,-1,860,852,861,-1,861,852,853,-1,861,853,862,-1,862,853,854,-1,862,854,863,-1,863,854,855,-1,863,855,864,-1,864,855,856,-1,864,856,865,-1,865,856,857,-1,865,857,841,-1,841,857,840,-1,837,831,866,-1,866,831,826,-1,866,826,821,-1,728,723,729,-1,729,723,693,-1,729,693,749,-1,749,693,692,-1,749,692,756,-1,756,692,710,-1,756,710,764,-1,764,710,691,-1,764,691,765,-1,765,691,682,-1,765,682,792,-1,792,682,674,-1,792,674,774,-1,774,674,667,-1,774,667,775,-1,775,667,654,-1,775,654,809,-1,809,654,655,-1,809,655,821,-1,821,655,842,-1,821,842,866,-1,866,842,850,-1,866,850,858,-1,867,868,869,-1,869,868,870,-1,869,870,871,-1,871,870,872,-1,871,872,873,-1,873,872,874,-1,873,874,875,-1,875,874,876,-1,875,876,877,-1,877,876,878,-1,877,878,879,-1,879,878,880,-1,879,880,881,-1,881,880,882,-1,881,882,883,-1,883,882,884,-1,885,884,886,-1,886,884,882,-1,886,882,887,-1,887,882,880,-1,887,880,888,-1,888,880,878,-1,888,878,889,-1,889,878,876,-1,889,876,890,-1,890,876,874,-1,890,874,891,-1,891,874,872,-1,891,872,892,-1,892,872,870,-1,892,870,893,-1,893,870,868,-1,894,885,895,-1,895,885,886,-1,895,886,896,-1,896,886,887,-1,896,887,897,-1,897,887,888,-1,897,888,898,-1,898,888,889,-1,898,889,899,-1,899,889,890,-1,899,890,900,-1,900,890,891,-1,900,891,901,-1,901,891,892,-1,901,892,902,-1,902,892,893,-1,903,894,904,-1,904,894,895,-1,904,895,905,-1,905,895,896,-1,905,896,906,-1,906,896,897,-1,906,897,907,-1,907,897,898,-1,907,898,908,-1,908,898,899,-1,908,899,909,-1,909,899,900,-1,909,900,910,-1,910,900,901,-1,910,901,911,-1,911,901,902,-1,912,903,913,-1,913,903,904,-1,913,904,914,-1,914,904,905,-1,914,905,915,-1,915,905,906,-1,915,906,916,-1,916,906,907,-1,916,907,917,-1,917,907,908,-1,917,908,918,-1,918,908,909,-1,918,909,919,-1,919,909,910,-1,919,910,920,-1,920,910,911,-1,920,921,922,-1,921,923,924,-1,923,925,926,-1,923,926,924,-1,924,926,927,-1,924,927,928,-1,928,927,929,-1,928,929,930,-1,930,929,931,-1,930,931,932,-1,932,931,933,-1,932,933,934,-1,934,933,935,-1,934,935,936,-1,936,935,937,-1,936,937,938,-1,938,937,939,-1,938,939,940,-1,921,924,922,-1,922,924,928,-1,922,928,941,-1,941,928,930,-1,941,930,942,-1,942,930,932,-1,942,932,943,-1,943,932,934,-1,943,934,944,-1,944,934,936,-1,944,936,945,-1,945,936,938,-1,945,938,946,-1,946,938,940,-1,946,940,947,-1,920,922,919,-1,919,922,941,-1,919,941,918,-1,918,941,942,-1,918,942,917,-1,917,942,943,-1,917,943,916,-1,916,943,944,-1,916,944,915,-1,915,944,945,-1,915,945,914,-1,914,945,946,-1,914,946,913,-1,913,946,947,-1,913,947,912,-1,939,937,948,-1,948,937,949,-1,937,935,949,-1,949,935,933,-1,949,933,950,-1,933,931,950,-1,950,931,929,-1,950,929,951,-1,925,952,926,-1,926,952,951,-1,926,951,927,-1,927,951,929,-1,952,953,951,-1,951,953,954,-1,951,954,950,-1,950,954,955,-1,950,955,949,-1,949,955,956,-1,949,956,948,-1,948,956,957,-1,953,958,959,-1,953,959,954,-1,959,960,954,-1,954,960,961,-1,954,961,955,-1,961,962,955,-1,955,962,963,-1,955,963,956,-1,964,957,965,-1,965,957,956,-1,965,956,966,-1,966,956,963,-1,967,964,968,-1,968,964,965,-1,968,965,969,-1,969,965,966,-1,969,966,970,-1,970,966,963,-1,970,963,971,-1,971,963,962,-1,971,962,972,-1,972,962,961,-1,972,961,973,-1,973,961,960,-1,973,960,974,-1,974,960,959,-1,974,959,975,-1,975,959,958,-1,976,967,977,-1,977,967,968,-1,977,968,978,-1,978,968,969,-1,978,969,979,-1,979,969,970,-1,979,970,980,-1,980,970,971,-1,980,971,981,-1,981,971,972,-1,981,972,982,-1,982,972,973,-1,982,973,983,-1,983,973,974,-1,983,974,984,-1,984,974,975,-1,985,976,986,-1,986,976,977,-1,986,977,987,-1,987,977,978,-1,987,978,988,-1,988,978,979,-1,988,979,989,-1,989,979,980,-1,989,980,990,-1,990,980,981,-1,990,981,991,-1,991,981,982,-1,991,982,992,-1,992,982,983,-1,992,983,993,-1,993,983,984,-1,993,994,992,-1,992,994,995,-1,992,995,991,-1,991,995,996,-1,991,996,990,-1,990,996,997,-1,990,997,989,-1,989,997,998,-1,989,998,988,-1,988,998,999,-1,988,999,987,-1,987,999,1000,-1,987,1000,986,-1,986,1000,1001,-1,986,1001,985,-1,985,1001,1002,-1,994,1003,1004,-1,1003,1005,1006,-1,1005,1007,1008,-1,1005,1008,1006,-1,1006,1008,1009,-1,1006,1009,1010,-1,1010,1009,1011,-1,1010,1011,1012,-1,1012,1011,1013,-1,1012,1013,1014,-1,1014,1013,1015,-1,1014,1015,1016,-1,1016,1015,1017,-1,1016,1017,1018,-1,1018,1017,1019,-1,1018,1019,1020,-1,1020,1019,1021,-1,1020,1021,1022,-1,1003,1006,1004,-1,1004,1006,1010,-1,1004,1010,1023,-1,1023,1010,1012,-1,1023,1012,1024,-1,1024,1012,1014,-1,1024,1014,1025,-1,1025,1014,1016,-1,1025,1016,1026,-1,1026,1016,1018,-1,1026,1018,1027,-1,1027,1018,1020,-1,1027,1020,1028,-1,1028,1020,1022,-1,1028,1022,1029,-1,994,1004,995,-1,995,1004,1023,-1,995,1023,996,-1,996,1023,1024,-1,996,1024,997,-1,997,1024,1025,-1,997,1025,998,-1,998,1025,1026,-1,998,1026,999,-1,999,1026,1027,-1,999,1027,1000,-1,1000,1027,1028,-1,1000,1028,1001,-1,1001,1028,1029,-1,1001,1029,1002,-1,1007,1030,1008,-1,1008,1030,1031,-1,1008,1031,1009,-1,1009,1031,1032,-1,1009,1032,1011,-1,1011,1032,1033,-1,1011,1033,1013,-1,1013,1033,1034,-1,1013,1034,1015,-1,1015,1034,1035,-1,1015,1035,1017,-1,1017,1035,1036,-1,1017,1036,1019,-1,1019,1036,1037,-1,1019,1037,1021,-1,1021,1037,1038,-1,1039,1038,1040,-1,1040,1038,1037,-1,1040,1037,1041,-1,1041,1037,1036,-1,1041,1036,1042,-1,1042,1036,1035,-1,1042,1035,1043,-1,1043,1035,1034,-1,1043,1034,1044,-1,1044,1034,1033,-1,1044,1033,1045,-1,1045,1033,1032,-1,1045,1032,1046,-1,1046,1032,1031,-1,1046,1031,1047,-1,1047,1031,1030,-1,1048,1039,1049,-1,1049,1039,1040,-1,1049,1040,1050,-1,1050,1040,1041,-1,1050,1041,1051,-1,1051,1041,1042,-1,1051,1042,1052,-1,1052,1042,1043,-1,1052,1043,1053,-1,1053,1043,1044,-1,1053,1044,1054,-1,1054,1044,1045,-1,1054,1045,1055,-1,1055,1045,1046,-1,1055,1046,1056,-1,1056,1046,1047,-1,1057,1048,1058,-1,1058,1048,1049,-1,1058,1049,1059,-1,1059,1049,1050,-1,1059,1050,1060,-1,1060,1050,1051,-1,1060,1051,1061,-1,1061,1051,1052,-1,1061,1052,1062,-1,1062,1052,1053,-1,1062,1053,1063,-1,1063,1053,1054,-1,1063,1054,1064,-1,1064,1054,1055,-1,1064,1055,1065,-1,1065,1055,1056,-1,1066,1067,1068,-1,1068,1067,1069,-1,1068,1069,1070,-1,948,957,939,-1,939,957,964,-1,939,964,940,-1,940,964,967,-1,940,967,947,-1,947,967,976,-1,947,976,912,-1,912,976,985,-1,912,985,903,-1,903,985,1002,-1,903,1002,894,-1,894,1002,1029,-1,894,1029,885,-1,885,1029,1022,-1,885,1022,884,-1,884,1022,1021,-1,884,1021,883,-1,883,1021,1038,-1,883,1038,1070,-1,1070,1038,1039,-1,1070,1039,1068,-1,1068,1039,1048,-1,1068,1048,1057,-1,1071,1072,1073,-1,1072,1074,1075,-1,1074,1076,1077,-1,1076,867,869,-1,1076,869,1077,-1,1077,869,871,-1,1077,871,1078,-1,871,873,1078,-1,1078,873,875,-1,1078,875,1079,-1,1079,875,877,-1,1079,877,1080,-1,1080,877,879,-1,1080,879,1081,-1,879,881,1081,-1,1081,881,883,-1,1081,883,1070,-1,1074,1077,1075,-1,1075,1077,1078,-1,1075,1078,1082,-1,1082,1078,1079,-1,1082,1079,1083,-1,1083,1079,1080,-1,1083,1080,1084,-1,1084,1080,1081,-1,1084,1081,1085,-1,1085,1081,1070,-1,1085,1070,1069,-1,1072,1075,1073,-1,1073,1075,1082,-1,1073,1082,1086,-1,1086,1082,1083,-1,1086,1083,1087,-1,1087,1083,1084,-1,1087,1084,1088,-1,1088,1084,1085,-1,1088,1085,1089,-1,1089,1085,1069,-1,1089,1069,1067,-1,1071,1073,1090,-1,1090,1073,1086,-1,1090,1086,1091,-1,1091,1086,1087,-1,1091,1087,1092,-1,1092,1087,1088,-1,1092,1088,1093,-1,1093,1088,1089,-1,1093,1089,1094,-1,1094,1089,1067,-1,1094,1067,1066,-1,1076,1074,1095,-1,1095,1074,1072,-1,1095,1072,1071,-1,953,952,958,-1,958,952,925,-1,958,925,975,-1,975,925,923,-1,975,923,984,-1,984,923,921,-1,984,921,993,-1,993,921,920,-1,993,920,994,-1,994,920,911,-1,994,911,1003,-1,1003,911,902,-1,1003,902,1005,-1,1005,902,893,-1,1005,893,1007,-1,1007,893,868,-1,1007,868,1030,-1,1030,868,867,-1,1030,867,1047,-1,1047,867,1076,-1,1047,1076,1056,-1,1056,1076,1095,-1,1056,1095,1065,-1,1096,1097,1098,-1,1098,1097,1099,-1,1098,1099,1100,-1,1100,1099,1101,-1,1100,1101,129,-1,129,1101,127,-1,838,810,1102,-1,1102,810,1103,-1,1102,1103,1104,-1,1104,1103,1105,-1,1104,1105,1106,-1,1106,1105,1107,-1,172,140,1108,-1,1108,140,1109,-1,1108,1109,1110,-1,1110,1109,1111,-1,1110,1111,381,-1,381,1111,379,-1,408,384,1112,-1,1112,384,1113,-1,1112,1113,1114,-1,1114,1113,1115,-1,1114,1115,610,-1,610,1115,608,-1,637,613,1116,-1,1116,613,1117,-1,1116,1117,1118,-1,1118,1117,1119,-1,1118,1119,1068,-1,1068,1119,1066,-1,1095,1071,1120,-1,1120,1071,1121,-1,1120,1121,1122,-1,1122,1121,1123,-1,1122,1123,866,-1,866,1123,837,-1,1066,1119,1124,-1,1103,810,1125,-1,1125,810,832,-1,1125,1123,1124,-1,1124,1123,1121,-1,1124,1121,1071,-1,835,836,1125,-1,1125,836,837,-1,1125,837,1123,-1,636,608,1126,-1,1127,1107,1125,-1,1125,1107,1105,-1,1125,1105,1103,-1,608,1115,1126,-1,1126,1115,1113,-1,1126,1113,384,-1,170,171,1128,-1,1128,171,127,-1,1128,127,1101,-1,379,1111,1126,-1,1126,1111,1109,-1,1126,1109,1128,-1,1128,1109,140,-1,1128,140,167,-1,832,833,1125,-1,1125,833,834,-1,1125,834,835,-1,1071,1090,1124,-1,1124,1090,1091,-1,1124,1091,1092,-1,1092,1093,1124,-1,1124,1093,1094,-1,1124,1094,1066,-1,1119,1117,1124,-1,1124,1117,613,-1,1124,613,632,-1,632,633,1124,-1,1124,633,634,-1,1124,634,1126,-1,1126,634,635,-1,1126,635,636,-1,1101,1099,1128,-1,1128,1099,1097,-1,1128,1097,1129,-1,1129,1130,1128,-1,1128,1130,1131,-1,1128,1131,1125,-1,1125,1131,1132,-1,1125,1132,1127,-1,384,403,1126,-1,1126,403,404,-1,1126,404,405,-1,405,406,1126,-1,1126,406,407,-1,1126,407,379,-1,167,168,1128,-1,1128,168,169,-1,1128,169,170,-1,1133,1134,1135,-1,1135,1134,1136,-1,1135,1136,1137,-1,
        ]
    }
}
Shape{
    appearance Appearance {
        material  Material {
            diffuseColor 0.25098039215686274 0.25098039215686274 0.25098039215686274
            specularColor 0.12549019607843137 0.12549019607843137 0.12549019607843137
            ambientIntensity 0.251
            transparency 0.0
            shininess 0.5
        }
    }
    geometry IndexedFaceSet {
        ccw TRUE
        solid FALSE
        coord DEF co Coordinate {
            point [
                0.0403 -1.3897 4.656, 0.0403 -1.3897 5.016, 0.0312 -1.3813 4.656, 0.0312 -1.3813 5.016, 0.0202 -1.3753 4.656, 0.0202 -1.3753 5.016, 0.0082 -1.3723 4.656, 0.0082 -1.3723 5.016, -0.0042 -1.3723 4.656, -0.0042 -1.3723 5.016, -0.0163 -1.3753 4.656, -0.0163 -1.3753 5.016, -0.0272 -1.3813 4.656, -0.0272 -1.3813 5.016, -0.0363 -1.3897 4.656, -0.0363 -1.3897 5.016, -0.4947 -1.936 4.656, -0.4947 -1.936 5.016, 0.4987 -1.936 4.656, 0.4987 -1.936 5.016, -0.5947 -1.936 5.016, -0.0363 -1.2706 5.016, 0.5987 -1.936 5.016, 0.0403 -1.2706 5.016, -0.0272 -1.2621 5.016, -0.0163 -1.2561 5.016, -0.0042 -1.2531 5.016, 0.0312 -1.2621 5.016, 0.0202 -1.2561 5.016, 0.0082 -1.2531 5.016
            ]
        }
        coordIndex [
            0,1,2,-1,2,1,3,-1,2,3,4,-1,4,3,5,-1,4,5,6,-1,6,5,7,-1,6,7,8,-1,8,7,9,-1,8,9,10,-1,10,9,11,-1,10,11,12,-1,12,11,13,-1,12,13,14,-1,14,13,15,-1,16,14,17,-1,17,14,15,-1,12,14,0,-1,0,14,16,-1,0,16,18,-1,6,0,4,-1,4,0,2,-1,6,8,0,-1,0,8,10,-1,0,10,12,-1,19,1,18,-1,18,1,0,-1,20,17,21,-1,21,17,15,-1,19,22,1,-1,1,22,23,-1,15,13,21,-1,21,13,11,-1,21,11,24,-1,24,11,9,-1,24,9,25,-1,25,9,26,-1,7,5,23,-1,23,5,3,-1,23,3,1,-1,23,27,7,-1,7,27,28,-1,7,28,9,-1,9,28,29,-1,9,29,26,-1,
        ]
    }
}
Shape{
    appearance Appearance {
        material  Material {
            diffuseColor 0.7529411764705882 0.7529411764705882 0.7529411764705882
            specularColor 0.3764705882352941 0.3764705882352941 0.3764705882352941
            ambientIntensity 0.7529
            transparency 0.0
            shininess 0.5
        }
    }
    geometry IndexedFaceSet {
        ccw TRUE
        solid FALSE
        coord DEF co Coordinate {
            point [
                0.602 -1.94 5.016, 0.602 -1.94 5.142, 0.5987 -1.936 5.016, 0.0403 -1.2706 5.142, 0.0403 -1.2706 5.016, 0.0312 -1.2621 5.016, 0.0312 -1.2621 5.142, 0.0202 -1.2561 5.016, 0.0202 -1.2561 5.142, 0.0082 -1.2531 5.016, 0.0082 -1.2531 5.142, -0.0042 -1.2531 5.016, -0.0042 -1.2531 5.142, -0.0163 -1.2561 5.016, -0.0163 -1.2561 5.142, -0.0272 -1.2621 5.016, -0.0272 -1.2621 5.142, -0.0363 -1.2706 5.016, -0.0363 -1.2706 5.142, -2.6359 2.9919 5.142, -2.6359 -1.94 5.142, -0.598 -1.94 5.142, 2.6399 2.9919 5.142, 2.6399 -1.94 5.142, 2.632 -0.59 3.1534, 2.632 2.984 3.1534, 2.632 -0.59 3.1067, 2.632 2.984 3.1067, 2.645 -0.59 3.1603, 2.645 -1.94 3.1603, 2.6918 -0.59 3.1962, 2.6918 -1.94 3.1962, 2.7277 -0.59 3.243, 2.7277 -1.94 3.243, 2.7503 -0.59 3.2976, 2.7503 -1.94 3.2976, 2.758 -0.59 3.356, 2.758 -1.94 3.356, 2.627 -1.94 3.151, 2.627 2.95 3.151, 2.5905 2.984 3.1377, 2.5905 2.95 3.1377, 2.532 2.95 3.13, 2.532 2.984 3.13, 2.632 0.771 -1.378, 2.758 0.771 -1.378, 2.632 0.54 -0.978, 2.758 0.54 -0.978, 2.632 1.1091 -1.378, 2.758 1.1091 -1.378, 2.632 1.34 -0.978, 2.758 1.34 -0.978, 2.632 1.34 0.152, 2.758 1.34 0.152, 2.758 -1.94 0.152, 2.758 0.54 0.152, 2.758 -1.94 2.904, 2.758 -0.59 2.904, 2.758 -1.94 5.0239, 2.758 2.9919 5.0239, 2.758 2.9919 0.152, 2.632 0.54 0.152, 2.632 2.984 2.904, 2.632 2.984 0.152, 2.632 -1.94 2.904, 2.632 -1.94 0.152, 2.632 -1.94 5.016, 2.632 2.984 5.016, 2.632 -1.94 3.356, 2.632 2.984 3.356, 2.627 -1.936 3.3248, 2.627 -1.94 3.3248, 2.6286 -1.94 3.3302, 2.627 2.95 3.3248, 2.532 2.984 3.256, 2.532 2.95 3.256, 2.5579 2.984 3.2595, 2.5579 2.95 3.2595, 2.582 2.984 3.2694, 2.582 2.95 3.2694, 2.6027 2.984 3.2853, 2.6027 2.95 3.2853, 2.6186 2.984 3.306, 2.6186 2.95 3.306, 2.6286 2.984 3.3302, 2.262 2.95 3.256, 2.262 2.984 3.256, 2.262 2.95 3.004, 2.262 2.984 3.004, 2.532 2.95 3.004, 2.532 2.984 3.004, 2.6286 2.984 2.9299, 2.627 -1.94 2.9353, 2.627 -1.936 2.9353, 2.6286 -1.94 2.9299, 2.627 2.95 2.9353, 2.5579 2.95 3.0006, 2.5579 2.984 3.0006, 2.582 2.95 2.9906, 2.582 2.984 2.9906, 2.6027 2.95 2.9748, 2.6027 2.984 2.9748, 2.6186 2.95 2.954, 2.6186 2.984 2.954, 0.567 -0.2062 -1.244, 0.567 -0.2062 0.166, 0.627 -0.2662 -1.244, 0.627 -0.2662 0.166, 0.5653 -0.328 -1.244, 0.5653 -0.328 0.166, 0.5403 -0.303 -1.244, 0.5403 -0.303 0.166, 0.4837 -0.303 0.166, 0.4837 -0.303 -1.244, 0.4907 -0.2974 0.166, 0.4907 -0.2974 -1.244, 0.4988 -0.2935 0.166, 0.4988 -0.2935 -1.244, 0.5075 -0.2915 0.166, 0.5075 -0.2915 -1.244, 0.5164 -0.2915 0.166, 0.5164 -0.2915 -1.244, 0.5252 -0.2935 0.166, 0.5252 -0.2935 -1.244, 0.5333 -0.2974 -1.244, 0.5333 -0.2974 0.166, 0.532 -0.2968 0.166, 0.4587 -0.328 -1.244, 0.4587 -0.328 0.166, 0.397 -0.2662 -1.244, 0.397 -0.2662 0.166, 0.457 -0.2062 -1.244, 0.457 -0.2062 0.166, 0.477 -0.198 0.166, 0.477 -0.198 -1.244, 0.4715 -0.1985 -1.244, 0.4715 -0.1985 0.166, 0.4661 -0.2001 -1.244, 0.4661 -0.2001 0.166, 0.4613 -0.2027 -1.244, 0.4613 -0.2027 0.166, 0.547 -0.198 0.166, 0.547 -0.198 -1.244, 0.532 -0.198 0.166, 0.5611 -0.2017 -1.244, 0.5611 -0.2017 0.166, 0.5543 -0.1989 -1.244, 0.5543 -0.1989 0.166, 0.2687 -1.308 -1.244, 0.2687 -1.308 0.166, 0.207 -1.2462 -1.244, 0.207 -1.2462 0.166, 0.267 -1.1862 -1.244, 0.267 -1.1862 0.166, 0.287 -1.178 0.166, 0.287 -1.178 -1.244, 0.2796 -1.1789 -1.244, 0.2796 -1.1789 0.166, 0.2728 -1.1817 -1.244, 0.2728 -1.1817 0.166, 0.357 -1.178 -1.244, 0.357 -1.178 0.166, 0.377 -1.1862 0.166, 0.377 -1.1862 -1.244, 0.3711 -1.1817 -1.244, 0.3711 -1.1817 0.166, 0.3643 -1.1789 -1.244, 0.3643 -1.1789 0.166, 0.437 -1.2462 -1.244, 0.437 -1.2462 0.166, 0.3753 -1.308 -1.244, 0.3753 -1.308 0.166, 0.3503 -1.283 -1.244, 0.3503 -1.283 0.166, 0.2937 -1.283 0.166, 0.2937 -1.283 -1.244, 0.302 -1.2766 0.166, 0.302 -1.2766 -1.244, 0.3116 -1.2726 0.166, 0.3116 -1.2726 -1.244, 0.322 -1.2712 0.166, 0.322 -1.2712 -1.244, 0.3323 -1.2726 0.166, 0.3323 -1.2726 -1.244, 0.342 -1.2766 0.166, 0.342 -1.2766 -1.244, -0.5613 -1.308 -1.244, -0.5613 -1.308 0.166, -0.623 -1.2462 -1.244, -0.623 -1.2462 0.166, -0.563 -1.1862 -1.244, -0.563 -1.1862 0.166, -0.543 -1.178 0.166, -0.543 -1.178 -1.244, -0.5504 -1.1789 -1.244, -0.5504 -1.1789 0.166, -0.5572 -1.1817 -1.244, -0.5572 -1.1817 0.166, -0.473 -1.178 -1.244, -0.473 -1.178 0.166, -0.453 -1.1862 0.166, -0.453 -1.1862 -1.244, -0.4589 -1.1817 -1.244, -0.4589 -1.1817 0.166, -0.4657 -1.1789 -1.244, -0.4657 -1.1789 0.166, -0.393 -1.2462 -1.244, -0.393 -1.2462 0.166, -0.4547 -1.308 -1.244, -0.4547 -1.308 0.166, -0.4797 -1.283 -1.244, -0.4797 -1.283 0.166, -0.5363 -1.283 0.166, -0.5363 -1.283 -1.244, -0.528 -1.2766 0.166, -0.528 -1.2766 -1.244, -0.5184 -1.2726 0.166, -0.5184 -1.2726 -1.244, -0.508 -1.2712 0.166, -0.508 -1.2712 -1.244, -0.4977 -1.2726 0.166, -0.4977 -1.2726 -1.244, -0.488 -1.2766 0.166, -0.488 -1.2766 -1.244, -0.453 -0.2062 0.166, -0.453 -0.2062 -1.244, -0.4589 -0.2017 -1.244, -0.4589 -0.2017 0.166, -0.4657 -0.1989 -1.244, -0.4657 -0.1989 0.166, -0.473 -0.198 -1.244, -0.473 -0.198 0.166, -0.393 -0.2662 -1.244, -0.393 -0.2662 0.166, -0.4547 -0.328 -1.244, -0.4547 -0.328 0.166, -0.4797 -0.303 -1.244, -0.4797 -0.303 0.166, -0.5363 -0.303 0.166, -0.5363 -0.303 -1.244, -0.5293 -0.2974 0.166, -0.5293 -0.2974 -1.244, -0.5212 -0.2935 0.166, -0.5212 -0.2935 -1.244, -0.5125 -0.2915 0.166, -0.5125 -0.2915 -1.244, -0.5036 -0.2915 0.166, -0.5036 -0.2915 -1.244, -0.4948 -0.2935 0.166, -0.4948 -0.2935 -1.244, -0.4868 -0.2974 0.166, -0.4868 -0.2974 -1.244, -0.5613 -0.328 -1.244, -0.5613 -0.328 0.166, -0.623 -0.2662 -1.244, -0.623 -0.2662 0.166, -0.563 -0.2062 -1.244, -0.563 -0.2062 0.166, -0.543 -0.198 0.166, -0.543 -0.198 -1.244, -0.5504 -0.1989 -1.244, -0.5504 -0.1989 0.166, -0.5572 -0.2017 -1.244, -0.5572 -0.2017 0.166, 1.2687 -1.308 -1.244, 1.2687 -1.308 0.166, 1.207 -1.2462 -1.244, 1.207 -1.2462 0.166, 1.267 -1.1862 -1.244, 1.267 -1.1862 0.166, 1.287 -1.178 0.166, 1.287 -1.178 -1.244, 1.2815 -1.1785 -1.244, 1.2815 -1.1785 0.166, 1.2761 -1.1801 -1.244, 1.2761 -1.1801 0.166, 1.2713 -1.1827 -1.244, 1.2713 -1.1827 0.166, 1.357 -1.178 -1.244, 1.357 -1.178 0.166, 1.377 -1.1862 0.166, 1.377 -1.1862 -1.244, 1.3711 -1.1817 -1.244, 1.3711 -1.1817 0.166, 1.3643 -1.1789 -1.244, 1.3643 -1.1789 0.166, 1.437 -1.2462 -1.244, 1.437 -1.2462 0.166, 1.3753 -1.308 -1.244, 1.3753 -1.308 0.166, 1.3503 -1.283 -1.244, 1.3503 -1.283 0.166, 1.2937 -1.283 0.166, 1.2937 -1.283 -1.244, 1.302 -1.2766 0.166, 1.302 -1.2766 -1.244, 1.3116 -1.2726 0.166, 1.3116 -1.2726 -1.244, 1.322 -1.2712 0.166, 1.322 -1.2712 -1.244, 1.3323 -1.2726 0.166, 1.3323 -1.2726 -1.244, 1.342 -1.2766 0.166, 1.342 -1.2766 -1.244, -1.3713 -1.308 -1.244, -1.3713 -1.308 0.166, -1.433 -1.2462 -1.244, -1.433 -1.2462 0.166, -1.373 -1.1862 -1.244, -1.373 -1.1862 0.166, -1.353 -1.178 0.166, -1.353 -1.178 -1.244, -1.3585 -1.1785 -1.244, -1.3585 -1.1785 0.166, -1.3639 -1.1801 -1.244, -1.3639 -1.1801 0.166, -1.3687 -1.1827 -1.244, -1.3687 -1.1827 0.166, -1.283 -1.178 -1.244, -1.283 -1.178 0.166, -1.263 -1.1862 0.166, -1.263 -1.1862 -1.244, -1.2689 -1.1817 -1.244, -1.2689 -1.1817 0.166, -1.2757 -1.1789 -1.244, -1.2757 -1.1789 0.166, -1.203 -1.2462 -1.244, -1.203 -1.2462 0.166, -1.2647 -1.308 -1.244, -1.2647 -1.308 0.166, -1.2897 -1.283 -1.244, -1.2897 -1.283 0.166, -1.3463 -1.283 0.166, -1.3463 -1.283 -1.244, -1.338 -1.2766 0.166, -1.338 -1.2766 -1.244, -1.3284 -1.2726 0.166, -1.3284 -1.2726 -1.244, -1.318 -1.2712 0.166, -1.318 -1.2712 -1.244, -1.3077 -1.2726 0.166, -1.3077 -1.2726 -1.244, -1.298 -1.2766 0.166, -1.298 -1.2766 -1.244, 1.377 -0.2062 0.166, 1.377 -0.2062 -1.244, 1.3711 -0.2017 -1.244, 1.3711 -0.2017 0.166, 1.3643 -0.1989 -1.244, 1.3643 -0.1989 0.166, 1.357 -0.198 -1.244, 1.357 -0.198 0.166, 1.437 -0.2662 -1.244, 1.437 -0.2662 0.166, 1.3753 -0.328 -1.244, 1.3753 -0.328 0.166, 1.3503 -0.303 -1.244, 1.3503 -0.303 0.166, 1.2937 -0.303 0.166, 1.2937 -0.303 -1.244, 1.3007 -0.2974 0.166, 1.3007 -0.2974 -1.244, 1.3088 -0.2935 0.166, 1.3088 -0.2935 -1.244, 1.3175 -0.2915 0.166, 1.3175 -0.2915 -1.244, 1.3264 -0.2915 0.166, 1.3264 -0.2915 -1.244, 1.3352 -0.2935 0.166, 1.3352 -0.2935 -1.244, 1.3432 -0.2974 0.166, 1.3432 -0.2974 -1.244, 1.2687 -0.328 -1.244, 1.2687 -0.328 0.166, 1.207 -0.2662 -1.244, 1.207 -0.2662 0.166, 1.267 -0.2062 -1.244, 1.267 -0.2062 0.166, 1.287 -0.198 0.166, 1.287 -0.198 -1.244, 1.2815 -0.1985 -1.244, 1.2815 -0.1985 0.166, 1.2761 -0.2001 -1.244, 1.2761 -0.2001 0.166, 1.2713 -0.2027 -1.244, 1.2713 -0.2027 0.166, -1.203 -0.2662 -1.244, -1.2647 -0.328 -1.244, -1.2897 -0.303 -1.244, -1.263 -0.2062 -1.244, -1.2968 -0.2974 -1.244, -1.2689 -0.2017 -1.244, -1.3048 -0.2935 -1.244, -1.2757 -0.1989 -1.244, -1.3136 -0.2915 -1.244, -1.283 -0.198 -1.244, -1.353 -0.198 -1.244, -1.3225 -0.2915 -1.244, -1.3585 -0.1985 -1.244, -1.3312 -0.2935 -1.244, -1.3639 -0.2001 -1.244, -1.3687 -0.2027 -1.244, -1.3393 -0.2974 -1.244, -1.373 -0.2062 -1.244, -1.433 -0.2662 -1.244, -1.3463 -0.303 -1.244, -1.3713 -0.328 -1.244, -1.263 -0.2062 0.166, -1.2689 -0.2017 0.166, -1.2757 -0.1989 0.166, -1.283 -0.198 0.166, -1.203 -0.2662 0.166, -1.2647 -0.328 0.166, -1.2897 -0.303 0.166, -1.3463 -0.303 0.166, -1.3393 -0.2974 0.166, -1.3312 -0.2935 0.166, -1.3225 -0.2915 0.166, -1.3136 -0.2915 0.166, -1.3048 -0.2935 0.166, -1.2968 -0.2974 0.166, -1.3713 -0.328 0.166, -1.433 -0.2662 0.166, -1.373 -0.2062 0.166, -1.353 -0.198 0.166, -1.3585 -0.1985 0.166, -1.3639 -0.2001 0.166, -1.3687 -0.2027 0.166
            ]
        }
        coordIndex [
            0,1,2,-1,2,1,3,-1,2,3,4,-1,4,3,5,-1,5,3,6,-1,5,6,7,-1,7,6,8,-1,7,8,9,-1,9,8,10,-1,9,10,11,-1,11,10,12,-1,11,12,13,-1,13,12,14,-1,13,14,15,-1,15,14,16,-1,15,16,17,-1,17,16,18,-1,19,20,21,-1,22,12,10,-1,21,18,19,-1,19,18,16,-1,19,16,22,-1,22,16,14,-1,22,14,12,-1,10,8,22,-1,22,8,6,-1,22,6,23,-1,23,6,3,-1,23,3,1,-1,24,25,26,-1,26,25,27,-1,24,28,29,-1,29,28,30,-1,29,30,31,-1,31,30,32,-1,31,32,33,-1,33,32,34,-1,33,34,35,-1,35,34,36,-1,35,36,37,-1,29,38,24,-1,24,38,39,-1,24,39,25,-1,25,39,40,-1,39,41,40,-1,40,41,42,-1,40,42,43,-1,44,45,46,-1,46,45,47,-1,48,49,44,-1,44,49,45,-1,50,51,48,-1,48,51,49,-1,50,52,51,-1,51,52,53,-1,54,55,56,-1,56,55,57,-1,58,37,59,-1,59,37,36,-1,59,36,60,-1,60,36,57,-1,60,57,53,-1,53,57,55,-1,53,55,51,-1,51,55,47,-1,51,47,49,-1,49,47,45,-1,47,55,46,-1,46,55,61,-1,62,63,64,-1,64,63,52,-1,65,64,61,-1,61,64,52,-1,61,52,46,-1,46,52,50,-1,46,50,44,-1,44,50,48,-1,66,67,68,-1,68,67,69,-1,70,71,72,-1,70,72,73,-1,74,75,76,-1,76,75,77,-1,76,77,78,-1,78,77,79,-1,78,79,80,-1,80,79,81,-1,80,81,82,-1,82,81,83,-1,82,83,84,-1,83,73,84,-1,84,73,72,-1,84,72,69,-1,69,72,68,-1,75,74,85,-1,85,74,86,-1,85,86,87,-1,87,86,88,-1,87,88,89,-1,89,88,90,-1,91,62,64,-1,92,93,94,-1,94,93,95,-1,89,90,96,-1,96,90,97,-1,96,97,98,-1,98,97,99,-1,98,99,100,-1,100,99,101,-1,100,101,102,-1,102,101,103,-1,102,103,95,-1,95,103,91,-1,95,91,94,-1,94,91,64,-1,104,105,106,-1,106,105,107,-1,106,107,108,-1,108,107,109,-1,108,109,110,-1,110,109,111,-1,112,113,114,-1,114,113,115,-1,114,115,116,-1,116,115,117,-1,116,117,118,-1,118,117,119,-1,118,119,120,-1,120,119,121,-1,120,121,122,-1,122,121,123,-1,110,111,124,-1,124,111,125,-1,124,125,123,-1,123,125,126,-1,123,126,122,-1,113,112,127,-1,127,112,128,-1,127,128,129,-1,129,128,130,-1,129,130,131,-1,131,130,132,-1,133,134,135,-1,133,135,136,-1,136,135,137,-1,136,137,138,-1,138,137,139,-1,138,139,140,-1,140,139,131,-1,140,131,132,-1,141,142,143,-1,143,142,134,-1,143,134,133,-1,105,104,144,-1,105,144,145,-1,145,144,146,-1,145,146,147,-1,147,146,142,-1,147,142,141,-1,148,149,150,-1,150,149,151,-1,150,151,152,-1,152,151,153,-1,154,155,156,-1,154,156,157,-1,157,156,158,-1,157,158,159,-1,159,158,152,-1,159,152,153,-1,155,154,160,-1,160,154,161,-1,162,163,164,-1,162,164,165,-1,165,164,166,-1,165,166,167,-1,167,166,160,-1,167,160,161,-1,163,162,168,-1,168,162,169,-1,168,169,170,-1,170,169,171,-1,170,171,172,-1,172,171,173,-1,174,175,176,-1,176,175,177,-1,176,177,178,-1,178,177,179,-1,178,179,180,-1,180,179,181,-1,180,181,182,-1,182,181,183,-1,182,183,184,-1,184,183,185,-1,184,185,173,-1,173,185,172,-1,175,174,148,-1,148,174,149,-1,186,187,188,-1,188,187,189,-1,188,189,190,-1,190,189,191,-1,192,193,194,-1,192,194,195,-1,195,194,196,-1,195,196,197,-1,197,196,190,-1,197,190,191,-1,193,192,198,-1,198,192,199,-1,200,201,202,-1,200,202,203,-1,203,202,204,-1,203,204,205,-1,205,204,198,-1,205,198,199,-1,201,200,206,-1,206,200,207,-1,206,207,208,-1,208,207,209,-1,208,209,210,-1,210,209,211,-1,212,213,214,-1,214,213,215,-1,214,215,216,-1,216,215,217,-1,216,217,218,-1,218,217,219,-1,218,219,220,-1,220,219,221,-1,220,221,222,-1,222,221,223,-1,222,223,211,-1,211,223,210,-1,213,212,186,-1,186,212,187,-1,224,225,226,-1,224,226,227,-1,227,226,228,-1,227,228,229,-1,229,228,230,-1,229,230,231,-1,225,224,232,-1,232,224,233,-1,232,233,234,-1,234,233,235,-1,234,235,236,-1,236,235,237,-1,238,239,240,-1,240,239,241,-1,240,241,242,-1,242,241,243,-1,242,243,244,-1,244,243,245,-1,244,245,246,-1,246,245,247,-1,246,247,248,-1,248,247,249,-1,248,249,250,-1,250,249,251,-1,250,251,237,-1,237,251,236,-1,239,238,252,-1,252,238,253,-1,252,253,254,-1,254,253,255,-1,254,255,256,-1,256,255,257,-1,258,259,260,-1,258,260,261,-1,261,260,262,-1,261,262,263,-1,263,262,256,-1,263,256,257,-1,259,258,230,-1,230,258,231,-1,264,265,266,-1,266,265,267,-1,266,267,268,-1,268,267,269,-1,270,271,272,-1,270,272,273,-1,273,272,274,-1,273,274,275,-1,275,274,276,-1,275,276,277,-1,277,276,268,-1,277,268,269,-1,271,270,278,-1,278,270,279,-1,280,281,282,-1,280,282,283,-1,283,282,284,-1,283,284,285,-1,285,284,278,-1,285,278,279,-1,281,280,286,-1,286,280,287,-1,286,287,288,-1,288,287,289,-1,288,289,290,-1,290,289,291,-1,292,293,294,-1,294,293,295,-1,294,295,296,-1,296,295,297,-1,296,297,298,-1,298,297,299,-1,298,299,300,-1,300,299,301,-1,300,301,302,-1,302,301,303,-1,302,303,291,-1,291,303,290,-1,293,292,264,-1,264,292,265,-1,304,305,306,-1,306,305,307,-1,306,307,308,-1,308,307,309,-1,310,311,312,-1,310,312,313,-1,313,312,314,-1,313,314,315,-1,315,314,316,-1,315,316,317,-1,317,316,308,-1,317,308,309,-1,311,310,318,-1,318,310,319,-1,320,321,322,-1,320,322,323,-1,323,322,324,-1,323,324,325,-1,325,324,318,-1,325,318,319,-1,321,320,326,-1,326,320,327,-1,326,327,328,-1,328,327,329,-1,328,329,330,-1,330,329,331,-1,332,333,334,-1,334,333,335,-1,334,335,336,-1,336,335,337,-1,336,337,338,-1,338,337,339,-1,338,339,340,-1,340,339,341,-1,340,341,342,-1,342,341,343,-1,342,343,331,-1,331,343,330,-1,333,332,304,-1,304,332,305,-1,344,345,346,-1,344,346,347,-1,347,346,348,-1,347,348,349,-1,349,348,350,-1,349,350,351,-1,345,344,352,-1,352,344,353,-1,352,353,354,-1,354,353,355,-1,354,355,356,-1,356,355,357,-1,358,359,360,-1,360,359,361,-1,360,361,362,-1,362,361,363,-1,362,363,364,-1,364,363,365,-1,364,365,366,-1,366,365,367,-1,366,367,368,-1,368,367,369,-1,368,369,370,-1,370,369,371,-1,370,371,357,-1,357,371,356,-1,359,358,372,-1,372,358,373,-1,372,373,374,-1,374,373,375,-1,374,375,376,-1,376,375,377,-1,378,379,380,-1,378,380,381,-1,381,380,382,-1,381,382,383,-1,383,382,384,-1,383,384,385,-1,385,384,376,-1,385,376,377,-1,379,378,350,-1,350,378,351,-1,121,142,146,-1,121,146,123,-1,123,146,144,-1,123,144,124,-1,124,144,104,-1,124,104,110,-1,110,104,106,-1,110,106,108,-1,142,121,134,-1,134,121,119,-1,134,119,135,-1,135,119,117,-1,135,117,137,-1,137,117,139,-1,139,117,115,-1,139,115,131,-1,131,115,129,-1,129,115,113,-1,129,113,127,-1,160,181,155,-1,155,181,179,-1,155,179,156,-1,156,179,177,-1,156,177,158,-1,158,177,152,-1,152,177,150,-1,150,177,175,-1,150,175,148,-1,166,185,160,-1,160,185,183,-1,160,183,181,-1,166,164,185,-1,185,164,163,-1,185,163,172,-1,172,163,168,-1,172,168,170,-1,198,219,193,-1,193,219,217,-1,193,217,194,-1,194,217,215,-1,194,215,196,-1,196,215,190,-1,190,215,188,-1,188,215,213,-1,188,213,186,-1,204,223,198,-1,198,223,221,-1,198,221,219,-1,204,202,223,-1,223,202,201,-1,223,201,210,-1,210,201,206,-1,210,206,208,-1,243,241,256,-1,256,241,254,-1,254,241,239,-1,254,239,252,-1,247,228,249,-1,249,228,226,-1,249,226,251,-1,251,226,225,-1,251,225,236,-1,236,225,232,-1,236,232,234,-1,256,262,243,-1,243,262,260,-1,243,260,245,-1,245,260,259,-1,245,259,247,-1,247,259,230,-1,247,230,228,-1,293,264,266,-1,284,303,278,-1,278,303,301,-1,278,301,271,-1,284,282,303,-1,303,282,281,-1,303,281,290,-1,290,281,286,-1,290,286,288,-1,301,299,271,-1,271,299,297,-1,271,297,272,-1,272,297,295,-1,272,295,274,-1,274,295,276,-1,293,266,295,-1,295,266,268,-1,295,268,276,-1,333,304,306,-1,324,343,318,-1,318,343,341,-1,318,341,311,-1,324,322,343,-1,343,322,321,-1,343,321,330,-1,330,321,326,-1,330,326,328,-1,341,339,311,-1,311,339,337,-1,311,337,312,-1,312,337,335,-1,312,335,314,-1,314,335,316,-1,333,306,335,-1,335,306,308,-1,335,308,316,-1,352,354,356,-1,352,356,345,-1,345,356,371,-1,345,371,346,-1,346,371,369,-1,346,369,348,-1,348,369,367,-1,348,367,350,-1,350,367,379,-1,379,367,365,-1,379,365,380,-1,380,365,363,-1,380,363,382,-1,382,363,384,-1,384,363,361,-1,384,361,376,-1,376,361,374,-1,374,361,359,-1,374,359,372,-1,386,387,388,-1,386,388,389,-1,389,388,390,-1,389,390,391,-1,391,390,392,-1,391,392,393,-1,393,392,394,-1,393,394,395,-1,395,394,396,-1,396,394,397,-1,396,397,398,-1,398,397,399,-1,398,399,400,-1,400,399,401,-1,401,399,402,-1,401,402,403,-1,403,402,404,-1,404,402,405,-1,404,405,406,-1,407,389,391,-1,407,391,408,-1,408,391,393,-1,408,393,409,-1,409,393,395,-1,409,395,410,-1,389,407,386,-1,386,407,411,-1,386,411,387,-1,387,411,412,-1,387,412,388,-1,388,412,413,-1,414,405,415,-1,415,405,402,-1,415,402,416,-1,416,402,399,-1,416,399,417,-1,417,399,397,-1,417,397,418,-1,418,397,394,-1,418,394,419,-1,419,394,392,-1,419,392,420,-1,420,392,390,-1,420,390,413,-1,413,390,388,-1,405,414,406,-1,406,414,421,-1,406,421,404,-1,404,421,422,-1,404,422,403,-1,403,422,423,-1,424,396,398,-1,424,398,425,-1,425,398,400,-1,425,400,426,-1,426,400,401,-1,426,401,427,-1,427,401,403,-1,427,403,423,-1,396,424,395,-1,395,424,410,-1,
        ]
    }
}
Shape{
    appearance Appearance {
        material  Material {
            diffuseColor 0.25098039215686274 0.25098039215686274 0.25098039215686274
            specularColor 0.12549019607843137 0.12549019607843137 0.12549019607843137
            ambientIntensity 0.251
            transparency 0.0
            shininess 0.5
        }
    }
    geometry IndexedFaceSet {
        ccw TRUE
        solid FALSE
        coord DEF co Coordinate {
            point [
                2.297 -0.14 0.166, 2.297 -0.14 0.006, 2.297 -0.753 0.166, 2.297 -1.936 0.006, 2.297 -1.936 0.166, 0.537 1.05 0.166, 0.537 1.05 0.356, 0.5386 1.076 0.166, 0.612 2.2097 0.356, 0.612 2.2097 0.166, 0.532 1.05 0.166, -0.533 1.05 0.356, -0.093 1.05 0.166, -0.533 1.05 0.166, -0.608 2.2097 0.166, -0.608 2.2097 0.356, -0.5347 1.076 0.166, -0.6151 2.2466 0.166, -0.6151 2.2466 0.356, -0.6312 2.2806 0.166, -0.6312 2.2806 0.356, -0.6551 2.3095 0.166, -0.6551 2.3095 0.356, -0.6855 2.3315 0.166, -0.6855 2.3315 0.356, -0.7205 2.3453 0.166, -0.7205 2.3453 0.356, -0.7577 2.35 0.166, -0.7577 2.35 0.356, -2.293 -1.936 0.166, -2.293 -1.936 0.006, -2.293 -0.753 0.166, -2.293 -0.14 0.006, -2.293 -0.14 0.166, -2.003 -0.14 0.166, -2.003 -0.14 0.006, -1.0752 0.03 0.5, -1.003 0.03 0.4639, -1.003 0.03 0.166, -1.2422 0.03 0.596, -2.003 0.03 0.166, -2.003 0.03 0.596, -2.003 2.95 0.346, -2.003 2.95 0.596, -2.003 2.35 0.346, -2.003 2.35 0.006, 1.007 0.03 0.166, 1.007 0.03 0.4639, 1.867 0.03 0.166, 1.0792 0.03 0.5, 1.2462 0.03 0.596, 2.007 0.03 0.596, 2.007 0.03 0.166, 0.907 2.95 0.356, 0.907 2.95 0.419, 0.9275 2.35 0.356, 0.957 1.49 0.4408, 0.9275 2.35 0.166, 0.9711 1.076 0.166, 1.0792 2.95 0.5, 1.2462 2.95 0.596, -1.2422 2.95 0.596, 2.007 2.95 0.596, -0.953 1.49 0.4408, -1.0752 2.95 0.5, -0.903 2.95 0.419, -0.9236 2.35 0.356, -0.903 2.95 0.356, -0.9672 1.076 0.166, -0.9236 2.35 0.166, 0.6191 2.2466 0.356, 0.6351 2.2806 0.356, 0.6591 2.3095 0.356, 0.7617 2.35 0.356, 0.7244 2.3453 0.356, 0.6895 2.3315 0.356, 0.7617 2.35 0.166, 0.7244 2.3453 0.166, 0.6895 2.3315 0.166, 0.6591 2.3095 0.166, 0.6351 2.2806 0.166, 0.6191 2.2466 0.166, 0.917 -0.753 0.166, 0.532 -0.753 0.166, 0.5653 -0.328 0.166, 0.532 -0.2968 0.166, 0.5333 -0.2974 0.166, 0.5403 -0.303 0.166, 0.5611 -0.2017 0.166, 0.567 -0.2062 0.166, 0.627 -0.2662 0.166, 0.5543 -0.1989 0.166, 0.547 -0.198 0.166, 0.397 -0.2662 0.166, 0.4587 -0.328 0.166, 0.4837 -0.303 0.166, 0.4661 -0.2001 0.166, 0.4613 -0.2027 0.166, 0.4907 -0.2974 0.166, 0.4988 -0.2935 0.166, 0.5075 -0.2915 0.166, 0.532 -0.198 0.166, 0.477 -0.198 0.166, 0.4715 -0.1985 0.166, 0.5164 -0.2915 0.166, 0.5252 -0.2935 0.166, 2.007 -0.14 0.166, 1.867 -0.753 0.166, 1.3753 -0.328 0.166, 1.2687 -0.328 0.166, 1.2937 -0.303 0.166, 1.207 -0.2662 0.166, 1.437 -0.2662 0.166, 1.377 -0.2062 0.166, 1.267 -0.2062 0.166, 1.2713 -0.2027 0.166, 1.287 -0.198 0.166, 1.2815 -0.1985 0.166, 1.2761 -0.2001 0.166, 1.3711 -0.2017 0.166, 1.3643 -0.1989 0.166, 1.357 -0.198 0.166, 1.3175 -0.2915 0.166, 1.3264 -0.2915 0.166, 1.3088 -0.2935 0.166, 1.3007 -0.2974 0.166, 1.3352 -0.2935 0.166, 1.3432 -0.2974 0.166, 1.3503 -0.303 0.166, 0.917 1.076 0.166, 0.917 2.35 0.166, -0.093 -0.753 0.166, -0.4589 -0.2017 0.166, -0.4657 -0.1989 0.166, -0.543 -0.198 0.166, -0.5504 -0.1989 0.166, -0.913 1.076 0.166, -0.5572 -0.2017 0.166, -0.563 -0.2062 0.166, -0.913 -0.753 0.166, -0.4547 -0.328 0.166, -0.393 -0.2662 0.166, -0.453 -0.2062 0.166, -0.5212 -0.2935 0.166, -0.4868 -0.2974 0.166, -0.5293 -0.2974 0.166, -0.4797 -0.303 0.166, -0.5363 -0.303 0.166, -0.5613 -0.328 0.166, -0.623 -0.2662 0.166, -0.5125 -0.2915 0.166, -0.5036 -0.2915 0.166, -0.4948 -0.2935 0.166, -0.473 -0.198 0.166, -0.913 2.35 0.166, -1.3639 -0.2001 0.166, -1.3687 -0.2027 0.166, -1.3585 -0.1985 0.166, -1.373 -0.2062 0.166, -1.433 -0.2662 0.166, -1.3713 -0.328 0.166, -1.2647 -0.328 0.166, -1.203 -0.2662 0.166, -1.263 -0.2062 0.166, -1.2689 -0.2017 0.166, -1.2757 -0.1989 0.166, -1.283 -0.198 0.166, -1.353 -0.198 0.166, -1.3463 -0.303 0.166, -1.3393 -0.2974 0.166, -1.2968 -0.2974 0.166, -1.3312 -0.2935 0.166, -1.3225 -0.2915 0.166, -1.3136 -0.2915 0.166, -1.3048 -0.2935 0.166, -1.3639 -1.1801 0.166, -1.3687 -1.1827 0.166, -1.3585 -1.1785 0.166, -0.913 -1.936 0.166, -1.2647 -1.308 0.166, -1.203 -1.2462 0.166, -1.263 -1.1862 0.166, -1.2689 -1.1817 0.166, -1.2757 -1.1789 0.166, -1.283 -1.178 0.166, -1.353 -1.178 0.166, -1.2897 -0.303 0.166, -1.298 -1.2766 0.166, -1.2897 -1.283 0.166, -1.3463 -1.283 0.166, -1.373 -1.1862 0.166, -1.433 -1.2462 0.166, -1.3713 -1.308 0.166, -1.338 -1.2766 0.166, -1.3284 -1.2726 0.166, -1.3077 -1.2726 0.166, -1.318 -1.2712 0.166, -0.453 -1.1862 0.166, -0.4589 -1.1817 0.166, -0.5504 -1.1789 0.166, -0.5572 -1.1817 0.166, -0.4657 -1.1789 0.166, -0.473 -1.178 0.166, -0.543 -1.178 0.166, -0.393 -1.2462 0.166, -0.093 -1.936 0.166, -0.4547 -1.308 0.166, -0.4797 -1.283 0.166, -0.563 -1.1862 0.166, -0.623 -1.2462 0.166, -0.5613 -1.308 0.166, -0.5363 -1.283 0.166, -0.528 -1.2766 0.166, -0.5184 -1.2726 0.166, -0.508 -1.2712 0.166, -0.4977 -1.2726 0.166, -0.488 -1.2766 0.166, 0.287 -1.178 0.166, 0.2796 -1.1789 0.166, 0.2728 -1.1817 0.166, 0.267 -1.1862 0.166, 0.207 -1.2462 0.166, 0.437 -1.2462 0.166, 0.377 -1.1862 0.166, 0.3711 -1.1817 0.166, 0.3643 -1.1789 0.166, 0.357 -1.178 0.166, 0.457 -0.2062 0.166, 0.532 -1.936 0.166, 0.2687 -1.308 0.166, 0.2937 -1.283 0.166, 0.302 -1.2766 0.166, 0.3116 -1.2726 0.166, 0.322 -1.2712 0.166, 0.3753 -1.308 0.166, 0.3503 -1.283 0.166, 0.342 -1.2766 0.166, 0.3323 -1.2726 0.166, 0.917 -1.936 0.166, 1.2761 -1.1801 0.166, 1.2713 -1.1827 0.166, 1.2815 -1.1785 0.166, 1.3711 -1.1817 0.166, 1.377 -1.1862 0.166, 1.437 -1.2462 0.166, 1.867 -1.936 0.166, 1.3753 -1.308 0.166, 1.3643 -1.1789 0.166, 1.357 -1.178 0.166, 1.287 -1.178 0.166, 1.267 -1.1862 0.166, 1.207 -1.2462 0.166, 1.2687 -1.308 0.166, 1.2937 -1.283 0.166, 1.3503 -1.283 0.166, 1.322 -1.2712 0.166, 1.3323 -1.2726 0.166, 1.342 -1.2766 0.166, 1.3116 -1.2726 0.166, 1.302 -1.2766 0.166, 2.007 -0.14 0.006, -2.623 -1.936 0.006, -2.623 2.35 0.006, 2.627 -1.936 0.006, 2.007 2.35 0.006, 2.627 2.35 0.006, -2.623 2.35 0.346, 2.627 2.35 0.346, 2.007 2.35 0.346, 2.007 2.95 0.346, -2.623 2.95 0.346, 2.627 2.95 0.346, 0.082 3.025 1.626, 0.082 3.11 1.626, 0.0832 3.025 1.6543, 0.0832 3.11 1.6543, 0.0996 3.025 1.7301, 0.0996 3.11 1.7301, 0.1341 3.025 1.7996, 0.1341 3.11 1.7996, 0.1844 3.025 1.8586, 0.1844 3.11 1.8586, 0.237 3.11 1.8958, 0.2477 3.025 1.9034, 0.2477 3.11 1.9034, 0.32 3.025 1.9315, 0.32 3.11 1.9315, 0.3945 3.11 1.9407, 0.397 3.025 1.941, 0.397 3.11 1.941, 0.4739 3.025 1.9315, 0.4739 3.11 1.9315, 0.5462 3.025 1.9034, 0.5462 3.11 1.9034, 0.6095 3.025 1.8586, 0.6095 3.11 1.8586, 0.6599 3.025 1.7996, 0.6599 3.11 1.7996, 0.6943 3.025 1.7301, 0.6943 3.11 1.7301, 0.7107 3.025 1.6543, 0.7107 3.11 1.6543, 0.712 3.025 1.626, 0.712 3.11 1.626, 0.7107 3.025 1.5978, 0.7107 3.11 1.5978, 0.6943 3.025 1.522, 0.6943 3.11 1.522, 0.6599 3.025 1.4525, 0.6599 3.11 1.4525, 0.6095 3.025 1.3935, 0.6095 3.11 1.3935, 0.5462 3.025 1.3487, 0.5462 3.11 1.3487, 0.4739 3.025 1.3206, 0.4739 3.11 1.3206, 0.397 3.025 1.311, 0.397 3.11 1.311, 0.3945 3.11 1.3114, 0.32 3.025 1.3206, 0.32 3.11 1.3206, 0.2477 3.025 1.3487, 0.2477 3.11 1.3487, 0.237 3.11 1.3563, 0.1844 3.025 1.3935, 0.1844 3.11 1.3935, 0.1341 3.025 1.4525, 0.1341 3.11 1.4525, 0.0996 3.025 1.522, 0.0996 3.11 1.522, 0.0832 3.025 1.5978, 0.0832 3.11 1.5978, 0.537 2.71 1.626, 0.537 2.85 1.626, 0.5364 2.85 1.6135, 0.5329 2.71 1.5925, 0.5319 2.85 1.5928, 0.5291 2.85 1.5798, 0.5209 2.71 1.561, 0.52 2.85 1.5614, 0.5138 2.85 1.5489, 0.5018 2.71 1.5332, 0.501 2.85 1.5339, 0.4914 2.85 1.5227, 0.4765 2.71 1.5108, 0.4759 2.85 1.5117, 0.4633 2.85 1.5028, 0.4466 2.71 1.4951, 0.4462 2.85 1.4961, 0.4312 2.85 1.4903, 0.4138 2.71 1.4871, 0.4137 2.85 1.4881, 0.397 2.85 1.486, 0.3801 2.71 1.4871, 0.3802 2.85 1.4881, 0.3628 2.85 1.4903, 0.3473 2.71 1.4951, 0.3477 2.85 1.4961, 0.3306 2.85 1.5028, 0.3174 2.71 1.5108, 0.3181 2.85 1.5117, 0.3025 2.85 1.5227, 0.2922 2.71 1.5332, 0.293 2.85 1.5339, 0.2801 2.85 1.5489, 0.273 2.71 1.561, 0.2739 2.85 1.5614, 0.2648 2.85 1.5798, 0.261 2.71 1.5925, 0.257 2.85 1.626, 0.257 2.71 1.626, 0.2575 2.85 1.6135, 0.262 2.85 1.5928, 0.5364 2.85 1.6386, 0.5313 2.85 1.6621, 0.5291 2.85 1.6723, 0.5175 2.85 1.6957, 0.5138 2.85 1.7032, 0.4955 2.85 1.7246, 0.4914 2.85 1.7294, 0.4667 2.85 1.7469, 0.4633 2.85 1.7493, 0.4331 2.85 1.761, 0.4312 2.85 1.7618, 0.397 2.85 1.766, 0.3628 2.85 1.7618, 0.3608 2.85 1.761, 0.3306 2.85 1.7493, 0.3272 2.85 1.7469, 0.3025 2.85 1.7294, 0.2985 2.85 1.7246, 0.2801 2.85 1.7032, 0.2764 2.85 1.6957, 0.2575 2.85 1.6386, 0.2626 2.85 1.6621, 0.2648 2.85 1.6723, 0.2617 2.71 1.6623, 0.2757 2.71 1.696, 0.298 2.71 1.725, 0.327 2.71 1.7473, 0.3607 2.71 1.7613, 0.397 2.71 1.766, 0.4332 2.71 1.7613, 0.467 2.71 1.7473, 0.496 2.71 1.725, 0.5182 2.71 1.696, 0.5322 2.71 1.6623, -0.708 3.025 1.626, -0.708 3.11 1.626, -0.7068 3.025 1.6543, -0.7068 3.11 1.6543, -0.6904 3.025 1.7301, -0.6904 3.11 1.7301, -0.6559 3.025 1.7996, -0.6559 3.11 1.7996, -0.6056 3.025 1.8586, -0.6056 3.11 1.8586, -0.5705 3.11 1.8834, -0.5423 3.025 1.9034, -0.5423 3.11 1.9034, -0.47 3.025 1.9315, -0.47 3.11 1.9315, -0.393 3.025 1.941, -0.393 3.11 1.941, -0.3905 3.11 1.9407, -0.3161 3.025 1.9315, -0.3161 3.11 1.9315, -0.2438 3.025 1.9034, -0.2438 3.11 1.9034, -0.1805 3.025 1.8586, -0.1805 3.11 1.8586, -0.1301 3.025 1.7996, -0.1301 3.11 1.7996, -0.0957 3.025 1.7301, -0.0957 3.11 1.7301, -0.0793 3.025 1.6543, -0.0793 3.11 1.6543, -0.078 3.025 1.626, -0.078 3.11 1.626, -0.0793 3.025 1.5978, -0.0793 3.11 1.5978, -0.0957 3.025 1.522, -0.0957 3.11 1.522, -0.1301 3.025 1.4525, -0.1301 3.11 1.4525, -0.1805 3.025 1.3935, -0.1805 3.11 1.3935, -0.2438 3.025 1.3487, -0.2438 3.11 1.3487, -0.3161 3.025 1.3206, -0.3161 3.11 1.3206, -0.3905 3.11 1.3114, -0.393 3.025 1.311, -0.393 3.11 1.311, -0.47 3.025 1.3206, -0.47 3.11 1.3206, -0.5423 3.025 1.3487, -0.5423 3.11 1.3487, -0.5705 3.11 1.3687, -0.6056 3.025 1.3935, -0.6056 3.11 1.3935, -0.6559 3.025 1.4525, -0.6559 3.11 1.4525, -0.6904 3.025 1.522, -0.6904 3.11 1.522, -0.7068 3.025 1.5978, -0.7068 3.11 1.5978, -0.253 2.71 1.626, -0.253 2.85 1.626, -0.2536 2.85 1.6135, -0.2571 2.71 1.5925, -0.2581 2.85 1.5928, -0.2609 2.85 1.5798, -0.2691 2.71 1.561, -0.27 2.85 1.5614, -0.2762 2.85 1.5489, -0.2882 2.71 1.5332, -0.289 2.85 1.5339, -0.2986 2.85 1.5227, -0.3135 2.71 1.5108, -0.3141 2.85 1.5117, -0.3267 2.85 1.5028, -0.3434 2.71 1.4951, -0.3438 2.85 1.4961, -0.3588 2.85 1.4903, -0.3762 2.71 1.4871, -0.3763 2.85 1.4881, -0.393 2.85 1.486, -0.4099 2.71 1.4871, -0.4098 2.85 1.4881, -0.4272 2.85 1.4903, -0.4427 2.71 1.4951, -0.4423 2.85 1.4961, -0.4594 2.85 1.5028, -0.4726 2.71 1.5108, -0.4719 2.85 1.5117, -0.4875 2.85 1.5227, -0.4978 2.71 1.5332, -0.497 2.85 1.5339, -0.5099 2.85 1.5489, -0.517 2.71 1.561, -0.5161 2.85 1.5614, -0.5252 2.85 1.5798, -0.529 2.71 1.5925, -0.533 2.85 1.626, -0.533 2.71 1.626, -0.5325 2.85 1.6135, -0.528 2.85 1.5928, -0.2536 2.85 1.6386, -0.2587 2.85 1.6621, -0.2609 2.85 1.6723, -0.2725 2.85 1.6957, -0.2762 2.85 1.7032, -0.2945 2.85 1.7246, -0.2986 2.85 1.7294, -0.3233 2.85 1.7469, -0.3267 2.85 1.7493, -0.3569 2.85 1.761, -0.3588 2.85 1.7618, -0.393 2.85 1.766, -0.4272 2.85 1.7618, -0.4292 2.85 1.761, -0.4594 2.85 1.7493, -0.4628 2.85 1.7469, -0.4875 2.85 1.7294, -0.4915 2.85 1.7246, -0.5099 2.85 1.7032, -0.5136 2.85 1.6957, -0.5325 2.85 1.6386, -0.5274 2.85 1.6621, -0.5252 2.85 1.6723, -0.5283 2.71 1.6623, -0.5143 2.71 1.696, -0.492 2.71 1.725, -0.463 2.71 1.7473, -0.4293 2.71 1.7613, -0.393 2.71 1.766, -0.3568 2.71 1.7613, -0.323 2.71 1.7473, -0.294 2.71 1.725, -0.2718 2.71 1.696, -0.2578 2.71 1.6623, -0.473 3.025 2.406, -0.473 3.11 2.406, -0.4718 3.025 2.4343, -0.4718 3.11 2.4343, -0.4554 3.025 2.5101, -0.4554 3.11 2.5101, -0.4209 3.025 2.5796, -0.4209 3.11 2.5796, -0.3905 3.11 2.6152, -0.3706 3.025 2.6386, -0.3706 3.11 2.6386, -0.3073 3.025 2.6834, -0.3073 3.11 2.6834, -0.235 3.025 2.7115, -0.235 3.11 2.7115, -0.158 3.025 2.721, -0.158 3.11 2.721, -0.0811 3.025 2.7115, -0.0811 3.11 2.7115, -0.0088 3.025 2.6834, -0.0088 3.11 2.6834, 0.002 3.11 2.6758, 0.0545 3.025 2.6386, 0.0545 3.11 2.6386, 0.1049 3.025 2.5796, 0.1049 3.11 2.5796, 0.1393 3.025 2.5101, 0.1393 3.11 2.5101, 0.1557 3.025 2.4343, 0.1557 3.11 2.4343, 0.157 3.025 2.406, 0.157 3.11 2.406, 0.1557 3.025 2.3778, 0.1557 3.11 2.3778, 0.1393 3.025 2.302, 0.1393 3.11 2.302, 0.1049 3.025 2.2325, 0.1049 3.11 2.2325, 0.0545 3.025 2.1735, 0.0545 3.11 2.1735, 0.002 3.11 2.1363, -0.0088 3.025 2.1287, -0.0088 3.11 2.1287, -0.0811 3.025 2.1006, -0.0811 3.11 2.1006, -0.158 3.025 2.091, -0.158 3.11 2.091, -0.235 3.025 2.1006, -0.235 3.11 2.1006, -0.3073 3.025 2.1287, -0.3073 3.11 2.1287, -0.3706 3.025 2.1735, -0.3706 3.11 2.1735, -0.3905 3.11 2.1969, -0.4209 3.025 2.2325, -0.4209 3.11 2.2325, -0.4554 3.025 2.302, -0.4554 3.11 2.302, -0.4718 3.025 2.3778, -0.4718 3.11 2.3778, -0.018 2.71 2.406, -0.018 2.85 2.406, -0.0186 2.85 2.3935, -0.0221 2.71 2.3725, -0.0231 2.85 2.3728, -0.0259 2.85 2.3598, -0.0341 2.71 2.341, -0.035 2.85 2.3414, -0.0412 2.85 2.3289, -0.0532 2.71 2.3132, -0.054 2.85 2.3139, -0.0636 2.85 2.3027, -0.0785 2.71 2.2908, -0.0791 2.85 2.2917, -0.0917 2.85 2.2828, -0.1084 2.71 2.2751, -0.1088 2.85 2.2761, -0.1238 2.85 2.2703, -0.1412 2.71 2.2671, -0.1413 2.85 2.2681, -0.158 2.85 2.266, -0.1749 2.71 2.2671, -0.1748 2.85 2.2681, -0.1922 2.85 2.2703, -0.2077 2.71 2.2751, -0.2073 2.85 2.2761, -0.2244 2.85 2.2828, -0.2376 2.71 2.2908, -0.2369 2.85 2.2917, -0.2525 2.85 2.3027, -0.2628 2.71 2.3132, -0.262 2.85 2.3139, -0.2749 2.85 2.3289, -0.282 2.71 2.341, -0.2811 2.85 2.3414, -0.2902 2.85 2.3598, -0.294 2.71 2.3725, -0.298 2.85 2.406, -0.298 2.71 2.406, -0.2975 2.85 2.3935, -0.293 2.85 2.3728, -0.0186 2.85 2.4186, -0.0237 2.85 2.4421, -0.0259 2.85 2.4523, -0.0375 2.85 2.4757, -0.0412 2.85 2.4832, -0.0595 2.85 2.5046, -0.0636 2.85 2.5094, -0.0883 2.85 2.5269, -0.0917 2.85 2.5293, -0.1219 2.85 2.541, -0.1238 2.85 2.5418, -0.158 2.85 2.546, -0.1922 2.85 2.5418, -0.1942 2.85 2.541, -0.2244 2.85 2.5293, -0.2278 2.85 2.5269, -0.2525 2.85 2.5094, -0.2565 2.85 2.5046, -0.2749 2.85 2.4832, -0.2786 2.85 2.4757, -0.2975 2.85 2.4186, -0.2924 2.85 2.4421, -0.2902 2.85 2.4523, -0.2933 2.71 2.4423, -0.2793 2.71 2.476, -0.257 2.71 2.505, -0.228 2.71 2.5273, -0.1943 2.71 2.5413, -0.158 2.71 2.546, -0.1218 2.71 2.5413, -0.088 2.71 2.5273, -0.059 2.71 2.505, -0.0368 2.71 2.476, -0.0228 2.71 2.4423, -1.298 3.025 2.406, -1.298 3.11 2.406, -1.2968 3.025 2.4343, -1.2968 3.11 2.4343, -1.2804 3.025 2.5101, -1.2804 3.11 2.5101, -1.2459 3.025 2.5796, -1.2459 3.11 2.5796, -1.1956 3.025 2.6386, -1.1956 3.11 2.6386, -1.1323 3.025 2.6834, -1.1323 3.11 2.6834, -1.06 3.025 2.7115, -1.06 3.11 2.7115, -0.983 3.025 2.721, -0.983 3.11 2.721, -0.9061 3.025 2.7115, -0.9061 3.11 2.7115, -0.8338 3.025 2.6834, -0.8338 3.11 2.6834, -0.7705 3.025 2.6386, -0.7705 3.11 2.6386, -0.7201 3.025 2.5796, -0.7201 3.11 2.5796, -0.6857 3.025 2.5101, -0.6857 3.11 2.5101, -0.6693 3.025 2.4343, -0.6693 3.11 2.4343, -0.668 3.025 2.406, -0.668 3.11 2.406, -0.6693 3.025 2.3778, -0.6693 3.11 2.3778, -0.6857 3.025 2.302, -0.6857 3.11 2.302, -0.7201 3.025 2.2325, -0.7201 3.11 2.2325, -0.7705 3.025 2.1735, -0.7705 3.11 2.1735, -0.8338 3.025 2.1287, -0.8338 3.11 2.1287, -0.9061 3.025 2.1006, -0.9061 3.11 2.1006, -0.983 3.025 2.091, -0.983 3.11 2.091, -1.06 3.025 2.1006, -1.06 3.11 2.1006, -1.1323 3.025 2.1287, -1.1323 3.11 2.1287, -1.1956 3.025 2.1735, -1.1956 3.11 2.1735, -1.2459 3.025 2.2325, -1.2459 3.11 2.2325, -1.2804 3.025 2.302, -1.2804 3.11 2.302, -1.2968 3.025 2.3778, -1.2968 3.11 2.3778, -0.843 2.71 2.406, -0.843 2.85 2.406, -0.8436 2.85 2.3935, -0.8471 2.71 2.3725, -0.8481 2.85 2.3728, -0.8509 2.85 2.3598, -0.8591 2.71 2.341, -0.86 2.85 2.3414, -0.8662 2.85 2.3289, -0.8782 2.71 2.3132, -0.879 2.85 2.3139, -0.8886 2.85 2.3027, -0.9035 2.71 2.2908, -0.9041 2.85 2.2917, -0.9167 2.85 2.2828, -0.9334 2.71 2.2751, -0.9338 2.85 2.2761, -0.9488 2.85 2.2703, -0.9662 2.71 2.2671, -0.9663 2.85 2.2681, -0.983 2.85 2.266, -0.9999 2.71 2.2671, -0.9998 2.85 2.2681, -1.0172 2.85 2.2703, -1.0327 2.71 2.2751, -1.0323 2.85 2.2761, -1.0494 2.85 2.2828, -1.0626 2.71 2.2908, -1.0619 2.85 2.2917, -1.0775 2.85 2.3027, -1.0878 2.71 2.3132, -1.087 2.85 2.3139, -1.0999 2.85 2.3289, -1.107 2.71 2.341, -1.1061 2.85 2.3414, -1.1152 2.85 2.3598, -1.119 2.71 2.3725, -1.123 2.85 2.406, -1.123 2.71 2.406, -1.1225 2.85 2.3935, -1.118 2.85 2.3728, -0.8436 2.85 2.4186, -0.8487 2.85 2.4421, -0.8509 2.85 2.4523, -0.8625 2.85 2.4757, -0.8662 2.85 2.4832, -0.8845 2.85 2.5046, -0.8886 2.85 2.5094, -0.9133 2.85 2.5269, -0.9167 2.85 2.5293, -0.9469 2.85 2.541, -0.9488 2.85 2.5418, -0.983 2.85 2.546, -1.0172 2.85 2.5418, -1.0192 2.85 2.541, -1.0494 2.85 2.5293, -1.0528 2.85 2.5269, -1.0775 2.85 2.5094, -1.0815 2.85 2.5046, -1.0999 2.85 2.4832, -1.1036 2.85 2.4757, -1.1225 2.85 2.4186, -1.1174 2.85 2.4421, -1.1152 2.85 2.4523, -1.1183 2.71 2.4423, -1.1043 2.71 2.476, -1.082 2.71 2.505, -1.053 2.71 2.5273, -1.0193 2.71 2.5413, -0.983 2.71 2.546, -0.9468 2.71 2.5413, -0.913 2.71 2.5273, -0.884 2.71 2.505, -0.8618 2.71 2.476, -0.8478 2.71 2.4423, -1.098 3.025 3.196, -1.098 3.11 3.196, -1.0968 3.025 3.2243, -1.0968 3.11 3.2243, -1.0804 3.025 3.3001, -1.0804 3.11 3.3001, -1.0459 3.025 3.3696, -1.0459 3.11 3.3696, -0.9956 3.025 3.4286, -0.9956 3.11 3.4286, -0.9323 3.025 3.4734, -0.9323 3.11 3.4734, -0.86 3.025 3.5015, -0.86 3.11 3.5015, -0.783 3.025 3.511, -0.783 3.11 3.511, -0.7061 3.025 3.5015, -0.7061 3.11 3.5015, -0.6338 3.025 3.4734, -0.6338 3.11 3.4734, -0.5705 3.11 3.4286, -0.5705 3.025 3.4286, -0.5705 3.11 3.4286, -0.5201 3.025 3.3696, -0.5201 3.11 3.3696, -0.4857 3.025 3.3001, -0.4857 3.11 3.3001, -0.4693 3.025 3.2243, -0.4693 3.11 3.2243, -0.468 3.025 3.196, -0.468 3.11 3.196, -0.4693 3.025 3.1678, -0.4693 3.11 3.1678, -0.4857 3.025 3.092, -0.4857 3.11 3.092, -0.5201 3.025 3.0225, -0.5201 3.11 3.0225, -0.5705 3.025 2.9635, -0.5705 3.11 2.9635, -0.5705 3.11 2.9635, -0.6338 3.025 2.9187, -0.6338 3.11 2.9187, -0.7061 3.025 2.8906, -0.7061 3.11 2.8906, -0.783 3.025 2.881, -0.783 3.11 2.881, -0.86 3.025 2.8906, -0.86 3.11 2.8906, -0.9323 3.025 2.9187, -0.9323 3.11 2.9187, -0.9956 3.025 2.9635, -0.9956 3.11 2.9635, -1.0459 3.025 3.0225, -1.0459 3.11 3.0225, -1.0804 3.025 3.092, -1.0804 3.11 3.092, -1.0968 3.025 3.1678, -1.0968 3.11 3.1678, -0.643 2.71 3.196, -0.643 2.85 3.196, -0.6436 2.85 3.1835, -0.6471 2.71 3.1625, -0.6481 2.85 3.1628, -0.6509 2.85 3.1498, -0.6591 2.71 3.131, -0.66 2.85 3.1314, -0.6662 2.85 3.1189, -0.6782 2.71 3.1032, -0.679 2.85 3.1039, -0.6886 2.85 3.0927, -0.7035 2.71 3.0808, -0.7041 2.85 3.0817, -0.7167 2.85 3.0728, -0.7334 2.71 3.0651, -0.7338 2.85 3.0661, -0.7488 2.85 3.0603, -0.7662 2.71 3.0571, -0.7663 2.85 3.0581, -0.783 2.85 3.056, -0.7999 2.71 3.0571, -0.7998 2.85 3.0581, -0.8172 2.85 3.0603, -0.8327 2.71 3.0651, -0.8323 2.85 3.0661, -0.8494 2.85 3.0728, -0.8626 2.71 3.0808, -0.8619 2.85 3.0817, -0.8775 2.85 3.0927, -0.8878 2.71 3.1032, -0.887 2.85 3.1039, -0.8999 2.85 3.1189, -0.907 2.71 3.131, -0.9061 2.85 3.1314, -0.9152 2.85 3.1498, -0.919 2.71 3.1625, -0.923 2.85 3.196, -0.923 2.71 3.196, -0.9225 2.85 3.1835, -0.918 2.85 3.1628, -0.6436 2.85 3.2086, -0.6487 2.85 3.2321, -0.6509 2.85 3.2423, -0.6625 2.85 3.2657, -0.6662 2.85 3.2732, -0.6845 2.85 3.2946, -0.6886 2.85 3.2994, -0.7133 2.85 3.3169, -0.7167 2.85 3.3193, -0.7469 2.85 3.331, -0.7488 2.85 3.3318, -0.783 2.85 3.336, -0.8172 2.85 3.3318, -0.8192 2.85 3.331, -0.8494 2.85 3.3193, -0.8528 2.85 3.3169, -0.8775 2.85 3.2994, -0.8815 2.85 3.2946, -0.8999 2.85 3.2732, -0.9036 2.85 3.2657, -0.9225 2.85 3.2086, -0.9174 2.85 3.2321, -0.9152 2.85 3.2423, -0.9183 2.71 3.2323, -0.9043 2.71 3.266, -0.882 2.71 3.295, -0.853 2.71 3.3173, -0.8193 2.71 3.3313, -0.783 2.71 3.336, -0.7468 2.71 3.3313, -0.713 2.71 3.3173, -0.684 2.71 3.295, -0.6618 2.71 3.266, -0.6478 2.71 3.2323, -0.313 3.025 3.196, -0.313 3.11 3.196, -0.3118 3.025 3.2243, -0.3118 3.11 3.2243, -0.2954 3.025 3.3001, -0.2954 3.11 3.3001, -0.2609 3.025 3.3696, -0.2609 3.11 3.3696, -0.2106 3.025 3.4286, -0.2106 3.11 3.4286, -0.1473 3.025 3.4734, -0.1473 3.11 3.4734, -0.075 3.025 3.5015, -0.075 3.11 3.5015, 0.002 3.025 3.511, 0.002 3.11 3.511, 0.0789 3.025 3.5015, 0.0789 3.11 3.5015, 0.1512 3.025 3.4734, 0.1512 3.11 3.4734, 0.2145 3.025 3.4286, 0.2145 3.11 3.4286, 0.237 3.11 3.4022, 0.2649 3.025 3.3696, 0.2649 3.11 3.3696, 0.2993 3.025 3.3001, 0.2993 3.11 3.3001, 0.3157 3.025 3.2243, 0.3157 3.11 3.2243, 0.317 3.025 3.196, 0.317 3.11 3.196, 0.3157 3.025 3.1678, 0.3157 3.11 3.1678, 0.2993 3.025 3.092, 0.2993 3.11 3.092, 0.2649 3.025 3.0225, 0.2649 3.11 3.0225, 0.237 3.11 2.9899, 0.2145 3.025 2.9635, 0.2145 3.11 2.9635, 0.1512 3.025 2.9187, 0.1512 3.11 2.9187, 0.0789 3.025 2.8906, 0.0789 3.11 2.8906, 0.002 3.025 2.881, 0.002 3.11 2.881, -0.075 3.025 2.8906, -0.075 3.11 2.8906, -0.1473 3.025 2.9187, -0.1473 3.11 2.9187, -0.2106 3.025 2.9635, -0.2106 3.11 2.9635, -0.2609 3.025 3.0225, -0.2609 3.11 3.0225, -0.2954 3.025 3.092, -0.2954 3.11 3.092, -0.3118 3.025 3.1678, -0.3118 3.11 3.1678, 0.142 2.71 3.196, 0.142 2.85 3.196, 0.1414 2.85 3.1835, 0.1379 2.71 3.1625, 0.1369 2.85 3.1628, 0.1341 2.85 3.1498, 0.1259 2.71 3.131, 0.125 2.85 3.1314, 0.1188 2.85 3.1189, 0.1068 2.71 3.1032, 0.106 2.85 3.1039, 0.0964 2.85 3.0927, 0.0815 2.71 3.0808, 0.0809 2.85 3.0817, 0.0683 2.85 3.0728, 0.0516 2.71 3.0651, 0.0512 2.85 3.0661, 0.0362 2.85 3.0603, 0.0188 2.71 3.0571, 0.0187 2.85 3.0581, 0.002 2.85 3.056, -0.0149 2.71 3.0571, -0.0148 2.85 3.0581, -0.0322 2.85 3.0603, -0.0477 2.71 3.0651, -0.0473 2.85 3.0661, -0.0644 2.85 3.0728, -0.0776 2.71 3.0808, -0.0769 2.85 3.0817, -0.0925 2.85 3.0927, -0.1028 2.71 3.1032, -0.102 2.85 3.1039, -0.1149 2.85 3.1189, -0.122 2.71 3.131, -0.1211 2.85 3.1314, -0.1302 2.85 3.1498, -0.134 2.71 3.1625, -0.138 2.85 3.196, -0.138 2.71 3.196, -0.1375 2.85 3.1835, -0.133 2.85 3.1628, 0.1414 2.85 3.2086, 0.1363 2.85 3.2321, 0.1341 2.85 3.2423, 0.1225 2.85 3.2657, 0.1188 2.85 3.2732, 0.1005 2.85 3.2946, 0.0964 2.85 3.2994, 0.0717 2.85 3.3169, 0.0683 2.85 3.3193, 0.0381 2.85 3.331, 0.0362 2.85 3.3318, 0.002 2.85 3.336, -0.0322 2.85 3.3318, -0.0342 2.85 3.331, -0.0644 2.85 3.3193, -0.0678 2.85 3.3169, -0.0925 2.85 3.2994, -0.0965 2.85 3.2946, -0.1149 2.85 3.2732, -0.1186 2.85 3.2657, -0.1375 2.85 3.2086, -0.1324 2.85 3.2321, -0.1302 2.85 3.2423, -0.1333 2.71 3.2323, -0.1193 2.71 3.266, -0.097 2.71 3.295, -0.068 2.71 3.3173, -0.0343 2.71 3.3313, 0.002 2.71 3.336, 0.0382 2.71 3.3313, 0.072 2.71 3.3173, 0.101 2.71 3.295, 0.1232 2.71 3.266, 0.1372 2.71 3.2323, 0.472 3.025 3.196, 0.472 3.11 3.196, 0.4732 3.025 3.2243, 0.4732 3.11 3.2243, 0.4896 3.025 3.3001, 0.4896 3.11 3.3001, 0.5241 3.025 3.3696, 0.5241 3.11 3.3696, 0.5744 3.025 3.4286, 0.5744 3.11 3.4286, 0.6377 3.025 3.4734, 0.6377 3.11 3.4734, 0.71 3.025 3.5015, 0.71 3.11 3.5015, 0.787 3.025 3.511, 0.787 3.11 3.511, 0.8639 3.025 3.5015, 0.8639 3.11 3.5015, 0.907 3.11 3.4848, 0.9362 3.025 3.4734, 0.9362 3.11 3.4734, 0.9995 3.025 3.4286, 0.9995 3.11 3.4286, 1.0499 3.025 3.3696, 1.0499 3.11 3.3696, 1.0843 3.025 3.3001, 1.0843 3.11 3.3001, 1.1007 3.025 3.2243, 1.1007 3.11 3.2243, 1.102 3.025 3.196, 1.102 3.11 3.196, 1.1007 3.025 3.1678, 1.1007 3.11 3.1678, 1.0843 3.025 3.092, 1.0843 3.11 3.092, 1.0499 3.025 3.0225, 1.0499 3.11 3.0225, 0.9995 3.025 2.9635, 0.9995 3.11 2.9635, 0.9362 3.025 2.9187, 0.9362 3.11 2.9187, 0.907 3.11 2.9073, 0.8639 3.025 2.8906, 0.8639 3.11 2.8906, 0.787 3.025 2.881, 0.787 3.11 2.881, 0.71 3.025 2.8906, 0.71 3.11 2.8906, 0.6377 3.025 2.9187, 0.6377 3.11 2.9187, 0.5744 3.025 2.9635, 0.5744 3.11 2.9635, 0.5241 3.025 3.0225, 0.5241 3.11 3.0225, 0.4896 3.025 3.092, 0.4896 3.11 3.092, 0.4732 3.025 3.1678, 0.4732 3.11 3.1678, 0.927 2.71 3.196, 0.927 2.85 3.196, 0.9264 2.85 3.1835, 0.9229 2.71 3.1625, 0.9219 2.85 3.1628, 0.9191 2.85 3.1498, 0.9109 2.71 3.131, 0.91 2.85 3.1314, 0.9038 2.85 3.1189, 0.8918 2.71 3.1032, 0.891 2.85 3.1039, 0.8814 2.85 3.0927, 0.8665 2.71 3.0808, 0.8659 2.85 3.0817, 0.8533 2.85 3.0728, 0.8366 2.71 3.0651, 0.8362 2.85 3.0661, 0.8212 2.85 3.0603, 0.8038 2.71 3.0571, 0.8037 2.85 3.0581, 0.787 2.85 3.056, 0.7701 2.71 3.0571, 0.7702 2.85 3.0581, 0.7528 2.85 3.0603, 0.7373 2.71 3.0651, 0.7377 2.85 3.0661, 0.7206 2.85 3.0728, 0.7074 2.71 3.0808, 0.7081 2.85 3.0817, 0.6925 2.85 3.0927, 0.6822 2.71 3.1032, 0.683 2.85 3.1039, 0.6701 2.85 3.1189, 0.663 2.71 3.131, 0.6639 2.85 3.1314, 0.6548 2.85 3.1498, 0.651 2.71 3.1625, 0.647 2.85 3.196, 0.647 2.71 3.196, 0.6475 2.85 3.1835, 0.652 2.85 3.1628, 0.9264 2.85 3.2086, 0.9213 2.85 3.2321, 0.9191 2.85 3.2423, 0.9075 2.85 3.2657, 0.9038 2.85 3.2732, 0.8855 2.85 3.2946, 0.8814 2.85 3.2994, 0.8567 2.85 3.3169, 0.8533 2.85 3.3193, 0.8231 2.85 3.331, 0.8212 2.85 3.3318, 0.787 2.85 3.336, 0.7528 2.85 3.3318, 0.7508 2.85 3.331, 0.7206 2.85 3.3193, 0.7172 2.85 3.3169, 0.6925 2.85 3.2994, 0.6885 2.85 3.2946, 0.6701 2.85 3.2732, 0.6664 2.85 3.2657, 0.6475 2.85 3.2086, 0.6526 2.85 3.2321, 0.6548 2.85 3.2423, 0.6517 2.71 3.2323, 0.6657 2.71 3.266, 0.688 2.71 3.295, 0.717 2.71 3.3173, 0.7507 2.71 3.3313, 0.787 2.71 3.336, 0.8232 2.71 3.3313, 0.857 2.71 3.3173, 0.886 2.71 3.295, 0.9082 2.71 3.266, 0.9222 2.71 3.2323, 1.127 2.71 2.406, 0.8517 2.71 2.4423, 0.8657 2.71 2.476, 1.1229 2.71 2.3725, 1.1109 2.71 2.341, 1.0918 2.71 2.3132, 0.9074 2.71 2.2908, 0.8822 2.71 2.3132, 0.888 2.71 2.505, 0.917 2.71 2.5273, 0.9507 2.71 2.5413, 1.0665 2.71 2.2908, 1.0366 2.71 2.2751, 1.0038 2.71 2.2671, 0.9701 2.71 2.2671, 0.9373 2.71 2.2751, 0.863 2.71 2.341, 0.851 2.71 2.3725, 0.847 2.71 2.406, 0.987 2.71 2.546, 1.0232 2.71 2.5413, 1.057 2.71 2.5273, 1.086 2.71 2.505, 1.1082 2.71 2.476, 1.1222 2.71 2.4423, 1.302 3.025 2.406, 1.302 3.11 2.406, 1.3007 3.025 2.3778, 1.3007 3.11 2.3778, 1.2843 3.025 2.302, 1.2843 3.11 2.302, 1.2499 3.025 2.2325, 1.2499 3.11 2.2325, 1.202 3.11 2.1764, 1.1995 3.025 2.1735, 1.1995 3.11 2.1735, 1.1362 3.025 2.1287, 1.1362 3.11 2.1287, 1.0639 3.025 2.1006, 1.0639 3.11 2.1006, 0.987 3.025 2.091, 0.987 3.11 2.091, 0.91 3.025 2.1006, 0.91 3.11 2.1006, 0.907 3.11 2.1018, 0.8377 3.025 2.1287, 0.8377 3.11 2.1287, 0.7744 3.025 2.1735, 0.7744 3.11 2.1735, 0.7241 3.025 2.2325, 0.7241 3.11 2.2325, 0.6896 3.025 2.302, 0.6896 3.11 2.302, 0.6732 3.025 2.3778, 0.6732 3.11 2.3778, 0.672 3.025 2.406, 0.672 3.11 2.406, 0.847 2.85 2.406, 0.8475 2.85 2.3935, 0.852 2.85 2.3728, 0.8548 2.85 2.3598, 0.8639 2.85 2.3414, 0.8701 2.85 2.3289, 0.883 2.85 2.3139, 0.8925 2.85 2.3027, 0.908 2.85 2.2917, 0.9206 2.85 2.2828, 0.9377 2.85 2.2761, 0.9528 2.85 2.2703, 0.9702 2.85 2.2681, 0.987 2.85 2.266, 1.0037 2.85 2.2681, 1.0212 2.85 2.2703, 1.0362 2.85 2.2761, 1.0533 2.85 2.2828, 1.0659 2.85 2.2917, 1.0814 2.85 2.3027, 1.091 2.85 2.3139, 1.1038 2.85 2.3289, 1.11 2.85 2.3414, 1.127 2.85 2.406, 1.1264 2.85 2.3935, 1.1219 2.85 2.3728, 1.1191 2.85 2.3598, 0.8475 2.85 2.4186, 0.8526 2.85 2.4421, 0.8548 2.85 2.4523, 0.8664 2.85 2.4757, 0.8701 2.85 2.4832, 0.8885 2.85 2.5046, 0.8925 2.85 2.5094, 0.9172 2.85 2.5269, 0.9206 2.85 2.5293, 0.9508 2.85 2.541, 0.9528 2.85 2.5418, 0.987 2.85 2.546, 1.0212 2.85 2.5418, 1.0231 2.85 2.541, 1.0533 2.85 2.5293, 1.0567 2.85 2.5269, 1.0814 2.85 2.5094, 1.0855 2.85 2.5046, 1.1038 2.85 2.4832, 1.1075 2.85 2.4757, 1.1191 2.85 2.4523, 1.1264 2.85 2.4186, 1.1213 2.85 2.4421, 1.3007 3.025 2.4343, 1.2843 3.025 2.5101, 1.2499 3.025 2.5796, 1.1995 3.025 2.6386, 1.1362 3.025 2.6834, 1.0639 3.025 2.7115, 0.987 3.025 2.721, 0.91 3.025 2.7115, 0.8377 3.025 2.6834, 0.7744 3.025 2.6386, 0.7241 3.025 2.5796, 0.6896 3.025 2.5101, 0.6732 3.025 2.4343, 0.6732 3.11 2.4343, 0.6896 3.11 2.5101, 0.7241 3.11 2.5796, 0.7744 3.11 2.6386, 0.8377 3.11 2.6834, 0.907 3.11 2.7103, 0.91 3.11 2.7115, 0.987 3.11 2.721, 1.0639 3.11 2.7115, 1.1362 3.11 2.6834, 1.1995 3.11 2.6386, 1.202 3.11 2.6357, 1.2499 3.11 2.5796, 1.2843 3.11 2.5101, 1.3007 3.11 2.4343, 1.4017 3.11 1.866, 1.4017 0.61 1.866, 1.202 3.11 1.866, 0.987 0.61 1.866, 0.987 3.11 1.866, 0.987 0.61 1.3499, 0.987 3.11 1.3499, -0.983 0.61 1.866, -0.983 3.11 1.866, -0.983 0.61 1.3499, -0.983 3.11 1.3499, -1.3978 0.61 1.866, -1.3978 3.11 1.866, -0.348 3.11 3.696, -0.348 0.61 3.696, 0.002 3.11 3.696, 0.352 0.61 3.696, 0.237 3.11 3.696, 0.352 3.11 3.696, 0.3945 3.11 2.801, 0.352 3.11 4.0914, 0.3945 3.11 4.0779, -0.3905 3.11 2.801, -0.3905 3.11 4.0779, -0.348 3.11 4.0914, 0.002 3.11 2.801, -0.5705 3.11 4.0207, -0.5705 3.11 2.801, -1.5412 3.11 2.801, -1.3538 3.11 3.3477, -1.2076 3.11 3.5591, -1.4635 3.11 3.1152, -0.593 3.11 4.0135, -0.822 3.11 3.8966, -1.0287 3.11 3.7438, -1.5336 3.11 2.8679, -1.5488 3.11 2.3557, -1.4935 3.11 2.1046, -1.4579 3.11 2.016, -0.5705 3.11 2.016, -1.5623 3.11 2.6124, -0.5705 3.11 1.156, -0.6644 3.11 1.156, -0.7628 3.11 1.2006, -0.3905 3.11 1.156, -0.5205 3.11 1.0908, -0.5705 3.11 1.1135, 0.002 3.11 1.001, -0.2631 3.11 1.0237, -0.3905 3.11 1.0569, 0.3945 3.11 1.0569, 0.267 3.11 1.0237, 0.3945 3.11 1.156, 0.237 3.11 1.156, 0.6683 3.11 1.156, 0.5244 3.11 1.0908, 0.907 3.11 1.2957, 0.7668 3.11 1.2006, 0.907 3.11 2.016, 0.3945 3.11 2.016, 1.202 3.11 2.016, 1.4619 3.11 2.016, 1.4974 3.11 2.1046, 1.5528 3.11 2.3557, 1.3578 3.11 3.3477, 1.202 3.11 2.801, 1.2115 3.11 3.5591, 1.202 3.11 3.569, 1.4675 3.11 3.1152, 1.5376 3.11 2.8679, 1.5451 3.11 2.801, 0.907 3.11 2.801, 1.0326 3.11 3.7438, 0.907 3.11 3.8367, 0.8259 3.11 3.8966, 0.597 3.11 4.0135, 1.5663 3.11 2.6124, 0.237 3.11 2.016, 0.237 3.11 2.801, -0.3905 3.11 2.016, 0.002 3.11 2.016, 0.002 3.11 1.156, 0.237 3.11 1.0211, -0.348 0.61 4.0914, -0.348 0.61 4.3521, -0.348 1.14 4.3521, -0.348 0.61 4.5961, -0.348 1.4552 4.4724, -0.348 1.78 4.5961, 0.7668 0.61 1.2006, 0.5244 0.61 1.0908, 0.267 0.61 1.0237, -0.2631 0.61 1.0237, 0.002 0.61 1.001, -0.5205 0.61 1.0908, -0.7628 0.61 1.2006, 0.352 0.61 4.0914, 0.597 0.61 4.0135, 0.8259 0.61 3.8966, 1.0326 0.61 3.7438, 1.2115 0.61 3.5591, 1.3578 0.61 3.3477, 1.4675 0.61 3.1152, 1.5376 0.61 2.8679, 1.5663 0.61 2.6124, 1.5528 0.61 2.3557, 1.4974 0.61 2.1046, -1.5623 0.61 2.6124, -1.5488 0.61 2.3557, -1.4935 0.61 2.1046, -0.593 0.61 4.0135, -0.822 0.61 3.8966, -1.0287 0.61 3.7438, -1.2076 0.61 3.5591, -1.3538 0.61 3.3477, -1.4635 0.61 3.1152, -1.5336 0.61 2.8679, 0.352 1.14 4.3521, 0.352 0.61 4.3521, 0.352 1.4551 4.4723, 0.352 0.61 4.5961, 0.352 1.78 4.5961, 0.2698 0.61 4.6086, -0.0396 0.61 4.6256, -1.3274 0.61 1.323, -1.5123 0.61 1.5563, -1.6566 0.61 1.8167, -1.7566 0.61 2.0972, -1.8095 0.61 2.3902, -1.8139 0.61 2.6879, -1.7698 0.61 2.9824, -1.6782 0.61 3.2657, -1.5416 0.61 3.5303, -1.3637 0.61 3.7691, -1.1493 0.61 3.9757, -0.9041 0.61 4.1445, -0.6346 0.61 4.2711, -1.1069 0.61 1.1228, 0.6385 0.61 4.2711, 1.6606 0.61 1.8167, 1.5162 0.61 1.5563, 1.3313 0.61 1.323, 1.1108 0.61 1.1228, 0.8607 0.61 0.9614, 0.5875 0.61 0.8428, 0.2987 0.61 0.7704, 0.002 0.61 0.746, -0.2948 0.61 0.7704, -0.5836 0.61 0.8428, -0.8567 0.61 0.9614, 0.908 0.61 4.1445, 1.1532 0.61 3.9757, 1.3677 0.61 3.7691, 1.5455 0.61 3.5303, 1.6821 0.61 3.2657, 1.7737 0.61 2.9824, 1.8179 0.61 2.6879, 1.8135 0.61 2.3902, 1.7605 0.61 2.0972, -0.5172 1.14 4.3104, -0.7789 1.14 4.21, -0.6327 1.14 4.2661, -1.0221 1.14 4.0706, -0.9014 1.14 4.1398, -1.241 1.14 3.8955, -1.146 1.14 3.9715, -1.4304 1.14 3.6888, -1.36 1.14 3.7657, -1.5859 1.14 3.4555, -1.5378 1.14 3.5277, -1.7036 1.14 3.2011, -1.6745 1.14 3.264, -1.7809 1.14 2.9317, -1.7666 1.14 2.9815, -1.8078 1.14 2.3733, -1.8083 1.14 2.3903, -1.8159 1.14 2.6535, -1.8116 1.14 2.6877, -1.6639 1.14 1.8332, -1.7566 1.14 2.0972, -1.7567 1.14 2.0977, -1.5316 1.14 1.586, -1.6555 1.14 1.8174, -1.3629 1.14 1.3621, -1.5104 1.14 1.5578, -1.1619 1.14 1.1668, -1.3251 1.14 1.3253, -0.9332 1.14 1.0047, -1.1045 1.14 1.1262, -0.6823 1.14 0.8796, -0.8547 1.14 0.9655, -0.4152 1.14 0.7945, -0.5821 1.14 0.8476, -0.1382 1.14 0.7515, -0.294 1.14 0.7757, 0.1421 1.14 0.7515, 0.002 1.14 0.7515, 0.4191 1.14 0.7945, 0.2979 1.14 0.7757, 0.6862 1.14 0.8796, 0.586 1.14 0.8476, 0.9371 1.14 1.0047, 0.8586 1.14 0.9655, 1.1658 1.14 1.1668, 1.1085 1.14 1.1262, 1.3669 1.14 1.3621, 1.329 1.14 1.3253, 1.5356 1.14 1.586, 1.5143 1.14 1.5578, 1.7607 1.14 2.0977, 1.7605 1.14 2.0972, 1.6679 1.14 1.8332, 1.6594 1.14 1.8174, 1.8117 1.14 2.3733, 1.8122 1.14 2.3903, 1.8199 1.14 2.6535, 1.8156 1.14 2.6877, 1.7849 1.14 2.9317, 1.7706 1.14 2.9815, 1.7076 1.14 3.2011, 1.6785 1.14 3.264, 1.5898 1.14 3.4555, 1.5417 1.14 3.5277, 1.4344 1.14 3.6888, 1.3639 1.14 3.7657, 1.2449 1.14 3.8955, 1.1499 1.14 3.9715, 1.026 1.14 4.0706, 0.9053 1.14 4.1398, 0.7828 1.14 4.21, 0.6366 1.14 4.2661, 0.5211 1.14 4.3104, 0.5729 1.78 4.5444, -0.5856 1.78 4.5405, -0.6047 1.78 4.5332, -0.8819 1.78 4.4268, -0.8914 1.78 4.4213, -1.1571 1.78 4.269, -1.1584 1.78 4.268, -1.0565 1.78 0.7988, -1.1551 1.78 0.8687, -1.3153 1.78 0.9823, -1.3953 1.78 1.06, -1.5429 1.78 1.2034, -1.6043 1.78 1.2849, -1.7339 1.78 1.4568, -1.7776 1.78 1.5384, -1.8836 1.78 1.7365, -1.9112 1.78 1.815, -1.9887 1.78 2.0359, -2.0021 1.78 2.1084, -2.0465 1.78 2.3479, -2.0483 1.78 2.4122, -2.0556 1.78 2.6651, -2.0488 1.78 2.7196, -2.016 1.78 2.9799, -2.0035 1.78 3.0236, -1.9285 1.78 3.2849, -1.9134 1.78 3.3176, -1.7952 1.78 3.5728, -1.7805 1.78 3.595, -1.6193 1.78 3.8369, -1.6077 1.78 3.8496, -1.4049 1.78 4.0708, -1.3988 1.78 4.0757, -0.8892 1.78 0.7154, -0.7725 1.78 0.6572, -0.6034 1.78 0.6033, -0.4702 1.78 0.5609, -0.3041 1.78 0.5351, -0.1567 1.78 0.5122, 0.002 1.78 0.506, 0.1606 1.78 0.5122, 0.31 1.78 0.5354, 0.4741 1.78 0.5609, 0.6111 1.78 0.6045, 0.7765 1.78 0.6572, 0.8984 1.78 0.718, 1.0604 1.78 0.7988, 1.1655 1.78 0.8733, 1.3193 1.78 0.9823, 1.4063 1.78 1.0669, 1.5469 1.78 1.2034, 1.6154 1.78 1.2944, 1.7378 1.78 1.4568, 1.7881 1.78 1.5506, 1.8876 1.78 1.7365, 1.9203 1.78 1.8299, 1.9926 1.78 2.0359, 2.0093 1.78 2.1259, 2.0504 1.78 2.3479, 2.0528 1.78 2.432, 2.0596 1.78 2.6651, 2.05 1.78 2.7411, 2.02 1.78 2.9799, 2.0009 1.78 3.0464, 1.9325 1.78 3.2849, 1.9065 1.78 3.3409, 1.7992 1.78 3.5728, 1.7691 1.78 3.618, 1.6233 1.78 3.8369, 1.5916 1.78 3.8714, 1.4089 1.78 4.0708, 1.3781 1.78 4.0954, 1.1611 1.78 4.269, 1.1334 1.78 4.2849, 0.8858 1.78 4.4268, 0.8629 1.78 4.4356, 0.5896 1.78 4.5405, 0.002 2.95 4.626, 0.002 1.78 4.626, -0.0394 1.78 4.6229, -0.3051 2.95 4.603, -0.6052 2.95 4.5345, -0.3051 1.78 4.603, -0.8918 2.95 4.422, -1.1585 2.95 4.2681, -1.3992 2.95 4.0761, -1.6086 2.95 3.8504, -1.782 2.95 3.596, -1.9156 2.95 3.3186, -2.0064 2.95 3.0244, -2.0523 2.95 2.72, -2.0523 2.95 2.4121, -2.0064 2.95 2.1077, -1.9156 2.95 1.8134, -1.782 2.95 1.536, -1.6086 2.95 1.2817, -1.3992 2.95 1.056, -1.1585 2.95 0.864, -0.8918 2.95 0.7101, -0.6052 2.95 0.5976, -0.3051 2.95 0.5291, 0.002 2.95 0.506, 0.2698 2.95 4.6086, 0.5731 2.95 4.5453, 0.8635 2.95 4.4372, 1.1345 2.95 4.2868, 1.3798 2.95 4.0975, 1.5939 2.95 3.8735, 1.772 2.95 3.6199, 1.91 2.95 3.3425, 2.0049 2.95 3.0476, 2.0545 2.95 2.7417, 2.0576 2.95 2.4318, 2.0142 2.95 2.125, 1.9253 2.95 1.8282, 1.7929 2.95 1.5481, 1.6199 2.95 1.291, 1.4104 2.95 1.0627, 1.1689 2.95 0.8685, 0.9011 2.95 0.7126, 0.6129 2.95 0.5987, 0.311 2.95 0.5294
            ]
        }
        coordIndex [
            0,1,2,-1,2,1,3,-1,2,3,4,-1,5,6,7,-1,7,6,8,-1,7,8,9,-1,6,5,10,-1,6,10,11,-1,11,10,12,-1,11,12,13,-1,14,15,16,-1,16,15,11,-1,16,11,13,-1,15,14,17,-1,15,17,18,-1,18,17,19,-1,18,19,20,-1,20,19,21,-1,20,21,22,-1,22,21,23,-1,22,23,24,-1,24,23,25,-1,24,25,26,-1,26,25,27,-1,26,27,28,-1,29,30,31,-1,31,30,32,-1,31,32,33,-1,33,32,34,-1,34,32,35,-1,36,37,38,-1,36,38,39,-1,39,38,40,-1,39,40,41,-1,42,43,44,-1,44,43,41,-1,44,41,45,-1,45,41,40,-1,45,40,35,-1,35,40,34,-1,46,47,48,-1,48,47,49,-1,49,50,48,-1,48,50,51,-1,48,51,52,-1,53,54,55,-1,55,54,56,-1,57,55,58,-1,58,55,56,-1,58,56,46,-1,46,56,47,-1,56,54,59,-1,49,47,56,-1,56,59,49,-1,49,59,60,-1,49,60,50,-1,43,61,41,-1,41,61,39,-1,51,50,62,-1,62,50,60,-1,63,37,36,-1,64,65,63,-1,63,36,64,-1,64,36,39,-1,64,39,61,-1,63,65,66,-1,66,65,67,-1,38,37,68,-1,68,37,63,-1,68,63,69,-1,69,63,66,-1,70,67,71,-1,71,67,72,-1,55,73,53,-1,53,73,74,-1,53,74,67,-1,67,74,75,-1,67,75,72,-1,6,11,8,-1,8,11,15,-1,8,15,70,-1,70,15,18,-1,66,67,28,-1,28,67,26,-1,18,20,70,-1,70,20,22,-1,70,22,67,-1,67,22,24,-1,67,24,26,-1,73,76,77,-1,73,77,74,-1,74,77,78,-1,74,78,75,-1,75,78,79,-1,75,79,72,-1,72,79,80,-1,72,80,71,-1,71,80,81,-1,71,81,70,-1,70,81,9,-1,70,9,8,-1,82,83,84,-1,85,86,83,-1,83,86,87,-1,83,87,84,-1,88,5,89,-1,89,5,90,-1,88,91,5,-1,5,91,92,-1,5,92,10,-1,93,94,83,-1,83,94,95,-1,96,97,12,-1,95,98,83,-1,83,98,99,-1,83,99,100,-1,92,101,10,-1,10,101,102,-1,10,102,12,-1,12,102,103,-1,12,103,96,-1,100,104,83,-1,83,104,105,-1,83,105,85,-1,48,52,106,-1,0,2,106,-1,106,2,107,-1,106,107,48,-1,108,109,110,-1,111,109,82,-1,82,109,108,-1,82,108,107,-1,107,108,112,-1,107,112,48,-1,48,112,113,-1,111,46,114,-1,114,46,115,-1,116,117,46,-1,46,117,118,-1,46,118,115,-1,113,119,48,-1,48,119,120,-1,48,120,46,-1,46,120,121,-1,46,121,116,-1,122,123,124,-1,124,123,125,-1,123,126,125,-1,125,126,127,-1,125,127,110,-1,110,127,128,-1,110,128,108,-1,111,82,46,-1,46,82,129,-1,46,129,58,-1,58,129,130,-1,58,130,57,-1,84,90,82,-1,82,90,5,-1,82,5,129,-1,129,5,7,-1,129,7,130,-1,130,7,9,-1,130,9,76,-1,76,9,77,-1,9,81,77,-1,77,81,80,-1,77,80,78,-1,78,80,79,-1,13,12,131,-1,13,132,133,-1,134,135,136,-1,136,135,137,-1,136,137,138,-1,139,140,131,-1,131,140,141,-1,131,141,13,-1,13,141,142,-1,13,142,132,-1,143,144,145,-1,145,144,146,-1,145,146,147,-1,147,146,140,-1,147,140,148,-1,148,140,139,-1,148,139,149,-1,143,150,144,-1,144,150,151,-1,144,151,152,-1,133,153,13,-1,13,153,134,-1,13,134,16,-1,16,134,136,-1,16,136,14,-1,14,136,154,-1,154,27,14,-1,14,27,25,-1,14,25,23,-1,23,21,14,-1,14,21,19,-1,14,19,17,-1,38,68,136,-1,136,68,69,-1,136,69,154,-1,155,156,33,-1,155,33,157,-1,156,158,33,-1,33,158,159,-1,33,159,31,-1,31,159,160,-1,139,161,162,-1,138,149,136,-1,136,149,139,-1,136,139,38,-1,38,139,162,-1,38,162,163,-1,163,164,38,-1,38,164,165,-1,38,165,166,-1,157,33,167,-1,167,33,34,-1,167,34,166,-1,166,34,40,-1,166,40,38,-1,168,169,170,-1,170,169,171,-1,171,172,170,-1,170,172,173,-1,170,173,174,-1,175,176,31,-1,175,31,177,-1,178,179,180,-1,178,180,139,-1,139,180,181,-1,139,181,182,-1,182,183,139,-1,139,183,184,-1,139,184,185,-1,170,186,168,-1,168,186,161,-1,168,161,160,-1,160,161,139,-1,160,139,31,-1,31,139,185,-1,31,185,177,-1,187,188,189,-1,176,190,31,-1,31,190,191,-1,31,191,29,-1,29,191,192,-1,29,192,178,-1,178,192,189,-1,178,189,179,-1,179,189,188,-1,189,193,187,-1,187,193,194,-1,187,194,195,-1,195,194,196,-1,197,198,131,-1,199,200,139,-1,198,201,131,-1,131,201,202,-1,131,202,139,-1,139,202,203,-1,139,203,199,-1,204,205,206,-1,206,205,178,-1,206,178,207,-1,200,208,139,-1,139,208,209,-1,139,209,178,-1,178,209,210,-1,178,210,207,-1,207,210,211,-1,207,211,212,-1,212,213,214,-1,214,215,212,-1,212,215,216,-1,212,216,207,-1,217,218,131,-1,218,219,131,-1,131,219,220,-1,131,220,221,-1,83,222,223,-1,223,224,83,-1,83,224,225,-1,83,225,226,-1,226,217,83,-1,83,217,131,-1,83,131,93,-1,93,131,12,-1,93,12,227,-1,227,12,97,-1,228,229,230,-1,229,228,221,-1,221,228,205,-1,221,205,131,-1,131,205,204,-1,131,204,197,-1,231,232,233,-1,234,228,235,-1,235,228,230,-1,235,230,236,-1,236,230,231,-1,236,231,237,-1,237,231,233,-1,234,222,228,-1,228,222,83,-1,228,83,238,-1,238,83,82,-1,239,240,82,-1,239,82,241,-1,242,107,243,-1,243,107,244,-1,245,238,246,-1,242,247,107,-1,107,247,248,-1,107,248,82,-1,82,248,249,-1,82,249,241,-1,240,250,82,-1,82,250,251,-1,82,251,238,-1,238,251,252,-1,238,252,246,-1,246,252,253,-1,246,253,254,-1,255,256,257,-1,255,257,258,-1,254,253,257,-1,257,253,259,-1,257,259,258,-1,246,244,245,-1,245,244,107,-1,245,107,4,-1,4,107,2,-1,106,260,0,-1,0,260,1,-1,30,261,32,-1,32,261,262,-1,32,262,35,-1,35,262,45,-1,263,3,1,-1,260,264,1,-1,1,264,265,-1,1,265,263,-1,69,66,154,-1,154,66,28,-1,154,28,27,-1,76,73,130,-1,130,73,55,-1,130,55,57,-1,266,44,262,-1,262,44,45,-1,265,264,267,-1,267,264,268,-1,264,260,52,-1,52,260,106,-1,62,269,268,-1,264,52,268,-1,268,52,51,-1,268,51,62,-1,270,42,266,-1,266,42,44,-1,267,268,271,-1,271,268,269,-1,272,273,274,-1,274,273,275,-1,274,275,276,-1,276,275,277,-1,276,277,278,-1,278,277,279,-1,278,279,280,-1,279,281,280,-1,280,281,282,-1,280,282,283,-1,283,282,284,-1,283,284,285,-1,284,286,285,-1,285,286,287,-1,285,287,288,-1,288,287,289,-1,288,289,290,-1,290,289,291,-1,290,291,292,-1,292,291,293,-1,292,293,294,-1,294,293,295,-1,294,295,296,-1,296,295,297,-1,296,297,298,-1,298,297,299,-1,298,299,300,-1,300,299,301,-1,300,301,302,-1,302,301,303,-1,302,303,304,-1,304,303,305,-1,304,305,306,-1,306,305,307,-1,306,307,308,-1,308,307,309,-1,308,309,310,-1,310,309,311,-1,310,311,312,-1,312,311,313,-1,312,313,314,-1,314,313,315,-1,314,315,316,-1,315,317,316,-1,316,317,318,-1,316,318,319,-1,319,318,320,-1,319,320,321,-1,320,322,321,-1,321,322,323,-1,321,323,324,-1,324,323,325,-1,324,325,326,-1,326,325,327,-1,326,327,328,-1,328,327,329,-1,328,329,330,-1,330,329,331,-1,330,331,272,-1,272,331,273,-1,332,333,334,-1,332,334,335,-1,334,336,335,-1,335,336,337,-1,335,337,338,-1,337,339,338,-1,338,339,340,-1,338,340,341,-1,340,342,341,-1,341,342,343,-1,341,343,344,-1,343,345,344,-1,344,345,346,-1,344,346,347,-1,346,348,347,-1,347,348,349,-1,347,349,350,-1,349,351,350,-1,350,351,352,-1,350,352,353,-1,352,354,353,-1,353,354,355,-1,353,355,356,-1,355,357,356,-1,356,357,358,-1,356,358,359,-1,358,360,359,-1,359,360,361,-1,359,361,362,-1,361,363,362,-1,362,363,364,-1,362,364,365,-1,364,366,365,-1,365,366,367,-1,365,367,368,-1,369,370,371,-1,371,370,368,-1,371,368,372,-1,372,368,367,-1,330,272,369,-1,369,371,330,-1,330,371,372,-1,330,372,328,-1,372,367,328,-1,328,367,366,-1,328,366,326,-1,366,364,326,-1,326,364,363,-1,326,363,324,-1,363,361,324,-1,324,361,360,-1,324,360,321,-1,360,358,321,-1,321,358,357,-1,321,357,319,-1,357,355,319,-1,319,355,354,-1,319,354,316,-1,354,352,316,-1,316,352,351,-1,316,351,314,-1,351,349,314,-1,314,349,348,-1,314,348,312,-1,348,346,312,-1,312,346,345,-1,312,345,310,-1,345,343,310,-1,310,343,342,-1,310,342,308,-1,342,340,308,-1,308,340,339,-1,308,339,306,-1,333,302,334,-1,334,302,304,-1,334,304,336,-1,336,304,306,-1,336,306,337,-1,337,306,339,-1,300,302,333,-1,333,373,300,-1,300,373,374,-1,300,374,298,-1,374,375,298,-1,298,375,376,-1,298,376,296,-1,376,377,296,-1,296,377,378,-1,296,378,294,-1,378,379,294,-1,294,379,380,-1,294,380,292,-1,380,381,292,-1,292,381,382,-1,292,382,290,-1,290,382,383,-1,290,383,288,-1,288,383,384,-1,288,384,285,-1,384,385,285,-1,285,385,386,-1,285,386,283,-1,386,387,283,-1,283,387,388,-1,283,388,280,-1,388,389,280,-1,280,389,390,-1,280,390,278,-1,390,391,278,-1,278,391,392,-1,278,392,276,-1,369,272,393,-1,393,272,274,-1,393,274,394,-1,394,274,276,-1,394,276,395,-1,395,276,392,-1,370,369,393,-1,370,393,396,-1,393,394,396,-1,396,394,395,-1,396,395,397,-1,395,392,397,-1,397,392,391,-1,397,391,398,-1,391,390,398,-1,398,390,389,-1,398,389,399,-1,389,388,399,-1,399,388,387,-1,399,387,400,-1,387,386,400,-1,400,386,385,-1,400,385,401,-1,385,384,401,-1,401,384,383,-1,401,383,402,-1,383,382,402,-1,402,382,381,-1,402,381,403,-1,381,380,403,-1,403,380,379,-1,403,379,404,-1,379,378,404,-1,404,378,377,-1,404,377,405,-1,377,376,405,-1,405,376,375,-1,405,375,406,-1,333,332,373,-1,373,332,406,-1,373,406,374,-1,374,406,375,-1,407,408,409,-1,409,408,410,-1,409,410,411,-1,411,410,412,-1,411,412,413,-1,413,412,414,-1,413,414,415,-1,414,416,415,-1,415,416,417,-1,415,417,418,-1,418,417,419,-1,418,419,420,-1,420,419,421,-1,420,421,422,-1,421,423,422,-1,422,423,424,-1,422,424,425,-1,425,424,426,-1,425,426,427,-1,427,426,428,-1,427,428,429,-1,429,428,430,-1,429,430,431,-1,431,430,432,-1,431,432,433,-1,433,432,434,-1,433,434,435,-1,435,434,436,-1,435,436,437,-1,437,436,438,-1,437,438,439,-1,439,438,440,-1,439,440,441,-1,441,440,442,-1,441,442,443,-1,443,442,444,-1,443,444,445,-1,445,444,446,-1,445,446,447,-1,447,446,448,-1,447,448,449,-1,448,450,449,-1,449,450,451,-1,449,451,452,-1,452,451,453,-1,452,453,454,-1,454,453,455,-1,454,455,456,-1,455,457,456,-1,456,457,458,-1,456,458,459,-1,459,458,460,-1,459,460,461,-1,461,460,462,-1,461,462,463,-1,463,462,464,-1,463,464,465,-1,465,464,466,-1,465,466,407,-1,407,466,408,-1,467,468,469,-1,467,469,470,-1,469,471,470,-1,470,471,472,-1,470,472,473,-1,472,474,473,-1,473,474,475,-1,473,475,476,-1,475,477,476,-1,476,477,478,-1,476,478,479,-1,478,480,479,-1,479,480,481,-1,479,481,482,-1,481,483,482,-1,482,483,484,-1,482,484,485,-1,484,486,485,-1,485,486,487,-1,485,487,488,-1,487,489,488,-1,488,489,490,-1,488,490,491,-1,490,492,491,-1,491,492,493,-1,491,493,494,-1,493,495,494,-1,494,495,496,-1,494,496,497,-1,496,498,497,-1,497,498,499,-1,497,499,500,-1,499,501,500,-1,500,501,502,-1,500,502,503,-1,504,505,506,-1,506,505,503,-1,506,503,507,-1,507,503,502,-1,465,407,504,-1,504,506,465,-1,465,506,507,-1,465,507,463,-1,507,502,463,-1,463,502,501,-1,463,501,461,-1,501,499,461,-1,461,499,498,-1,461,498,459,-1,498,496,459,-1,459,496,495,-1,459,495,456,-1,495,493,456,-1,456,493,492,-1,456,492,454,-1,492,490,454,-1,454,490,489,-1,454,489,452,-1,489,487,452,-1,452,487,486,-1,452,486,449,-1,486,484,449,-1,449,484,483,-1,449,483,447,-1,483,481,447,-1,447,481,480,-1,447,480,445,-1,480,478,445,-1,445,478,477,-1,445,477,443,-1,477,475,443,-1,443,475,474,-1,443,474,441,-1,468,437,469,-1,469,437,439,-1,469,439,471,-1,471,439,441,-1,471,441,472,-1,472,441,474,-1,435,437,468,-1,468,508,435,-1,435,508,509,-1,435,509,433,-1,509,510,433,-1,433,510,511,-1,433,511,431,-1,511,512,431,-1,431,512,513,-1,431,513,429,-1,513,514,429,-1,429,514,515,-1,429,515,427,-1,515,516,427,-1,427,516,517,-1,427,517,425,-1,425,517,518,-1,425,518,422,-1,422,518,519,-1,422,519,420,-1,519,520,420,-1,420,520,521,-1,420,521,418,-1,521,522,418,-1,418,522,523,-1,418,523,415,-1,523,524,415,-1,415,524,525,-1,415,525,413,-1,525,526,413,-1,413,526,527,-1,413,527,411,-1,504,407,528,-1,528,407,409,-1,528,409,529,-1,529,409,411,-1,529,411,530,-1,530,411,527,-1,505,504,528,-1,505,528,531,-1,528,529,531,-1,531,529,530,-1,531,530,532,-1,530,527,532,-1,532,527,526,-1,532,526,533,-1,526,525,533,-1,533,525,524,-1,533,524,534,-1,524,523,534,-1,534,523,522,-1,534,522,535,-1,522,521,535,-1,535,521,520,-1,535,520,536,-1,520,519,536,-1,536,519,518,-1,536,518,537,-1,518,517,537,-1,537,517,516,-1,537,516,538,-1,516,515,538,-1,538,515,514,-1,538,514,539,-1,514,513,539,-1,539,513,512,-1,539,512,540,-1,512,511,540,-1,540,511,510,-1,540,510,541,-1,468,467,508,-1,508,467,541,-1,508,541,509,-1,509,541,510,-1,542,543,544,-1,544,543,545,-1,544,545,546,-1,546,545,547,-1,546,547,548,-1,547,549,548,-1,548,549,550,-1,548,550,551,-1,551,550,552,-1,551,552,553,-1,553,552,554,-1,553,554,555,-1,555,554,556,-1,555,556,557,-1,557,556,558,-1,557,558,559,-1,559,558,560,-1,559,560,561,-1,560,562,561,-1,561,562,563,-1,561,563,564,-1,564,563,565,-1,564,565,566,-1,566,565,567,-1,566,567,568,-1,568,567,569,-1,568,569,570,-1,570,569,571,-1,570,571,572,-1,572,571,573,-1,572,573,574,-1,574,573,575,-1,574,575,576,-1,576,575,577,-1,576,577,578,-1,578,577,579,-1,578,579,580,-1,579,581,580,-1,580,581,582,-1,580,582,583,-1,583,582,584,-1,583,584,585,-1,585,584,586,-1,585,586,587,-1,587,586,588,-1,587,588,589,-1,589,588,590,-1,589,590,591,-1,591,590,592,-1,591,592,593,-1,592,594,593,-1,593,594,595,-1,593,595,596,-1,596,595,597,-1,596,597,598,-1,598,597,599,-1,598,599,600,-1,600,599,601,-1,600,601,542,-1,542,601,543,-1,602,603,604,-1,602,604,605,-1,604,606,605,-1,605,606,607,-1,605,607,608,-1,607,609,608,-1,608,609,610,-1,608,610,611,-1,610,612,611,-1,611,612,613,-1,611,613,614,-1,613,615,614,-1,614,615,616,-1,614,616,617,-1,616,618,617,-1,617,618,619,-1,617,619,620,-1,619,621,620,-1,620,621,622,-1,620,622,623,-1,622,624,623,-1,623,624,625,-1,623,625,626,-1,625,627,626,-1,626,627,628,-1,626,628,629,-1,628,630,629,-1,629,630,631,-1,629,631,632,-1,631,633,632,-1,632,633,634,-1,632,634,635,-1,634,636,635,-1,635,636,637,-1,635,637,638,-1,639,640,641,-1,641,640,638,-1,641,638,642,-1,642,638,637,-1,600,542,639,-1,639,641,600,-1,600,641,642,-1,600,642,598,-1,642,637,598,-1,598,637,636,-1,598,636,596,-1,636,634,596,-1,596,634,633,-1,596,633,593,-1,633,631,593,-1,593,631,630,-1,593,630,591,-1,630,628,591,-1,591,628,627,-1,591,627,589,-1,627,625,589,-1,589,625,624,-1,589,624,587,-1,624,622,587,-1,587,622,621,-1,587,621,585,-1,621,619,585,-1,585,619,618,-1,585,618,583,-1,618,616,583,-1,583,616,615,-1,583,615,580,-1,615,613,580,-1,580,613,612,-1,580,612,578,-1,612,610,578,-1,578,610,609,-1,578,609,576,-1,603,572,604,-1,604,572,574,-1,604,574,606,-1,606,574,576,-1,606,576,607,-1,607,576,609,-1,570,572,603,-1,603,643,570,-1,570,643,644,-1,570,644,568,-1,644,645,568,-1,568,645,646,-1,568,646,566,-1,646,647,566,-1,566,647,648,-1,566,648,564,-1,648,649,564,-1,564,649,650,-1,564,650,561,-1,650,651,561,-1,561,651,652,-1,561,652,559,-1,559,652,653,-1,559,653,557,-1,557,653,654,-1,557,654,555,-1,654,655,555,-1,555,655,656,-1,555,656,553,-1,656,657,553,-1,553,657,658,-1,553,658,551,-1,658,659,551,-1,551,659,660,-1,551,660,548,-1,660,661,548,-1,548,661,662,-1,548,662,546,-1,639,542,663,-1,663,542,544,-1,663,544,664,-1,664,544,546,-1,664,546,665,-1,665,546,662,-1,640,639,663,-1,640,663,666,-1,663,664,666,-1,666,664,665,-1,666,665,667,-1,665,662,667,-1,667,662,661,-1,667,661,668,-1,661,660,668,-1,668,660,659,-1,668,659,669,-1,659,658,669,-1,669,658,657,-1,669,657,670,-1,657,656,670,-1,670,656,655,-1,670,655,671,-1,655,654,671,-1,671,654,653,-1,671,653,672,-1,653,652,672,-1,672,652,651,-1,672,651,673,-1,651,650,673,-1,673,650,649,-1,673,649,674,-1,649,648,674,-1,674,648,647,-1,674,647,675,-1,647,646,675,-1,675,646,645,-1,675,645,676,-1,603,602,643,-1,643,602,676,-1,643,676,644,-1,644,676,645,-1,677,678,679,-1,679,678,680,-1,679,680,681,-1,681,680,682,-1,681,682,683,-1,683,682,684,-1,683,684,685,-1,685,684,686,-1,685,686,687,-1,687,686,688,-1,687,688,689,-1,689,688,690,-1,689,690,691,-1,691,690,692,-1,691,692,693,-1,693,692,694,-1,693,694,695,-1,695,694,696,-1,695,696,697,-1,697,696,698,-1,697,698,699,-1,699,698,700,-1,699,700,701,-1,701,700,702,-1,701,702,703,-1,703,702,704,-1,703,704,705,-1,705,704,706,-1,705,706,707,-1,707,706,708,-1,707,708,709,-1,709,708,710,-1,709,710,711,-1,711,710,712,-1,711,712,713,-1,713,712,714,-1,713,714,715,-1,715,714,716,-1,715,716,717,-1,717,716,718,-1,717,718,719,-1,719,718,720,-1,719,720,721,-1,721,720,722,-1,721,722,723,-1,723,722,724,-1,723,724,725,-1,725,724,726,-1,725,726,727,-1,727,726,728,-1,727,728,729,-1,729,728,730,-1,729,730,731,-1,731,730,732,-1,731,732,677,-1,677,732,678,-1,733,734,735,-1,733,735,736,-1,735,737,736,-1,736,737,738,-1,736,738,739,-1,738,740,739,-1,739,740,741,-1,739,741,742,-1,741,743,742,-1,742,743,744,-1,742,744,745,-1,744,746,745,-1,745,746,747,-1,745,747,748,-1,747,749,748,-1,748,749,750,-1,748,750,751,-1,750,752,751,-1,751,752,753,-1,751,753,754,-1,753,755,754,-1,754,755,756,-1,754,756,757,-1,756,758,757,-1,757,758,759,-1,757,759,760,-1,759,761,760,-1,760,761,762,-1,760,762,763,-1,762,764,763,-1,763,764,765,-1,763,765,766,-1,765,767,766,-1,766,767,768,-1,766,768,769,-1,770,771,772,-1,772,771,769,-1,772,769,773,-1,773,769,768,-1,731,677,770,-1,770,772,731,-1,731,772,773,-1,731,773,729,-1,773,768,729,-1,729,768,767,-1,729,767,727,-1,767,765,727,-1,727,765,764,-1,727,764,725,-1,764,762,725,-1,725,762,761,-1,725,761,723,-1,761,759,723,-1,723,759,758,-1,723,758,721,-1,758,756,721,-1,721,756,755,-1,721,755,719,-1,755,753,719,-1,719,753,752,-1,719,752,717,-1,752,750,717,-1,717,750,749,-1,717,749,715,-1,749,747,715,-1,715,747,746,-1,715,746,713,-1,746,744,713,-1,713,744,743,-1,713,743,711,-1,743,741,711,-1,711,741,740,-1,711,740,709,-1,734,705,735,-1,735,705,707,-1,735,707,737,-1,737,707,709,-1,737,709,738,-1,738,709,740,-1,703,705,734,-1,734,774,703,-1,703,774,775,-1,703,775,701,-1,775,776,701,-1,701,776,777,-1,701,777,699,-1,777,778,699,-1,699,778,779,-1,699,779,697,-1,779,780,697,-1,697,780,781,-1,697,781,695,-1,781,782,695,-1,695,782,783,-1,695,783,693,-1,693,783,784,-1,693,784,691,-1,691,784,785,-1,691,785,689,-1,785,786,689,-1,689,786,787,-1,689,787,687,-1,787,788,687,-1,687,788,789,-1,687,789,685,-1,789,790,685,-1,685,790,791,-1,685,791,683,-1,791,792,683,-1,683,792,793,-1,683,793,681,-1,770,677,794,-1,794,677,679,-1,794,679,795,-1,795,679,681,-1,795,681,796,-1,796,681,793,-1,771,770,794,-1,771,794,797,-1,794,795,797,-1,797,795,796,-1,797,796,798,-1,796,793,798,-1,798,793,792,-1,798,792,799,-1,792,791,799,-1,799,791,790,-1,799,790,800,-1,790,789,800,-1,800,789,788,-1,800,788,801,-1,788,787,801,-1,801,787,786,-1,801,786,802,-1,786,785,802,-1,802,785,784,-1,802,784,803,-1,784,783,803,-1,803,783,782,-1,803,782,804,-1,782,781,804,-1,804,781,780,-1,804,780,805,-1,780,779,805,-1,805,779,778,-1,805,778,806,-1,778,777,806,-1,806,777,776,-1,806,776,807,-1,734,733,774,-1,774,733,807,-1,774,807,775,-1,775,807,776,-1,808,809,810,-1,810,809,811,-1,810,811,812,-1,812,811,813,-1,812,813,814,-1,814,813,815,-1,814,815,816,-1,816,815,817,-1,816,817,818,-1,818,817,819,-1,818,819,820,-1,820,819,821,-1,820,821,822,-1,822,821,823,-1,822,823,824,-1,824,823,825,-1,824,825,826,-1,825,827,826,-1,826,827,828,-1,826,828,829,-1,829,828,830,-1,829,830,831,-1,831,830,832,-1,831,832,833,-1,833,832,834,-1,833,834,835,-1,835,834,836,-1,835,836,837,-1,837,836,838,-1,837,838,839,-1,839,838,840,-1,839,840,841,-1,841,840,842,-1,841,842,843,-1,843,842,844,-1,843,844,845,-1,844,846,845,-1,845,846,847,-1,845,847,848,-1,848,847,849,-1,848,849,850,-1,850,849,851,-1,850,851,852,-1,852,851,853,-1,852,853,854,-1,854,853,855,-1,854,855,856,-1,856,855,857,-1,856,857,858,-1,858,857,859,-1,858,859,860,-1,860,859,861,-1,860,861,862,-1,862,861,863,-1,862,863,864,-1,864,863,865,-1,864,865,808,-1,808,865,809,-1,866,867,868,-1,866,868,869,-1,868,870,869,-1,869,870,871,-1,869,871,872,-1,871,873,872,-1,872,873,874,-1,872,874,875,-1,874,876,875,-1,875,876,877,-1,875,877,878,-1,877,879,878,-1,878,879,880,-1,878,880,881,-1,880,882,881,-1,881,882,883,-1,881,883,884,-1,883,885,884,-1,884,885,886,-1,884,886,887,-1,886,888,887,-1,887,888,889,-1,887,889,890,-1,889,891,890,-1,890,891,892,-1,890,892,893,-1,892,894,893,-1,893,894,895,-1,893,895,896,-1,895,897,896,-1,896,897,898,-1,896,898,899,-1,898,900,899,-1,899,900,901,-1,899,901,902,-1,903,904,905,-1,905,904,902,-1,905,902,906,-1,906,902,901,-1,864,808,903,-1,903,905,864,-1,864,905,906,-1,864,906,862,-1,906,901,862,-1,862,901,900,-1,862,900,860,-1,900,898,860,-1,860,898,897,-1,860,897,858,-1,897,895,858,-1,858,895,894,-1,858,894,856,-1,894,892,856,-1,856,892,891,-1,856,891,854,-1,891,889,854,-1,854,889,888,-1,854,888,852,-1,888,886,852,-1,852,886,885,-1,852,885,850,-1,885,883,850,-1,850,883,882,-1,850,882,848,-1,882,880,848,-1,848,880,879,-1,848,879,845,-1,879,877,845,-1,845,877,876,-1,845,876,843,-1,876,874,843,-1,843,874,873,-1,843,873,841,-1,867,837,868,-1,868,837,839,-1,868,839,870,-1,870,839,841,-1,870,841,871,-1,871,841,873,-1,835,837,867,-1,867,907,835,-1,835,907,908,-1,835,908,833,-1,908,909,833,-1,833,909,910,-1,833,910,831,-1,910,911,831,-1,831,911,912,-1,831,912,829,-1,912,913,829,-1,829,913,914,-1,829,914,826,-1,914,915,826,-1,826,915,916,-1,826,916,824,-1,824,916,917,-1,824,917,822,-1,822,917,918,-1,822,918,820,-1,918,919,820,-1,820,919,920,-1,820,920,818,-1,920,921,818,-1,818,921,922,-1,818,922,816,-1,922,923,816,-1,816,923,924,-1,816,924,814,-1,924,925,814,-1,814,925,926,-1,814,926,812,-1,903,808,927,-1,927,808,810,-1,927,810,928,-1,928,810,812,-1,928,812,929,-1,929,812,926,-1,904,903,927,-1,904,927,930,-1,927,928,930,-1,930,928,929,-1,930,929,931,-1,929,926,931,-1,931,926,925,-1,931,925,932,-1,925,924,932,-1,932,924,923,-1,932,923,933,-1,923,922,933,-1,933,922,921,-1,933,921,934,-1,921,920,934,-1,934,920,919,-1,934,919,935,-1,919,918,935,-1,935,918,917,-1,935,917,936,-1,917,916,936,-1,936,916,915,-1,936,915,937,-1,915,914,937,-1,937,914,913,-1,937,913,938,-1,913,912,938,-1,938,912,911,-1,938,911,939,-1,911,910,939,-1,939,910,909,-1,939,909,940,-1,867,866,907,-1,907,866,940,-1,907,940,908,-1,908,940,909,-1,941,942,943,-1,943,942,944,-1,943,944,945,-1,945,944,946,-1,945,946,947,-1,947,946,948,-1,947,948,949,-1,949,948,950,-1,949,950,951,-1,951,950,952,-1,951,952,953,-1,953,952,954,-1,953,954,955,-1,955,954,956,-1,955,956,957,-1,957,956,958,-1,957,958,959,-1,959,958,960,-1,959,960,961,-1,960,962,961,-1,961,962,963,-1,961,963,964,-1,964,963,965,-1,964,965,966,-1,966,965,967,-1,966,967,968,-1,968,967,969,-1,968,969,970,-1,970,969,971,-1,970,971,972,-1,972,971,973,-1,972,973,974,-1,974,973,975,-1,974,975,976,-1,975,977,976,-1,976,977,978,-1,976,978,979,-1,979,978,980,-1,979,980,981,-1,981,980,982,-1,981,982,983,-1,983,982,984,-1,983,984,985,-1,985,984,986,-1,985,986,987,-1,987,986,988,-1,987,988,989,-1,989,988,990,-1,989,990,991,-1,991,990,992,-1,991,992,993,-1,993,992,994,-1,993,994,995,-1,995,994,996,-1,995,996,997,-1,997,996,998,-1,997,998,941,-1,941,998,942,-1,999,1000,1001,-1,999,1001,1002,-1,1001,1003,1002,-1,1002,1003,1004,-1,1002,1004,1005,-1,1004,1006,1005,-1,1005,1006,1007,-1,1005,1007,1008,-1,1007,1009,1008,-1,1008,1009,1010,-1,1008,1010,1011,-1,1010,1012,1011,-1,1011,1012,1013,-1,1011,1013,1014,-1,1013,1015,1014,-1,1014,1015,1016,-1,1014,1016,1017,-1,1016,1018,1017,-1,1017,1018,1019,-1,1017,1019,1020,-1,1019,1021,1020,-1,1020,1021,1022,-1,1020,1022,1023,-1,1022,1024,1023,-1,1023,1024,1025,-1,1023,1025,1026,-1,1025,1027,1026,-1,1026,1027,1028,-1,1026,1028,1029,-1,1028,1030,1029,-1,1029,1030,1031,-1,1029,1031,1032,-1,1031,1033,1032,-1,1032,1033,1034,-1,1032,1034,1035,-1,1036,1037,1038,-1,1038,1037,1035,-1,1038,1035,1039,-1,1039,1035,1034,-1,997,941,1036,-1,1036,1038,997,-1,997,1038,1039,-1,997,1039,995,-1,1039,1034,995,-1,995,1034,1033,-1,995,1033,993,-1,1033,1031,993,-1,993,1031,1030,-1,993,1030,991,-1,1030,1028,991,-1,991,1028,1027,-1,991,1027,989,-1,1027,1025,989,-1,989,1025,1024,-1,989,1024,987,-1,1024,1022,987,-1,987,1022,1021,-1,987,1021,985,-1,1021,1019,985,-1,985,1019,1018,-1,985,1018,983,-1,1018,1016,983,-1,983,1016,1015,-1,983,1015,981,-1,1015,1013,981,-1,981,1013,1012,-1,981,1012,979,-1,1012,1010,979,-1,979,1010,1009,-1,979,1009,976,-1,1009,1007,976,-1,976,1007,1006,-1,976,1006,974,-1,1000,970,1001,-1,1001,970,972,-1,1001,972,1003,-1,1003,972,974,-1,1003,974,1004,-1,1004,974,1006,-1,968,970,1000,-1,1000,1040,968,-1,968,1040,1041,-1,968,1041,966,-1,1041,1042,966,-1,966,1042,1043,-1,966,1043,964,-1,1043,1044,964,-1,964,1044,1045,-1,964,1045,961,-1,1045,1046,961,-1,961,1046,1047,-1,961,1047,959,-1,1047,1048,959,-1,959,1048,1049,-1,959,1049,957,-1,957,1049,1050,-1,957,1050,955,-1,955,1050,1051,-1,955,1051,953,-1,1051,1052,953,-1,953,1052,1053,-1,953,1053,951,-1,1053,1054,951,-1,951,1054,1055,-1,951,1055,949,-1,1055,1056,949,-1,949,1056,1057,-1,949,1057,947,-1,1057,1058,947,-1,947,1058,1059,-1,947,1059,945,-1,1036,941,1060,-1,1060,941,943,-1,1060,943,1061,-1,1061,943,945,-1,1061,945,1062,-1,1062,945,1059,-1,1037,1036,1060,-1,1037,1060,1063,-1,1060,1061,1063,-1,1063,1061,1062,-1,1063,1062,1064,-1,1062,1059,1064,-1,1064,1059,1058,-1,1064,1058,1065,-1,1058,1057,1065,-1,1065,1057,1056,-1,1065,1056,1066,-1,1056,1055,1066,-1,1066,1055,1054,-1,1066,1054,1067,-1,1054,1053,1067,-1,1067,1053,1052,-1,1067,1052,1068,-1,1052,1051,1068,-1,1068,1051,1050,-1,1068,1050,1069,-1,1050,1049,1069,-1,1069,1049,1048,-1,1069,1048,1070,-1,1048,1047,1070,-1,1070,1047,1046,-1,1070,1046,1071,-1,1046,1045,1071,-1,1071,1045,1044,-1,1071,1044,1072,-1,1044,1043,1072,-1,1072,1043,1042,-1,1072,1042,1073,-1,1000,999,1040,-1,1040,999,1073,-1,1040,1073,1041,-1,1041,1073,1042,-1,1074,1075,1076,-1,1076,1075,1077,-1,1076,1077,1078,-1,1078,1077,1079,-1,1078,1079,1080,-1,1080,1079,1081,-1,1080,1081,1082,-1,1082,1081,1083,-1,1082,1083,1084,-1,1084,1083,1085,-1,1084,1085,1086,-1,1086,1085,1087,-1,1086,1087,1088,-1,1088,1087,1089,-1,1088,1089,1090,-1,1089,1091,1090,-1,1090,1091,1092,-1,1090,1092,1093,-1,1093,1092,1094,-1,1093,1094,1095,-1,1095,1094,1096,-1,1095,1096,1097,-1,1097,1096,1098,-1,1097,1098,1099,-1,1099,1098,1100,-1,1099,1100,1101,-1,1101,1100,1102,-1,1101,1102,1103,-1,1103,1102,1104,-1,1103,1104,1105,-1,1105,1104,1106,-1,1105,1106,1107,-1,1107,1106,1108,-1,1107,1108,1109,-1,1109,1108,1110,-1,1109,1110,1111,-1,1111,1110,1112,-1,1111,1112,1113,-1,1112,1114,1113,-1,1113,1114,1115,-1,1113,1115,1116,-1,1116,1115,1117,-1,1116,1117,1118,-1,1118,1117,1119,-1,1118,1119,1120,-1,1120,1119,1121,-1,1120,1121,1122,-1,1122,1121,1123,-1,1122,1123,1124,-1,1124,1123,1125,-1,1124,1125,1126,-1,1126,1125,1127,-1,1126,1127,1128,-1,1128,1127,1129,-1,1128,1129,1130,-1,1130,1129,1131,-1,1130,1131,1074,-1,1074,1131,1075,-1,1132,1133,1134,-1,1132,1134,1135,-1,1134,1136,1135,-1,1135,1136,1137,-1,1135,1137,1138,-1,1137,1139,1138,-1,1138,1139,1140,-1,1138,1140,1141,-1,1140,1142,1141,-1,1141,1142,1143,-1,1141,1143,1144,-1,1143,1145,1144,-1,1144,1145,1146,-1,1144,1146,1147,-1,1146,1148,1147,-1,1147,1148,1149,-1,1147,1149,1150,-1,1149,1151,1150,-1,1150,1151,1152,-1,1150,1152,1153,-1,1152,1154,1153,-1,1153,1154,1155,-1,1153,1155,1156,-1,1155,1157,1156,-1,1156,1157,1158,-1,1156,1158,1159,-1,1158,1160,1159,-1,1159,1160,1161,-1,1159,1161,1162,-1,1161,1163,1162,-1,1162,1163,1164,-1,1162,1164,1165,-1,1164,1166,1165,-1,1165,1166,1167,-1,1165,1167,1168,-1,1169,1170,1171,-1,1171,1170,1168,-1,1171,1168,1172,-1,1172,1168,1167,-1,1130,1074,1169,-1,1169,1171,1130,-1,1130,1171,1172,-1,1130,1172,1128,-1,1172,1167,1128,-1,1128,1167,1166,-1,1128,1166,1126,-1,1166,1164,1126,-1,1126,1164,1163,-1,1126,1163,1124,-1,1163,1161,1124,-1,1124,1161,1160,-1,1124,1160,1122,-1,1160,1158,1122,-1,1122,1158,1157,-1,1122,1157,1120,-1,1157,1155,1120,-1,1120,1155,1154,-1,1120,1154,1118,-1,1154,1152,1118,-1,1118,1152,1151,-1,1118,1151,1116,-1,1151,1149,1116,-1,1116,1149,1148,-1,1116,1148,1113,-1,1148,1146,1113,-1,1113,1146,1145,-1,1113,1145,1111,-1,1145,1143,1111,-1,1111,1143,1142,-1,1111,1142,1109,-1,1142,1140,1109,-1,1109,1140,1139,-1,1109,1139,1107,-1,1133,1103,1134,-1,1134,1103,1105,-1,1134,1105,1136,-1,1136,1105,1107,-1,1136,1107,1137,-1,1137,1107,1139,-1,1101,1103,1133,-1,1133,1173,1101,-1,1101,1173,1174,-1,1101,1174,1099,-1,1174,1175,1099,-1,1099,1175,1176,-1,1099,1176,1097,-1,1176,1177,1097,-1,1097,1177,1178,-1,1097,1178,1095,-1,1178,1179,1095,-1,1095,1179,1180,-1,1095,1180,1093,-1,1180,1181,1093,-1,1093,1181,1182,-1,1093,1182,1090,-1,1090,1182,1183,-1,1090,1183,1088,-1,1088,1183,1184,-1,1088,1184,1086,-1,1184,1185,1086,-1,1086,1185,1186,-1,1086,1186,1084,-1,1186,1187,1084,-1,1084,1187,1188,-1,1084,1188,1082,-1,1188,1189,1082,-1,1082,1189,1190,-1,1082,1190,1080,-1,1190,1191,1080,-1,1080,1191,1192,-1,1080,1192,1078,-1,1169,1074,1193,-1,1193,1074,1076,-1,1193,1076,1194,-1,1194,1076,1078,-1,1194,1078,1195,-1,1195,1078,1192,-1,1170,1169,1193,-1,1170,1193,1196,-1,1193,1194,1196,-1,1196,1194,1195,-1,1196,1195,1197,-1,1195,1192,1197,-1,1197,1192,1191,-1,1197,1191,1198,-1,1191,1190,1198,-1,1198,1190,1189,-1,1198,1189,1199,-1,1189,1188,1199,-1,1199,1188,1187,-1,1199,1187,1200,-1,1187,1186,1200,-1,1200,1186,1185,-1,1200,1185,1201,-1,1185,1184,1201,-1,1201,1184,1183,-1,1201,1183,1202,-1,1183,1182,1202,-1,1202,1182,1181,-1,1202,1181,1203,-1,1181,1180,1203,-1,1203,1180,1179,-1,1203,1179,1204,-1,1179,1178,1204,-1,1204,1178,1177,-1,1204,1177,1205,-1,1177,1176,1205,-1,1205,1176,1175,-1,1205,1175,1206,-1,1133,1132,1173,-1,1173,1132,1206,-1,1173,1206,1174,-1,1174,1206,1175,-1,1207,1208,1209,-1,1207,1210,1208,-1,1208,1210,1211,-1,1208,1211,1212,-1,1208,1213,1214,-1,1209,1215,1207,-1,1207,1215,1216,-1,1207,1216,1217,-1,1212,1218,1208,-1,1208,1218,1219,-1,1208,1219,1220,-1,1220,1221,1208,-1,1208,1221,1222,-1,1208,1222,1213,-1,1214,1223,1208,-1,1208,1223,1224,-1,1208,1224,1225,-1,1217,1226,1207,-1,1207,1226,1227,-1,1207,1227,1228,-1,1228,1229,1207,-1,1207,1229,1230,-1,1207,1230,1231,-1,398,399,332,-1,332,399,400,-1,368,335,365,-1,365,335,338,-1,365,338,341,-1,350,353,347,-1,347,353,356,-1,347,356,359,-1,368,370,335,-1,335,370,396,-1,335,396,332,-1,332,396,397,-1,332,397,398,-1,405,402,404,-1,404,402,403,-1,400,401,332,-1,332,401,402,-1,332,402,406,-1,406,402,405,-1,341,344,365,-1,365,344,347,-1,365,347,362,-1,362,347,359,-1,532,467,531,-1,531,467,470,-1,531,470,473,-1,473,476,531,-1,531,476,479,-1,531,479,482,-1,497,531,494,-1,494,531,491,-1,482,485,531,-1,531,485,488,-1,531,488,491,-1,497,500,531,-1,531,500,503,-1,531,503,505,-1,532,533,467,-1,467,533,534,-1,467,534,535,-1,535,536,467,-1,467,536,537,-1,467,537,538,-1,538,539,467,-1,467,539,540,-1,467,540,541,-1,605,608,666,-1,666,608,611,-1,666,611,614,-1,668,669,602,-1,602,669,670,-1,602,670,671,-1,614,617,666,-1,666,617,620,-1,666,620,623,-1,605,666,602,-1,602,666,667,-1,602,667,668,-1,673,674,672,-1,672,674,675,-1,672,675,671,-1,671,675,676,-1,671,676,602,-1,623,626,666,-1,666,626,629,-1,666,629,632,-1,632,635,666,-1,666,635,638,-1,666,638,640,-1,807,733,797,-1,797,733,736,-1,797,736,739,-1,798,799,805,-1,798,805,797,-1,797,805,806,-1,797,806,807,-1,771,797,769,-1,769,797,766,-1,804,805,803,-1,803,805,802,-1,739,742,797,-1,797,742,745,-1,797,745,748,-1,748,751,797,-1,797,751,754,-1,797,754,757,-1,757,760,797,-1,797,760,763,-1,797,763,766,-1,799,800,805,-1,805,800,801,-1,805,801,802,-1,872,875,896,-1,872,896,869,-1,869,896,899,-1,869,899,902,-1,931,866,930,-1,930,866,869,-1,930,869,904,-1,904,869,902,-1,890,881,887,-1,887,881,884,-1,875,878,896,-1,896,878,881,-1,896,881,893,-1,893,881,890,-1,931,932,866,-1,866,932,933,-1,866,933,934,-1,937,938,866,-1,866,938,939,-1,866,939,940,-1,934,935,866,-1,866,935,936,-1,866,936,937,-1,1073,999,1066,-1,1066,999,1065,-1,1035,1037,1002,-1,1002,1037,1063,-1,1002,1063,999,-1,999,1063,1064,-1,999,1064,1065,-1,1005,1020,1023,-1,1070,1071,1066,-1,1066,1071,1072,-1,1066,1072,1073,-1,1005,1008,1020,-1,1020,1008,1011,-1,1020,1011,1017,-1,1017,1011,1014,-1,1023,1026,1005,-1,1005,1026,1029,-1,1005,1029,1002,-1,1002,1029,1032,-1,1002,1032,1035,-1,1070,1066,1069,-1,1069,1066,1067,-1,1069,1067,1068,-1,1138,1141,1162,-1,1138,1162,1135,-1,1135,1162,1165,-1,1135,1165,1168,-1,1200,1132,1199,-1,1199,1132,1198,-1,1168,1170,1135,-1,1135,1170,1196,-1,1135,1196,1132,-1,1132,1196,1197,-1,1132,1197,1198,-1,1156,1147,1153,-1,1153,1147,1150,-1,1141,1144,1162,-1,1162,1144,1147,-1,1162,1147,1159,-1,1159,1147,1156,-1,1200,1201,1132,-1,1132,1201,1202,-1,1132,1202,1203,-1,1203,1204,1132,-1,1132,1204,1205,-1,1132,1205,1206,-1,1232,1233,1234,-1,1234,1233,1235,-1,1234,1235,1236,-1,1236,1235,1237,-1,1236,1237,1238,-1,1237,1239,1238,-1,1238,1239,1240,-1,1238,1240,1241,-1,1241,1240,1242,-1,1241,1242,1243,-1,1243,1242,1244,-1,1243,1244,1245,-1,1245,1244,1246,-1,1245,1246,1247,-1,1247,1246,1248,-1,1247,1248,1249,-1,1248,1250,1249,-1,1249,1250,1251,-1,1249,1251,1252,-1,1252,1251,1253,-1,1252,1253,1254,-1,1254,1253,1255,-1,1254,1255,1256,-1,1256,1255,1257,-1,1256,1257,1258,-1,1258,1257,1259,-1,1258,1259,1260,-1,1260,1259,1261,-1,1260,1261,1262,-1,1262,1261,1263,-1,1260,1262,1264,-1,1264,1265,1260,-1,1260,1265,1266,-1,1260,1266,1258,-1,1266,1267,1258,-1,1258,1267,1268,-1,1258,1268,1256,-1,1268,1269,1256,-1,1256,1269,1270,-1,1256,1270,1254,-1,1270,1271,1254,-1,1254,1271,1272,-1,1254,1272,1252,-1,1272,1273,1252,-1,1252,1273,1274,-1,1252,1274,1249,-1,1274,1275,1249,-1,1249,1275,1276,-1,1249,1276,1247,-1,1276,1277,1247,-1,1247,1277,1278,-1,1247,1278,1245,-1,1278,1279,1245,-1,1245,1279,1280,-1,1245,1280,1243,-1,1280,1281,1243,-1,1243,1281,1282,-1,1243,1282,1241,-1,1282,1283,1241,-1,1241,1283,1284,-1,1241,1284,1238,-1,1284,1285,1238,-1,1238,1285,1286,-1,1238,1286,1236,-1,1287,1232,1288,-1,1288,1232,1234,-1,1288,1234,1289,-1,1289,1234,1236,-1,1289,1236,1290,-1,1290,1236,1286,-1,1207,1287,1288,-1,1207,1288,1210,-1,1288,1289,1210,-1,1210,1289,1290,-1,1210,1290,1211,-1,1290,1286,1211,-1,1211,1286,1285,-1,1211,1285,1212,-1,1285,1284,1212,-1,1212,1284,1283,-1,1212,1283,1218,-1,1283,1282,1218,-1,1218,1282,1281,-1,1218,1281,1219,-1,1281,1280,1219,-1,1219,1280,1279,-1,1219,1279,1220,-1,1279,1278,1220,-1,1220,1278,1277,-1,1220,1277,1221,-1,1277,1276,1221,-1,1221,1276,1275,-1,1221,1275,1222,-1,1275,1274,1222,-1,1222,1274,1273,-1,1222,1273,1213,-1,1273,1272,1213,-1,1213,1272,1271,-1,1213,1271,1214,-1,1271,1270,1214,-1,1214,1270,1269,-1,1214,1269,1223,-1,1269,1268,1223,-1,1223,1268,1267,-1,1223,1267,1224,-1,1264,1225,1265,-1,1265,1225,1224,-1,1265,1224,1266,-1,1266,1224,1267,-1,1225,1264,1291,-1,1225,1291,1208,-1,1291,1292,1208,-1,1208,1292,1293,-1,1208,1293,1209,-1,1293,1294,1209,-1,1209,1294,1295,-1,1209,1295,1215,-1,1295,1296,1215,-1,1215,1296,1297,-1,1215,1297,1216,-1,1297,1298,1216,-1,1216,1298,1299,-1,1216,1299,1217,-1,1299,1300,1217,-1,1217,1300,1301,-1,1217,1301,1226,-1,1301,1302,1226,-1,1226,1302,1303,-1,1226,1303,1227,-1,1303,1304,1227,-1,1227,1304,1305,-1,1227,1305,1228,-1,1305,1306,1228,-1,1228,1306,1307,-1,1228,1307,1229,-1,1307,1308,1229,-1,1229,1308,1309,-1,1229,1309,1230,-1,1309,1310,1230,-1,1230,1310,1311,-1,1230,1311,1231,-1,1287,1207,1312,-1,1312,1207,1231,-1,1312,1231,1313,-1,1313,1231,1311,-1,1314,1232,1287,-1,1287,1312,1314,-1,1314,1312,1313,-1,1314,1313,1315,-1,1313,1311,1315,-1,1315,1311,1310,-1,1315,1310,1316,-1,1310,1309,1316,-1,1316,1309,1308,-1,1316,1308,1317,-1,1308,1307,1317,-1,1317,1307,1306,-1,1317,1306,1318,-1,1306,1305,1318,-1,1318,1305,1304,-1,1318,1304,1319,-1,1319,1304,1303,-1,1319,1303,1320,-1,1320,1303,1302,-1,1320,1302,1321,-1,1302,1301,1321,-1,1321,1301,1300,-1,1321,1300,1322,-1,1300,1299,1322,-1,1322,1299,1298,-1,1322,1298,1323,-1,1298,1297,1323,-1,1323,1297,1296,-1,1323,1296,1324,-1,1296,1295,1324,-1,1324,1295,1294,-1,1324,1294,1325,-1,1264,1262,1291,-1,1291,1262,1326,-1,1291,1326,1292,-1,1292,1326,1325,-1,1292,1325,1293,-1,1293,1325,1294,-1,1262,1263,1326,-1,1326,1263,1327,-1,1326,1327,1325,-1,1325,1327,1328,-1,1325,1328,1324,-1,1324,1328,1329,-1,1324,1329,1323,-1,1323,1329,1330,-1,1323,1330,1322,-1,1330,1331,1322,-1,1322,1331,1332,-1,1322,1332,1321,-1,1321,1332,1333,-1,1321,1333,1320,-1,1320,1333,1334,-1,1320,1334,1319,-1,1319,1334,1335,-1,1319,1335,1318,-1,1318,1335,1336,-1,1318,1336,1317,-1,1336,1337,1317,-1,1317,1337,1338,-1,1317,1338,1316,-1,1316,1338,1339,-1,1316,1339,1315,-1,1315,1339,1340,-1,1315,1340,1314,-1,1314,1340,1341,-1,1314,1341,1232,-1,1232,1341,1233,-1,1342,1343,1344,-1,1344,1343,1345,-1,1344,1345,1346,-1,1347,1348,1345,-1,1345,1348,1346,-1,1349,1350,1351,-1,1351,1350,1352,-1,1353,1354,1349,-1,1349,1354,1350,-1,1355,1356,1357,-1,1357,1356,1358,-1,1357,1358,1359,-1,1359,1358,1360,-1,978,977,1361,-1,977,975,1361,-1,1361,975,973,-1,1361,973,971,-1,1362,1363,1360,-1,1360,1363,1361,-1,1360,1361,969,-1,969,1361,971,-1,969,967,1360,-1,1360,967,965,-1,1360,965,1359,-1,1359,965,963,-1,1359,963,962,-1,962,960,1359,-1,1359,960,958,-1,1359,958,1357,-1,1364,1365,1355,-1,1355,1365,1366,-1,950,948,1355,-1,998,996,1364,-1,1364,996,994,-1,958,956,1357,-1,1357,956,954,-1,1357,954,1355,-1,1355,954,952,-1,1355,952,950,-1,994,992,1364,-1,1364,992,990,-1,1364,990,1367,-1,948,946,1355,-1,1355,946,944,-1,1355,944,1364,-1,1364,944,942,-1,1364,942,998,-1,828,1368,830,-1,830,1368,1365,-1,830,1365,832,-1,846,1364,847,-1,847,1364,1369,-1,847,1369,849,-1,846,844,1364,-1,1364,844,842,-1,1364,842,840,-1,840,838,1364,-1,1364,838,836,-1,1364,836,1365,-1,1365,836,834,-1,1365,834,832,-1,859,857,1370,-1,1371,1372,815,-1,857,855,1370,-1,1370,855,853,-1,1370,853,1369,-1,1369,853,851,-1,1369,851,849,-1,815,813,1371,-1,1371,813,811,-1,1371,811,1373,-1,828,827,1368,-1,1368,827,825,-1,1368,825,1374,-1,1374,825,823,-1,1374,823,1375,-1,1375,823,821,-1,1375,821,1376,-1,1376,821,819,-1,1376,819,1372,-1,1372,819,817,-1,1372,817,815,-1,811,809,1373,-1,1373,809,865,-1,1373,865,1377,-1,1377,865,863,-1,1377,863,1370,-1,1370,863,861,-1,1370,861,859,-1,1378,678,732,-1,1378,732,1379,-1,732,730,1379,-1,1379,730,728,-1,1379,728,1380,-1,1380,728,726,-1,714,712,1381,-1,1381,712,710,-1,726,724,1380,-1,1380,724,722,-1,1380,722,720,-1,720,718,1381,-1,1381,718,716,-1,1381,716,714,-1,710,708,1381,-1,1381,708,706,-1,1381,706,1369,-1,1369,706,704,-1,1369,704,702,-1,702,700,1369,-1,1369,700,698,-1,1369,698,696,-1,696,694,1369,-1,1369,694,692,-1,1369,692,1370,-1,1370,692,690,-1,1370,690,688,-1,688,686,1370,-1,1370,686,684,-1,1370,684,1382,-1,1382,684,682,-1,1382,682,1378,-1,1378,682,680,-1,1378,680,678,-1,720,1381,1380,-1,1380,1381,1350,-1,1380,1350,1354,-1,414,412,1350,-1,460,458,1383,-1,1383,1384,460,-1,460,1384,1385,-1,460,1385,462,-1,462,1385,1352,-1,462,1352,464,-1,412,410,1350,-1,1350,410,408,-1,1350,408,1352,-1,1352,408,466,-1,1352,466,464,-1,1386,1387,1383,-1,1383,1387,1388,-1,1383,1388,1384,-1,1389,1390,1386,-1,1386,1390,1391,-1,1386,1391,1387,-1,1392,1393,1394,-1,1394,1393,1395,-1,317,1396,1394,-1,1394,1396,1397,-1,1394,1397,1392,-1,309,1398,311,-1,311,1398,1399,-1,311,1399,313,-1,313,1399,1396,-1,313,1396,315,-1,315,1396,317,-1,303,301,1400,-1,1400,301,299,-1,1400,299,297,-1,309,307,1398,-1,1398,307,305,-1,1398,305,303,-1,297,295,1400,-1,1400,295,293,-1,1400,293,1401,-1,1401,293,291,-1,1401,291,289,-1,1344,1346,1400,-1,303,1400,1398,-1,1398,1400,1346,-1,1398,1346,1348,-1,1400,1402,1344,-1,1344,1402,1403,-1,1344,1403,1342,-1,1240,1239,1404,-1,1404,1239,1237,-1,1404,1237,1405,-1,1405,1237,1235,-1,1406,1407,1408,-1,1408,1407,1409,-1,1406,1410,1407,-1,1407,1410,1411,-1,1407,1411,1412,-1,1413,1115,1407,-1,1407,1115,1114,-1,1114,1112,1407,-1,1407,1112,1110,-1,1407,1110,1108,-1,1100,1098,1409,-1,1409,1098,1096,-1,1409,1096,1414,-1,1414,1096,1094,-1,1414,1094,1415,-1,1108,1106,1407,-1,1407,1106,1104,-1,1407,1104,1409,-1,1409,1104,1102,-1,1409,1102,1100,-1,1131,1129,1361,-1,1121,1119,1413,-1,1413,1119,1117,-1,1413,1117,1115,-1,1083,1081,1363,-1,1129,1127,1361,-1,1361,1127,1125,-1,1361,1125,1123,-1,1094,1092,1415,-1,1415,1092,1091,-1,1415,1091,1416,-1,1416,1091,1089,-1,1416,1089,1417,-1,1417,1089,1087,-1,1417,1087,1363,-1,1363,1087,1085,-1,1363,1085,1083,-1,1081,1079,1363,-1,1363,1079,1077,-1,1363,1077,1361,-1,1361,1077,1075,-1,1361,1075,1131,-1,1259,1257,1401,-1,1259,1401,1261,-1,1251,1400,1253,-1,1253,1400,1401,-1,1253,1401,1255,-1,1255,1401,1257,-1,1333,1332,1413,-1,1413,1332,1361,-1,1413,1361,1121,-1,1121,1361,1123,-1,1332,1331,1361,-1,1361,1331,1330,-1,1361,1330,1329,-1,1329,1328,1361,-1,1361,1328,1327,-1,1361,1327,1401,-1,1401,1327,1263,-1,1401,1263,1261,-1,1235,1233,1405,-1,1405,1233,1341,-1,1405,1341,1418,-1,1418,1341,1340,-1,1418,1340,1412,-1,1412,1340,1339,-1,1412,1339,1407,-1,1407,1339,1338,-1,1407,1338,1337,-1,1337,1336,1407,-1,1407,1336,1335,-1,1407,1335,1413,-1,1413,1335,1334,-1,1413,1334,1333,-1,1404,1403,1240,-1,1240,1403,1402,-1,1240,1402,1242,-1,1242,1402,1244,-1,1251,1250,1400,-1,1400,1250,1248,-1,1400,1248,1402,-1,1402,1248,1246,-1,1402,1246,1244,-1,1381,599,597,-1,547,545,1369,-1,1369,545,543,-1,1369,543,1381,-1,1381,543,601,-1,1381,601,599,-1,554,552,1364,-1,1364,552,550,-1,1364,550,1369,-1,1369,550,549,-1,1369,549,547,-1,562,560,1367,-1,1367,560,558,-1,1367,558,1364,-1,1364,558,556,-1,1364,556,554,-1,1419,579,577,-1,569,567,1420,-1,1420,567,565,-1,1420,565,1367,-1,1367,565,563,-1,1367,563,562,-1,577,575,1419,-1,1419,575,573,-1,1419,573,1420,-1,1420,573,571,-1,1420,571,569,-1,597,595,1421,-1,1421,595,594,-1,586,584,1422,-1,1422,584,582,-1,1422,582,1419,-1,1419,582,581,-1,1419,581,579,-1,594,592,1421,-1,1421,592,590,-1,1421,590,1422,-1,1422,590,588,-1,1422,588,586,-1,1420,982,980,-1,990,988,1367,-1,1367,988,986,-1,1367,986,1420,-1,1420,986,984,-1,1420,984,982,-1,323,1395,325,-1,325,1395,1423,-1,325,1423,327,-1,327,1423,329,-1,279,277,1422,-1,277,275,1422,-1,1422,275,273,-1,1422,273,1423,-1,1423,273,331,-1,1423,331,329,-1,287,286,1419,-1,286,284,1419,-1,1419,284,282,-1,1419,282,1422,-1,1422,282,281,-1,1422,281,279,-1,323,322,1395,-1,1395,322,320,-1,1395,320,1394,-1,1394,320,318,-1,1394,318,317,-1,1421,424,423,-1,597,1421,1381,-1,1381,1421,423,-1,1381,423,421,-1,421,419,1381,-1,1381,419,417,-1,1381,417,1350,-1,1350,417,416,-1,1350,416,414,-1,450,448,1423,-1,451,450,1386,-1,1386,450,1423,-1,1386,1423,1389,-1,1389,1423,1395,-1,1389,1395,1424,-1,1424,1395,1393,-1,448,446,1423,-1,1423,446,444,-1,1423,444,442,-1,1422,434,432,-1,442,440,1423,-1,1423,440,438,-1,1423,438,1422,-1,1422,438,436,-1,1422,436,434,-1,432,430,1422,-1,1422,430,428,-1,1422,428,1421,-1,1421,428,426,-1,1421,426,424,-1,458,457,1383,-1,1383,457,455,-1,1383,455,1386,-1,1386,455,453,-1,1386,453,451,-1,980,978,1420,-1,1420,978,1361,-1,1420,1361,1419,-1,1419,1361,1401,-1,1419,1401,287,-1,287,1401,289,-1,1355,1366,1356,-1,1356,1366,1425,-1,1426,1427,1428,-1,1428,1427,1429,-1,1428,1429,1430,-1,1348,1347,1398,-1,1398,1347,1431,-1,1432,1396,1431,-1,1431,1396,1399,-1,1431,1399,1398,-1,1433,1392,1432,-1,1432,1392,1397,-1,1432,1397,1396,-1,1434,1389,1435,-1,1435,1389,1424,-1,1435,1424,1433,-1,1433,1424,1393,-1,1433,1393,1392,-1,1388,1387,1436,-1,1436,1387,1391,-1,1436,1391,1434,-1,1434,1391,1390,-1,1434,1390,1389,-1,1388,1436,1384,-1,1384,1436,1437,-1,1384,1437,1385,-1,1385,1437,1351,-1,1385,1351,1352,-1,1362,1438,1363,-1,1363,1438,1439,-1,1363,1439,1417,-1,1417,1439,1440,-1,1417,1440,1416,-1,1416,1440,1415,-1,1415,1440,1441,-1,1415,1441,1414,-1,1414,1441,1409,-1,1409,1441,1442,-1,1409,1442,1408,-1,1408,1442,1443,-1,1408,1443,1406,-1,1406,1443,1444,-1,1406,1444,1410,-1,1410,1444,1445,-1,1410,1445,1411,-1,1411,1445,1412,-1,1412,1445,1446,-1,1412,1446,1418,-1,1418,1446,1447,-1,1418,1447,1405,-1,1405,1447,1448,-1,1405,1448,1404,-1,1404,1448,1403,-1,1403,1448,1343,-1,1403,1343,1342,-1,1449,1378,1450,-1,1450,1378,1379,-1,1450,1379,1451,-1,1451,1379,1380,-1,1451,1380,1353,-1,1353,1380,1354,-1,1368,1374,1452,-1,1452,1374,1375,-1,1452,1375,1453,-1,1453,1375,1376,-1,1453,1376,1454,-1,1454,1376,1372,-1,1454,1372,1455,-1,1455,1372,1371,-1,1455,1371,1456,-1,1456,1371,1373,-1,1456,1373,1457,-1,1457,1373,1377,-1,1457,1377,1458,-1,1458,1377,1370,-1,1458,1370,1449,-1,1449,1370,1382,-1,1449,1382,1378,-1,1368,1452,1365,-1,1365,1452,1425,-1,1365,1425,1366,-1,1358,1438,1360,-1,1360,1438,1362,-1,1459,1460,1461,-1,1461,1460,1462,-1,1461,1462,1463,-1,1462,1460,1464,-1,1464,1460,1465,-1,1460,1439,1465,-1,1465,1439,1438,-1,1465,1438,1425,-1,1425,1438,1358,-1,1425,1358,1356,-1,1466,1467,1353,-1,1353,1467,1468,-1,1353,1468,1451,-1,1451,1468,1469,-1,1451,1469,1450,-1,1450,1469,1470,-1,1450,1470,1449,-1,1449,1470,1471,-1,1449,1471,1458,-1,1458,1471,1472,-1,1458,1472,1457,-1,1457,1472,1473,-1,1457,1473,1456,-1,1456,1473,1474,-1,1456,1474,1455,-1,1455,1474,1475,-1,1455,1475,1454,-1,1454,1475,1476,-1,1454,1476,1453,-1,1453,1476,1477,-1,1453,1477,1452,-1,1452,1477,1478,-1,1452,1478,1425,-1,1425,1478,1426,-1,1425,1426,1465,-1,1465,1426,1428,-1,1353,1349,1466,-1,1466,1349,1351,-1,1466,1351,1479,-1,1479,1351,1437,-1,1480,1441,1460,-1,1460,1441,1440,-1,1460,1440,1439,-1,1448,1481,1343,-1,1343,1481,1482,-1,1343,1482,1345,-1,1345,1482,1483,-1,1345,1483,1347,-1,1347,1483,1484,-1,1347,1484,1431,-1,1431,1484,1485,-1,1431,1485,1432,-1,1432,1485,1486,-1,1432,1486,1433,-1,1433,1486,1487,-1,1433,1487,1435,-1,1435,1487,1488,-1,1435,1488,1434,-1,1434,1488,1489,-1,1434,1489,1436,-1,1436,1489,1490,-1,1436,1490,1437,-1,1437,1490,1491,-1,1437,1491,1479,-1,1480,1492,1441,-1,1441,1492,1493,-1,1441,1493,1442,-1,1442,1493,1494,-1,1442,1494,1443,-1,1443,1494,1495,-1,1443,1495,1444,-1,1444,1495,1496,-1,1444,1496,1445,-1,1445,1496,1497,-1,1445,1497,1446,-1,1446,1497,1498,-1,1446,1498,1447,-1,1447,1498,1499,-1,1447,1499,1448,-1,1448,1499,1500,-1,1448,1500,1481,-1,1427,1426,1501,-1,1501,1426,1478,-1,1477,1502,1478,-1,1478,1502,1503,-1,1478,1503,1501,-1,1476,1504,1477,-1,1477,1504,1505,-1,1477,1505,1502,-1,1475,1506,1476,-1,1476,1506,1507,-1,1476,1507,1504,-1,1474,1508,1475,-1,1475,1508,1509,-1,1475,1509,1506,-1,1473,1510,1474,-1,1474,1510,1511,-1,1474,1511,1508,-1,1472,1512,1473,-1,1473,1512,1513,-1,1473,1513,1510,-1,1471,1514,1472,-1,1472,1514,1515,-1,1472,1515,1512,-1,1516,1517,1470,-1,1470,1517,1518,-1,1470,1518,1471,-1,1471,1518,1519,-1,1471,1519,1514,-1,1468,1520,1469,-1,1469,1520,1521,-1,1469,1521,1470,-1,1470,1521,1522,-1,1470,1522,1516,-1,1467,1523,1468,-1,1468,1523,1524,-1,1468,1524,1520,-1,1466,1525,1467,-1,1467,1525,1526,-1,1467,1526,1523,-1,1479,1527,1466,-1,1466,1527,1528,-1,1466,1528,1525,-1,1491,1529,1479,-1,1479,1529,1530,-1,1479,1530,1527,-1,1490,1531,1491,-1,1491,1531,1532,-1,1491,1532,1529,-1,1489,1533,1490,-1,1490,1533,1534,-1,1490,1534,1531,-1,1488,1535,1489,-1,1489,1535,1536,-1,1489,1536,1533,-1,1487,1537,1488,-1,1488,1537,1538,-1,1488,1538,1535,-1,1486,1539,1487,-1,1487,1539,1540,-1,1487,1540,1537,-1,1485,1541,1486,-1,1486,1541,1542,-1,1486,1542,1539,-1,1484,1543,1485,-1,1485,1543,1544,-1,1485,1544,1541,-1,1483,1545,1484,-1,1484,1545,1546,-1,1484,1546,1543,-1,1482,1547,1483,-1,1483,1547,1548,-1,1483,1548,1545,-1,1481,1549,1482,-1,1482,1549,1550,-1,1482,1550,1547,-1,1551,1552,1500,-1,1500,1552,1553,-1,1500,1553,1481,-1,1481,1553,1554,-1,1481,1554,1549,-1,1551,1500,1555,-1,1555,1500,1499,-1,1555,1499,1556,-1,1556,1499,1557,-1,1557,1499,1498,-1,1557,1498,1558,-1,1558,1498,1559,-1,1559,1498,1497,-1,1559,1497,1560,-1,1560,1497,1561,-1,1561,1497,1496,-1,1561,1496,1562,-1,1562,1496,1563,-1,1563,1496,1495,-1,1563,1495,1564,-1,1564,1495,1565,-1,1565,1495,1494,-1,1565,1494,1566,-1,1566,1494,1567,-1,1567,1494,1493,-1,1567,1493,1568,-1,1568,1493,1569,-1,1569,1493,1492,-1,1569,1492,1570,-1,1570,1492,1571,-1,1571,1492,1480,-1,1571,1480,1572,-1,1572,1480,1573,-1,1573,1480,1460,-1,1573,1460,1459,-1,1429,1427,1501,-1,1461,1463,1574,-1,1430,1429,1575,-1,1575,1429,1501,-1,1575,1501,1576,-1,1576,1501,1503,-1,1576,1503,1577,-1,1577,1503,1502,-1,1577,1502,1578,-1,1578,1502,1505,-1,1578,1505,1579,-1,1579,1505,1504,-1,1579,1504,1580,-1,1580,1504,1507,-1,1529,1581,1582,-1,1529,1582,1530,-1,1530,1582,1583,-1,1530,1583,1527,-1,1527,1583,1584,-1,1527,1584,1528,-1,1528,1584,1585,-1,1528,1585,1525,-1,1525,1585,1586,-1,1525,1586,1526,-1,1526,1586,1587,-1,1526,1587,1523,-1,1523,1587,1588,-1,1523,1588,1524,-1,1524,1588,1589,-1,1524,1589,1520,-1,1520,1589,1590,-1,1520,1590,1521,-1,1521,1590,1591,-1,1521,1591,1522,-1,1522,1591,1592,-1,1522,1592,1516,-1,1516,1592,1593,-1,1516,1593,1517,-1,1517,1593,1594,-1,1517,1594,1518,-1,1518,1594,1595,-1,1518,1595,1519,-1,1519,1595,1596,-1,1519,1596,1514,-1,1514,1596,1597,-1,1514,1597,1515,-1,1515,1597,1598,-1,1515,1598,1512,-1,1512,1598,1599,-1,1512,1599,1513,-1,1513,1599,1600,-1,1513,1600,1510,-1,1510,1600,1601,-1,1510,1601,1511,-1,1511,1601,1602,-1,1511,1602,1508,-1,1508,1602,1603,-1,1508,1603,1509,-1,1509,1603,1604,-1,1509,1604,1506,-1,1506,1604,1605,-1,1506,1605,1507,-1,1507,1605,1606,-1,1507,1606,1580,-1,1581,1529,1607,-1,1607,1529,1532,-1,1607,1532,1608,-1,1608,1532,1531,-1,1608,1531,1609,-1,1609,1531,1534,-1,1609,1534,1610,-1,1610,1534,1533,-1,1610,1533,1611,-1,1611,1533,1536,-1,1611,1536,1612,-1,1612,1536,1535,-1,1612,1535,1613,-1,1613,1535,1538,-1,1613,1538,1614,-1,1614,1538,1537,-1,1614,1537,1615,-1,1615,1537,1540,-1,1615,1540,1616,-1,1616,1540,1539,-1,1616,1539,1617,-1,1617,1539,1542,-1,1617,1542,1618,-1,1618,1542,1541,-1,1618,1541,1619,-1,1619,1541,1544,-1,1619,1544,1620,-1,1620,1544,1543,-1,1620,1543,1621,-1,1621,1543,1546,-1,1621,1546,1622,-1,1622,1546,1545,-1,1622,1545,1623,-1,1623,1545,1548,-1,1623,1548,1624,-1,1624,1548,1547,-1,1624,1547,1625,-1,1625,1547,1550,-1,1625,1550,1626,-1,1626,1550,1549,-1,1626,1549,1627,-1,1627,1549,1554,-1,1627,1554,1628,-1,1628,1554,1553,-1,1628,1553,1629,-1,1629,1553,1552,-1,1629,1552,1630,-1,1630,1552,1551,-1,1630,1551,1631,-1,1631,1551,1555,-1,1631,1555,1632,-1,1632,1555,1633,-1,1633,1555,1556,-1,1633,1556,1634,-1,1634,1556,1557,-1,1634,1557,1635,-1,1635,1557,1558,-1,1635,1558,1636,-1,1636,1558,1559,-1,1636,1559,1637,-1,1637,1559,1560,-1,1637,1560,1638,-1,1638,1560,1561,-1,1638,1561,1639,-1,1639,1561,1562,-1,1639,1562,1640,-1,1640,1562,1563,-1,1640,1563,1641,-1,1641,1563,1564,-1,1641,1564,1642,-1,1642,1564,1565,-1,1642,1565,1643,-1,1643,1565,1566,-1,1643,1566,1644,-1,1644,1566,1567,-1,1644,1567,1645,-1,1645,1567,1568,-1,1645,1568,1646,-1,1646,1568,1569,-1,1646,1569,1647,-1,1647,1569,1570,-1,1647,1570,1648,-1,1648,1570,1571,-1,1648,1571,1649,-1,1649,1571,1572,-1,1649,1572,1650,-1,1650,1572,1573,-1,1650,1573,1574,-1,1574,1573,1459,-1,1574,1459,1461,-1,1651,1652,1653,-1,1651,1653,1654,-1,1575,1655,1430,-1,1430,1655,1654,-1,1430,1654,1656,-1,1656,1654,1653,-1,1575,1576,1655,-1,1655,1576,1577,-1,1655,1577,1657,-1,1577,1578,1657,-1,1657,1578,1579,-1,1657,1579,1658,-1,1658,1579,1580,-1,1658,1580,1659,-1,1580,1606,1659,-1,1659,1606,1605,-1,1659,1605,1660,-1,1605,1604,1660,-1,1660,1604,1603,-1,1660,1603,1661,-1,1603,1602,1661,-1,1661,1602,1601,-1,1661,1601,1662,-1,1601,1600,1662,-1,1662,1600,1599,-1,1662,1599,1663,-1,1599,1598,1663,-1,1663,1598,1597,-1,1663,1597,1664,-1,1597,1596,1664,-1,1664,1596,1595,-1,1664,1595,1665,-1,1595,1594,1665,-1,1665,1594,1593,-1,1665,1593,1666,-1,1593,1592,1666,-1,1666,1592,1591,-1,1666,1591,1667,-1,1591,1590,1667,-1,1667,1590,1589,-1,1667,1589,1668,-1,1589,1588,1668,-1,1668,1588,1587,-1,1668,1587,1669,-1,1587,1586,1669,-1,1669,1586,1585,-1,1669,1585,1670,-1,1585,1584,1670,-1,1670,1584,1583,-1,1670,1583,1671,-1,1583,1582,1671,-1,1671,1582,1581,-1,1671,1581,1672,-1,1581,1607,1672,-1,1672,1607,1608,-1,1672,1608,1673,-1,1608,1609,1673,-1,1673,1609,1610,-1,1673,1610,1674,-1,1613,1675,1612,-1,1612,1675,1674,-1,1612,1674,1611,-1,1611,1674,1610,-1,1651,1676,1652,-1,1652,1676,1464,-1,1652,1464,1653,-1,1653,1464,1465,-1,1653,1465,1656,-1,1656,1465,1428,-1,1656,1428,1430,-1,1462,1464,1463,-1,1463,1464,1676,-1,1463,1676,1574,-1,1574,1676,1677,-1,1574,1677,1650,-1,1650,1677,1678,-1,1650,1678,1649,-1,1649,1678,1648,-1,1648,1678,1679,-1,1648,1679,1647,-1,1647,1679,1646,-1,1646,1679,1680,-1,1646,1680,1645,-1,1645,1680,1644,-1,1644,1680,1681,-1,1644,1681,1643,-1,1643,1681,1642,-1,1642,1681,1682,-1,1642,1682,1641,-1,1641,1682,1640,-1,1640,1682,1683,-1,1640,1683,1639,-1,1639,1683,1638,-1,1638,1683,1684,-1,1638,1684,1637,-1,1637,1684,1636,-1,1636,1684,1685,-1,1636,1685,1635,-1,1635,1685,1634,-1,1634,1685,1686,-1,1634,1686,1633,-1,1633,1686,1632,-1,1632,1686,1687,-1,1632,1687,1631,-1,1631,1687,1630,-1,1630,1687,1688,-1,1630,1688,1629,-1,1629,1688,1628,-1,1628,1688,1689,-1,1628,1689,1627,-1,1627,1689,1626,-1,1626,1689,1690,-1,1626,1690,1625,-1,1625,1690,1624,-1,1624,1690,1691,-1,1624,1691,1623,-1,1623,1691,1622,-1,1622,1691,1692,-1,1622,1692,1621,-1,1621,1692,1620,-1,1620,1692,1693,-1,1620,1693,1619,-1,1619,1693,1618,-1,1618,1693,1694,-1,1618,1694,1617,-1,1617,1694,1616,-1,1616,1694,1695,-1,1616,1695,1615,-1,1615,1695,1614,-1,1614,1695,1675,-1,1614,1675,1613,-1,
        ]
    }
}
Shape{
    appearance Appearance {
        material  Material {
            diffuseColor 0.7529411764705882 0.7529411764705882 0.7529411764705882
            specularColor 0.3764705882352941 0.3764705882352941 0.3764705882352941
            ambientIntensity 0.7529
            transparency 0.0
            shininess 0.5
        }
    }
    geometry IndexedFaceSet {
        ccw TRUE
        solid FALSE
        coord DEF co Coordinate {
            point [
                2.627 2.95 3.151, 2.627 2.95 3.1091, 2.5905 2.95 3.1377, 2.5905 2.95 3.1223, 2.532 2.95 3.13, -2.623 2.95 3.1091, -2.623 2.95 3.151, -2.5865 2.95 3.1223, -2.5865 2.95 3.1377, -2.528 2.95 3.13, -2.5503 2.95 3.0015, -2.528 2.95 3.004, -2.0523 2.95 2.72, -2.258 2.95 3.004, -2.0064 2.95 3.0244, -1.9156 2.95 3.3186, -2.258 2.95 3.256, -1.3992 2.95 4.0761, -1.6086 2.95 3.8504, -1.782 2.95 3.596, 1.3798 2.95 4.0975, 1.1345 2.95 4.2868, 2.627 2.95 4.8553, 0.8635 2.95 4.4372, 0.5731 2.95 4.5453, 2.262 2.95 3.004, 2.0142 2.95 2.125, 2.0576 2.95 2.4318, -2.623 2.95 2.9353, -2.6181 2.95 2.9474, -2.6062 2.95 2.9664, 2.627 2.95 2.9353, 2.627 2.95 0.346, 2.007 2.95 0.596, 2.007 2.95 0.346, -2.5904 2.95 2.9822, -2.5714 2.95 2.9941, -2.003 2.95 0.346, -2.623 2.95 0.346, -2.003 2.95 0.596, -0.6052 2.95 4.5345, -0.8918 2.95 4.422, -2.623 2.95 4.8553, -1.1585 2.95 4.2681, 0.2698 2.95 4.6086, 0.002 2.95 4.626, -0.3051 2.95 4.603, 2.627 2.95 3.3248, 2.6186 2.95 3.306, 2.6027 2.95 3.2853, 2.582 2.95 3.2694, 1.772 2.95 3.6199, 1.5939 2.95 3.8735, 2.262 2.95 3.256, 2.532 2.95 3.256, 2.5579 2.95 3.2595, 2.0545 2.95 2.7417, 2.0049 2.95 3.0476, 1.91 2.95 3.3425, -2.5539 2.95 3.2595, -2.578 2.95 3.2694, -1.782 2.95 1.536, -1.6086 2.95 1.2817, -1.3992 2.95 1.056, -1.2422 2.95 0.596, -1.1585 2.95 0.864, -1.0752 2.95 0.5, -0.8918 2.95 0.7101, -0.903 2.95 0.419, -0.6052 2.95 0.5976, -0.903 2.95 0.356, -2.528 2.95 3.256, -2.5987 2.95 3.2853, -2.6146 2.95 3.306, -2.623 2.95 3.3248, -0.3051 2.95 0.5291, 0.002 2.95 0.506, 0.907 2.95 0.356, 0.311 2.95 0.5294, 0.907 2.95 0.419, 0.6129 2.95 0.5987, 1.0792 2.95 0.5, 0.9011 2.95 0.7126, 1.2462 2.95 0.596, 1.1689 2.95 0.8685, 1.4104 2.95 1.0627, 1.6199 2.95 1.291, -2.0523 2.95 2.4121, -2.0064 2.95 2.1077, -1.9156 2.95 1.8134, 1.7929 2.95 1.5481, 1.9253 2.95 1.8282, 2.532 2.95 3.004, 2.5579 2.95 3.0006, 2.582 2.95 2.9906, 2.6027 2.95 2.9748, 2.6186 2.95 2.954, -2.623 -1.936 2.9353, -2.623 -1.94 2.9353, -2.6255 -1.94 2.9263, -2.528 2.984 3.004, -2.5503 2.984 3.0015, -2.5714 2.984 2.9941, -2.5904 2.984 2.9822, -2.6062 2.984 2.9664, -2.6181 2.984 2.9474, -2.6255 2.984 2.9263, -2.628 2.984 2.904, -2.628 -1.94 2.904, -2.258 2.984 3.004, -2.258 2.984 3.256, -2.528 2.984 3.256, -2.6246 2.984 3.3302, -2.628 2.984 3.356, -2.628 -1.94 3.356, -2.623 -1.94 3.3248, -2.623 -1.936 3.3248, -2.6246 -1.94 3.3302, -2.5539 2.984 3.2595, -2.578 2.984 3.2694, -2.5987 2.984 3.2853, -2.6146 2.984 3.306, -2.623 -1.94 3.151, -2.623 -1.94 3.1091
            ]
        }
        coordIndex [
            0,1,2,-1,2,1,3,-1,2,3,4,-1,5,6,7,-1,7,6,8,-1,7,8,9,-1,10,11,12,-1,12,11,13,-1,12,13,14,-1,14,13,15,-1,16,17,18,-1,16,18,13,-1,13,18,19,-1,13,19,15,-1,20,21,22,-1,22,21,23,-1,22,23,24,-1,25,26,27,-1,28,29,12,-1,12,29,30,-1,31,32,33,-1,33,32,34,-1,30,35,12,-1,12,35,36,-1,12,36,10,-1,37,38,39,-1,39,38,28,-1,40,41,42,-1,42,41,43,-1,42,43,17,-1,24,44,22,-1,22,44,45,-1,22,45,42,-1,42,45,46,-1,42,46,40,-1,47,48,22,-1,22,48,49,-1,22,49,50,-1,51,52,53,-1,53,52,20,-1,53,20,54,-1,54,20,22,-1,54,22,55,-1,55,22,50,-1,27,56,25,-1,25,56,57,-1,25,57,53,-1,53,57,58,-1,53,58,51,-1,59,60,42,-1,61,62,39,-1,39,62,63,-1,39,63,64,-1,64,63,65,-1,64,65,66,-1,66,65,67,-1,66,67,68,-1,68,67,69,-1,68,69,70,-1,17,16,42,-1,42,16,71,-1,42,71,59,-1,60,72,42,-1,42,72,73,-1,42,73,74,-1,69,75,70,-1,70,75,76,-1,70,76,77,-1,77,76,78,-1,77,78,79,-1,79,78,80,-1,79,80,81,-1,81,80,82,-1,81,82,83,-1,83,82,84,-1,83,84,33,-1,33,84,85,-1,33,85,86,-1,12,87,28,-1,28,87,88,-1,28,88,39,-1,39,88,89,-1,39,89,61,-1,86,90,33,-1,33,90,91,-1,33,91,31,-1,31,91,26,-1,25,92,26,-1,26,92,93,-1,26,93,94,-1,94,95,26,-1,26,95,96,-1,26,96,31,-1,97,98,99,-1,97,99,28,-1,100,11,101,-1,101,11,10,-1,101,10,102,-1,102,10,36,-1,102,36,103,-1,103,36,35,-1,103,35,104,-1,104,35,30,-1,104,30,105,-1,105,30,29,-1,105,29,106,-1,29,28,106,-1,106,28,99,-1,106,99,107,-1,107,99,108,-1,11,100,13,-1,13,100,109,-1,13,109,16,-1,16,109,110,-1,16,110,71,-1,71,110,111,-1,112,113,114,-1,115,116,117,-1,117,116,74,-1,71,111,59,-1,59,111,118,-1,59,118,60,-1,60,118,119,-1,60,119,72,-1,72,119,120,-1,72,120,73,-1,73,120,121,-1,73,121,74,-1,74,121,112,-1,74,112,117,-1,117,112,114,-1,122,6,123,-1,123,6,5,-1,
        ]
    }
}
Shape{
    appearance Appearance {
        material  Material {
            diffuseColor 0.25098039215686274 0.25098039215686274 0.25098039215686274
            specularColor 0.12549019607843137 0.12549019607843137 0.12549019607843137
            ambientIntensity 0.251
            transparency 0.0
            shininess 0.5
        }
    }
    geometry IndexedFaceSet {
        ccw TRUE
        solid FALSE
        coord DEF co Coordinate {
            point [
                -2.623 2.95 2.9353, -2.623 2.95 0.346, -2.623 -1.936 2.9353, -2.623 2.35 0.346, -2.623 -1.936 0.006, -2.623 -1.936 0.666, -2.623 -0.54 0.666, -2.623 -1.936 1.866, -2.623 -0.54 1.866, -2.623 2.35 0.006
            ]
        }
        coordIndex [
            0,1,2,-1,2,1,3,-1,4,5,6,-1,7,2,8,-1,8,2,3,-1,8,3,6,-1,6,3,9,-1,6,9,4,-1,
        ]
    }
}
Shape{
    appearance Appearance {
        material  Material {
            diffuseColor 0.7529411764705882 0.7529411764705882 0.7529411764705882
            specularColor 0.3764705882352941 0.3764705882352941 0.3764705882352941
            ambientIntensity 0.7529
            transparency 0.0
            shininess 0.5
        }
    }
    geometry IndexedFaceSet {
        ccw TRUE
        solid FALSE
        coord DEF co Coordinate {
            point [
                -2.623 2.95 4.8553, -2.623 2.95 3.3248, -2.623 2.35 5.016, -2.623 -1.936 3.3248, -2.623 -1.936 5.016, 0.602 -1.94 5.142, 0.602 -1.94 5.016, 2.6399 -1.94 5.142, 2.632 -1.94 5.016, 2.6704 -1.94 5.138, 2.6989 -1.94 5.1262, 2.627 -1.94 3.3248, 2.6918 -1.94 3.1962, 2.7277 -1.94 3.243, 2.7277 -1.94 3.017, 2.627 -1.94 2.9353, 2.6286 -1.94 2.9299, 2.7539 -1.94 5.0545, 2.7421 -1.94 5.083, 2.7234 -1.94 5.1075, 2.632 -1.94 0.152, 2.758 -1.94 0.152, 2.632 -1.94 2.904, 2.758 -1.94 2.904, 2.7503 -1.94 2.9625, 2.6286 -1.94 3.3302, 2.7503 -1.94 3.2976, 2.632 -1.94 3.356, 2.758 -1.94 3.356, 2.758 -1.94 5.0239, 2.6918 -1.94 3.0639, 2.645 -1.94 3.0998, 2.1784 -1.94 2.9353, 2.627 -1.94 3.1091, 2.1784 -1.94 3.3248, 2.627 -1.94 3.151, 2.645 -1.94 3.1603, -2.754 0.7309 -1.3085, -2.754 0.771 -1.378, -2.628 0.771 -1.378, -2.628 0.54 -0.978, -2.754 0.54 -0.978, -2.754 0.549 -0.9934, -2.754 0.61 -1.0991, -2.754 0.6347 -1.1418, -2.754 0.7229 -1.2947, -2.754 1.1091 -1.378, -2.628 1.1091 -1.378, -2.754 0.8594 -1.378, -2.628 1.34 -0.978, -2.754 1.34 -0.978, -2.754 1.34 0.152, -2.628 1.34 0.152, -2.628 -1.94 2.904, -2.628 -1.94 0.152, -2.628 2.984 2.904, -2.628 0.54 0.152, -2.628 2.984 0.152, -2.754 0.54 0.152, 0.377 2.984 0.152, -2.6359 3.11 0.152, 2.6399 3.11 0.152, 2.632 2.984 0.152, 2.7234 3.0754 0.152, 2.7421 3.051 0.152, 2.6989 3.0942 0.152, 2.758 1.34 0.152, 2.632 1.34 0.152, 2.758 2.9919 0.152, 2.7539 3.0225 0.152, 2.6704 3.106 0.152, -2.754 2.9919 0.152, -2.7194 3.0754 0.152, -2.695 3.0942 0.152, -2.75 3.0225 0.152, -2.7382 3.051 0.152, 0.377 1.449 0.152, -0.373 1.449 0.152, -0.373 2.984 0.152, -2.6665 3.106 0.152, 2.632 0.54 0.152, 2.758 0.54 0.152, -2.754 0.2258 0.152, -2.754 0.3508 0.152, -2.754 -0.919 0.152, -2.754 -1.94 0.152, -2.754 0.3929 0.152, -2.754 0.5179 0.152, -2.528 2.984 3.13, -2.528 2.95 3.13, -2.5865 2.95 3.1377, -2.754 -0.919 3.356, -2.754 -0.59 3.356, -2.7463 -0.59 3.2976, -2.7463 -1.94 3.2976, -2.7238 -0.59 3.243, -2.7238 -1.94 3.243, -2.6878 -0.59 3.1962, -2.6878 -1.94 3.1962, -2.641 -0.59 3.1603, -2.641 -1.94 3.1603, -2.754 -1.94 3.356, -2.623 -1.94 3.151, -2.628 -0.59 3.1534, -2.623 2.95 3.151, -2.628 2.984 3.1534, -2.5865 2.984 3.1377, 2.7277 -0.59 3.243, 2.6918 -0.59 3.0639, 2.7277 -0.59 3.017, 2.758 -0.59 3.356, 2.7503 -0.59 3.2976, 2.758 -0.59 2.904, 2.7503 -0.59 2.9625, 2.645 -0.59 3.1603, 2.632 -0.59 3.1534, 2.632 -0.59 3.1067, 2.6918 -0.59 3.1962, 2.645 -0.59 3.0998, -2.754 -0.59 2.904, -2.7463 -0.59 2.9625, -2.6878 -0.59 3.0639, -2.7238 -0.59 3.017, -2.628 -0.59 3.1067, -2.641 -0.59 3.0998, 2.532 2.984 3.13, 2.532 2.95 3.13, 2.5905 2.95 3.1223, 2.627 2.95 3.1091, 2.632 2.984 3.1067, 2.5905 2.984 3.1223, 2.632 2.984 3.356, 2.632 2.984 5.016, 2.532 2.984 3.256, 1.9162 2.984 2.417, 1.8701 2.984 2.1226, 1.9316 2.984 2.108, -1.0842 2.984 0.9828, -1.3161 2.984 1.17, -1.3595 2.984 1.124, -1.3595 2.984 4.0081, -1.3161 2.984 3.9621, -1.0842 2.984 4.1493, 1.8449 2.984 1.8335, 1.7869 2.984 1.7017, 0.83 2.984 0.8338, 0.552 2.984 0.7265, 0.5701 2.984 0.6659, 0.552 2.984 4.4056, 0.83 2.984 4.2983, 1.0881 2.984 4.1493, 1.3201 2.984 3.9621, 1.3635 2.984 4.0081, 1.7195 2.984 1.5744, 1.643 2.984 1.4524, 1.5579 2.984 1.3363, 1.3635 2.984 1.124, 1.3201 2.984 1.17, 1.0881 2.984 0.9828, -0.5661 2.984 0.6659, -0.548 2.984 0.7265, -0.8261 2.984 0.8338, 2.262 2.984 3.256, 1.9162 2.984 2.7151, 2.632 2.984 2.904, 1.8932 2.984 1.9692, -1.7155 2.984 1.5744, -1.783 2.984 1.7017, -2.628 2.984 5.016, -2.628 2.984 3.356, -2.258 2.984 3.256, -0.8261 2.984 4.2983, -0.548 2.984 4.4056, 2.6027 2.984 2.9748, 2.582 2.984 2.9906, 2.5579 2.984 3.0006, 1.4645 2.984 3.9055, 1.5579 2.984 3.7958, 1.643 2.984 3.6797, 1.7195 2.984 3.5577, 1.7869 2.984 3.4304, 1.4645 2.984 1.2266, 0.377 2.984 0.278, -1.4606 2.984 1.2266, -1.5539 2.984 1.3363, -1.6391 2.984 1.4524, -1.8661 2.984 3.0095, -1.9276 2.984 3.0241, -1.9122 2.984 2.7151, -1.9122 2.984 2.417, -1.8661 2.984 2.1226, -1.841 2.984 3.2986, -1.783 2.984 3.4304, -2.528 2.984 3.256, -2.6246 2.984 3.3302, -2.6146 2.984 3.306, -1.7155 2.984 3.5577, -1.6391 2.984 3.6797, -1.5539 2.984 3.7958, 2.262 2.984 3.004, 2.532 2.984 3.004, 2.6286 2.984 2.9299, 2.6186 2.984 2.954, 1.8449 2.984 3.2986, 1.8932 2.984 3.1629, 1.9316 2.984 3.0241, 1.8701 2.984 3.0095, -0.2851 2.984 0.6037, -0.4268 2.984 0.6297, -0.373 2.984 0.278, -1.841 2.984 1.8335, -1.8893 2.984 1.9692, -1.9276 2.984 2.108, -2.5987 2.984 3.2853, -2.578 2.984 3.2694, -2.5539 2.984 3.2595, -1.4606 2.984 3.9055, 2.582 2.984 3.2694, 2.6027 2.984 3.2853, 2.5579 2.984 3.2595, 2.6186 2.984 3.306, 2.6286 2.984 3.3302, -2.528 2.984 3.004, -2.258 2.984 3.004, -1.8893 2.984 3.1629, -2.5503 2.984 3.0015, -2.6181 2.984 2.9474, -2.6255 2.984 2.9263, -2.5714 2.984 2.9941, -2.5904 2.984 2.9822, -2.6062 2.984 2.9664, -0.276 2.984 4.4658, 0.002 2.984 4.486, 0.2799 2.984 4.4658, 0.4307 2.984 0.6297, 0.289 2.984 0.6037, 0.1459 2.984 0.5881, 0.002 2.984 0.5828, -0.1419 2.984 0.5881, -2.628 2.984 3.1067, -2.5865 2.984 3.1223, 2.632 2.984 3.1534, 2.5905 2.984 3.1377, 0.5987 -1.936 5.016, 2.627 -1.936 5.016, 2.627 2.35 5.016, -0.5947 -1.936 5.016, -0.598 -1.94 5.016, -2.628 -1.94 5.016, 2.627 2.95 3.151
            ]
        }
        coordIndex [
            0,1,2,-1,2,1,3,-1,2,3,4,-1,5,6,7,-1,7,6,8,-1,7,8,9,-1,9,8,10,-1,11,12,13,-1,14,15,16,-1,17,18,8,-1,8,18,19,-1,8,19,10,-1,20,21,22,-1,22,21,23,-1,22,23,16,-1,16,23,24,-1,16,24,14,-1,11,13,25,-1,25,13,26,-1,25,26,27,-1,27,26,28,-1,27,28,8,-1,8,28,29,-1,8,29,17,-1,14,30,15,-1,15,30,31,-1,15,31,32,-1,32,31,33,-1,32,33,34,-1,34,33,35,-1,34,35,11,-1,11,35,36,-1,11,36,12,-1,37,38,39,-1,40,41,42,-1,42,43,40,-1,40,43,44,-1,40,44,39,-1,39,44,45,-1,39,45,37,-1,46,47,48,-1,48,47,39,-1,48,39,38,-1,47,46,49,-1,49,46,50,-1,50,51,49,-1,49,51,52,-1,53,54,55,-1,55,54,56,-1,57,55,52,-1,52,55,56,-1,52,56,49,-1,49,56,40,-1,49,40,47,-1,47,40,39,-1,40,56,41,-1,41,56,58,-1,59,60,61,-1,62,63,64,-1,63,62,65,-1,66,67,68,-1,68,67,62,-1,68,62,69,-1,69,62,64,-1,59,61,62,-1,62,61,70,-1,62,70,65,-1,52,51,57,-1,57,51,71,-1,57,72,73,-1,71,74,57,-1,57,74,75,-1,57,75,72,-1,76,77,59,-1,59,77,78,-1,59,78,60,-1,60,78,57,-1,60,57,79,-1,79,57,73,-1,20,80,21,-1,21,80,81,-1,56,82,83,-1,82,56,84,-1,84,56,54,-1,84,54,85,-1,83,86,56,-1,56,86,87,-1,56,87,58,-1,88,89,90,-1,91,92,93,-1,94,95,96,-1,96,95,97,-1,96,97,98,-1,98,97,99,-1,98,99,100,-1,101,91,94,-1,94,91,93,-1,94,93,95,-1,100,99,102,-1,102,99,103,-1,102,103,104,-1,104,103,105,-1,104,105,90,-1,90,105,106,-1,90,106,88,-1,107,108,109,-1,110,111,112,-1,112,111,107,-1,112,107,113,-1,113,107,109,-1,114,115,116,-1,107,117,108,-1,108,117,114,-1,108,114,118,-1,118,114,116,-1,92,119,120,-1,95,93,121,-1,92,120,93,-1,93,120,122,-1,93,122,121,-1,123,103,124,-1,124,103,99,-1,124,99,121,-1,121,99,97,-1,121,97,95,-1,125,126,127,-1,118,31,30,-1,118,30,108,-1,108,30,14,-1,108,14,109,-1,109,14,24,-1,109,24,113,-1,113,24,23,-1,113,23,112,-1,31,118,33,-1,33,118,116,-1,33,116,128,-1,128,116,129,-1,128,129,127,-1,127,129,130,-1,127,130,125,-1,131,132,133,-1,134,135,136,-1,137,138,139,-1,140,141,142,-1,143,144,62,-1,145,146,147,-1,148,149,132,-1,150,151,152,-1,144,153,62,-1,62,153,154,-1,62,154,155,-1,156,157,158,-1,159,160,161,-1,133,132,162,-1,163,134,164,-1,164,134,136,-1,164,136,62,-1,62,136,165,-1,62,165,143,-1,57,166,167,-1,168,169,170,-1,168,171,172,-1,173,174,175,-1,149,150,132,-1,132,150,152,-1,132,152,162,-1,162,152,176,-1,162,176,177,-1,177,178,162,-1,162,178,179,-1,162,179,180,-1,155,181,62,-1,62,181,156,-1,62,156,59,-1,59,156,182,-1,183,184,57,-1,57,184,185,-1,57,185,166,-1,186,187,188,-1,188,187,55,-1,188,55,189,-1,189,55,190,-1,191,192,170,-1,170,169,193,-1,193,169,194,-1,193,194,195,-1,192,196,170,-1,170,196,197,-1,170,197,198,-1,199,164,200,-1,200,164,201,-1,200,201,175,-1,175,201,202,-1,175,202,173,-1,180,203,162,-1,162,203,204,-1,162,204,199,-1,199,204,205,-1,199,205,164,-1,164,205,206,-1,164,206,163,-1,207,208,209,-1,209,208,159,-1,209,159,139,-1,139,159,161,-1,139,161,137,-1,183,57,139,-1,139,57,78,-1,139,78,209,-1,167,210,57,-1,57,210,211,-1,57,211,55,-1,55,211,212,-1,55,212,190,-1,213,214,195,-1,195,214,215,-1,195,215,193,-1,198,216,170,-1,170,216,140,-1,170,140,168,-1,168,140,142,-1,168,142,171,-1,217,218,219,-1,219,218,220,-1,219,220,133,-1,133,220,221,-1,133,221,131,-1,222,55,223,-1,223,55,187,-1,223,187,170,-1,170,187,224,-1,170,224,191,-1,225,226,222,-1,222,226,227,-1,222,227,55,-1,225,228,226,-1,226,228,229,-1,226,229,230,-1,172,231,168,-1,168,231,232,-1,168,232,132,-1,132,232,233,-1,132,233,148,-1,158,145,156,-1,156,145,147,-1,156,147,182,-1,182,147,234,-1,182,234,235,-1,235,236,182,-1,182,236,237,-1,182,237,209,-1,209,237,238,-1,209,238,207,-1,105,239,106,-1,106,239,240,-1,106,240,88,-1,129,241,130,-1,130,241,242,-1,130,242,125,-1,6,243,8,-1,8,243,244,-1,8,244,245,-1,246,247,4,-1,4,247,248,-1,4,248,2,-1,2,248,168,-1,2,168,245,-1,245,168,132,-1,245,132,8,-1,33,128,35,-1,35,128,249,-1,
        ]
    }
}
Shape{
    appearance Appearance {
        material  Material {
            diffuseColor 0.25098039215686274 0.25098039215686274 0.25098039215686274
            specularColor 0.12549019607843137 0.12549019607843137 0.12549019607843137
            ambientIntensity 0.251
            transparency 0.0
            shininess 0.5
        }
    }
    geometry IndexedFaceSet {
        ccw TRUE
        solid FALSE
        coord DEF co Coordinate {
            point [
                2.627 2.95 2.9353, 2.627 -1.936 2.9353, 2.627 -0.54 1.866, 2.627 -1.936 1.866, 2.627 2.95 0.346, 2.627 2.35 0.346, 2.627 2.35 0.006, 2.627 -0.54 0.666, 2.627 -1.936 0.006, 2.627 -1.936 0.666
            ]
        }
        coordIndex [
            0,1,2,-1,2,1,3,-1,4,0,5,-1,5,0,2,-1,5,2,6,-1,6,2,7,-1,6,7,8,-1,8,7,9,-1,
        ]
    }
}
Shape{
    appearance Appearance {
        material  Material {
            diffuseColor 0.7529411764705882 0.7529411764705882 0.7529411764705882
            specularColor 0.3764705882352941 0.3764705882352941 0.3764705882352941
            ambientIntensity 0.7529
            transparency 0.0
            shininess 0.5
        }
    }
    geometry IndexedFaceSet {
        ccw TRUE
        solid FALSE
        coord DEF co Coordinate {
            point [
                2.627 -1.936 5.016, 2.627 -1.936 3.3248, 2.627 2.35 5.016, 2.627 2.95 3.3248, 2.627 2.95 4.8553
            ]
        }
        coordIndex [
            0,1,2,-1,2,1,3,-1,2,3,4,-1,
        ]
    }
}
Shape{
    appearance Appearance {
        material  Material {
            diffuseColor 0.25098039215686274 0.25098039215686274 0.25098039215686274
            specularColor 0.12549019607843137 0.12549019607843137 0.12549019607843137
            ambientIntensity 0.251
            transparency 0.0
            shininess 0.5
        }
    }
    geometry IndexedFaceSet {
        ccw TRUE
        solid FALSE
        coord DEF co Coordinate {
            point [
                2.297 -1.936 0.006, 2.627 -1.936 0.006, 2.297 -1.936 0.166, 2.627 -1.936 0.666, 2.1784 -1.936 3.3248, 2.627 -1.936 3.3248, 2.627 -1.936 5.016, 2.407 -1.936 0.666, 2.394 -1.936 0.6678, 1.867 -1.936 0.166, 2.1784 -1.936 2.9353, 2.3716 -1.936 1.8514, 2.382 -1.936 1.8593, 2.382 -1.936 0.6727, 2.3716 -1.936 0.6807, 0.917 -1.936 0.166, 2.3637 -1.936 0.691, 0.532 -1.936 0.166, 2.627 -1.936 1.866, 2.627 -1.936 2.9353, 2.407 -1.936 1.866, 2.394 -1.936 1.8643, 0.5987 -1.936 5.016, 0.4987 -1.936 5.016, 0.4987 -1.936 4.656, -0.913 -1.936 0.166, -0.4947 -1.936 4.656, -2.623 -1.936 5.016, -2.623 -1.936 3.3248, -0.5947 -1.936 5.016, -2.1745 -1.936 3.3248, -0.4947 -1.936 5.016, 2.357 -1.936 0.716, 2.357 -1.936 1.816, 2.3587 -1.936 1.829, 2.3637 -1.936 1.841, -2.623 -1.936 2.9353, -2.623 -1.936 1.866, -2.1745 -1.936 2.9353, -2.403 -1.936 1.866, -2.3901 -1.936 1.8643, -2.623 -1.936 0.006, -2.293 -1.936 0.006, -2.623 -1.936 0.666, -2.293 -1.936 0.166, -2.403 -1.936 0.666, -2.3901 -1.936 0.6678, -0.093 -1.936 0.166, 2.3587 -1.936 0.7031, -2.378 -1.936 1.8593, -2.3677 -1.936 1.8514, -2.3597 -1.936 1.841, -2.3547 -1.936 1.829, -2.353 -1.936 1.816, -2.353 -1.936 0.716, -2.3547 -1.936 0.7031, -2.3597 -1.936 0.691, -2.3677 -1.936 0.6807, -2.378 -1.936 0.6727
            ]
        }
        coordIndex [
            0,1,2,-1,2,1,3,-1,4,5,6,-1,3,7,2,-1,2,7,8,-1,2,8,9,-1,10,11,12,-1,8,13,9,-1,9,13,14,-1,9,14,15,-1,15,14,16,-1,15,16,17,-1,18,19,20,-1,20,19,10,-1,20,10,21,-1,21,10,12,-1,6,22,4,-1,4,22,23,-1,4,23,10,-1,10,23,24,-1,10,24,25,-1,25,24,26,-1,27,28,29,-1,29,28,30,-1,29,30,31,-1,32,33,25,-1,25,33,34,-1,25,34,10,-1,10,34,35,-1,10,35,11,-1,36,37,38,-1,38,37,39,-1,38,39,40,-1,41,42,43,-1,43,42,44,-1,43,44,45,-1,45,44,46,-1,25,47,32,-1,32,47,17,-1,32,17,48,-1,48,17,16,-1,40,49,38,-1,38,49,50,-1,38,50,51,-1,52,53,25,-1,25,53,54,-1,25,54,55,-1,55,56,25,-1,25,56,57,-1,25,57,44,-1,44,57,58,-1,44,58,46,-1,31,30,26,-1,26,30,38,-1,26,38,25,-1,25,38,51,-1,25,51,52,-1,
        ]
    }
}
Shape{
    appearance Appearance {
        material  Material {
            diffuseColor 0.7529411764705882 0.7529411764705882 0.7529411764705882
            specularColor 0.3764705882352941 0.3764705882352941 0.3764705882352941
            ambientIntensity 0.7529
            transparency 0.0
            shininess 0.5
        }
    }
    geometry IndexedFaceSet {
        ccw TRUE
        solid FALSE
        coord DEF co Coordinate {
            point [
                -2.623 -1.936 2.9353, -2.1745 -1.936 2.9353, -2.623 -1.94 2.9353, -2.1745 -1.94 2.9353, -2.1745 -1.936 3.3248, -2.1745 -1.94 3.3248, -2.623 -1.936 3.3248, -2.623 -1.94 3.3248, 2.627 -1.936 3.3248, 2.1784 -1.936 3.3248, 2.627 -1.94 3.3248, 2.1784 -1.94 3.3248, 2.1784 -1.936 2.9353, 2.1784 -1.94 2.9353, 2.627 -1.936 2.9353, 2.627 -1.94 2.9353, 2.6399 3.11 0.152, 2.6399 3.11 5.0239, 2.6704 3.106 5.0239, 2.6704 3.106 0.152, 2.6989 3.0942 5.0239, 2.6989 3.0942 0.152, 2.7234 3.0754 5.0239, 2.7234 3.0754 0.152, 2.7421 3.051 5.0239, 2.7421 3.051 0.152, 2.7539 3.0225 5.0239, 2.7539 3.0225 0.152, 2.758 2.9919 5.0239, 2.758 2.9919 0.152, 2.758 -1.94 5.0239, 2.7539 2.9919 5.0545, 2.7539 -1.94 5.0545, 2.7421 2.9919 5.083, 2.7421 -1.94 5.083, 2.7234 2.9919 5.1075, 2.7234 -1.94 5.1075, 2.6989 2.9919 5.1262, 2.6989 -1.94 5.1262, 2.6704 2.9919 5.138, 2.6704 -1.94 5.138, 2.6399 2.9919 5.142, 2.6399 -1.94 5.142, 2.7501 3.0225 5.0535, 2.691 3.0942 5.0535, 2.6663 3.106 5.0392, 2.6615 3.106 5.0456, 2.6399 3.106 5.0545, 2.6478 3.106 5.0535, 2.6694 3.106 5.0318, 2.6969 3.0942 5.0392, 2.7205 3.0754 5.0456, 2.6816 3.0942 5.0657, 2.6551 3.106 5.0504, 2.6694 3.0942 5.0751, 2.6551 3.0942 5.081, 2.6399 3.0942 5.083, 2.7122 3.0754 5.0657, 2.6989 3.0754 5.083, 2.6816 3.0754 5.0963, 2.6615 3.0754 5.1046, 2.6399 3.0754 5.1075, 2.7387 3.051 5.0504, 2.7284 3.051 5.0751, 2.7122 3.051 5.0963, 2.691 3.051 5.1125, 2.6663 3.051 5.1227, 2.6399 3.051 5.1262, 2.7387 3.0225 5.081, 2.7205 3.0225 5.1046, 2.6969 3.0225 5.1227, 2.6694 3.0225 5.1341, 2.6399 3.0225 5.138, -2.6359 3.11 5.0239, -2.6359 3.106 5.0545, -2.6359 3.0942 5.083, -2.6359 3.0754 5.1075, -2.6359 3.051 5.1262, -2.6359 3.0225 5.138, -2.6359 2.9919 5.142, -2.6359 -1.94 5.142, -2.6665 2.9919 5.138, -2.6665 -1.94 5.138, -2.695 2.9919 5.1262, -2.695 -1.94 5.1262, -2.7194 2.9919 5.1075, -2.7194 -1.94 5.1075, -2.7382 2.9919 5.083, -2.7382 -1.94 5.083, -2.75 2.9919 5.0545, -2.75 -1.94 5.0545, -2.754 2.9919 5.0239, -2.754 0.8594 5.0239, -2.754 0.7309 5.0239, -2.754 0.7229 5.0239, -2.754 0.6347 5.0239, -2.754 0.61 5.0239, -2.754 0.549 5.0239, -2.754 0.5179 5.0239, -2.754 0.3929 5.0239, -2.754 -0.919 5.0239, -2.754 -1.94 5.0239, -2.754 0.3508 5.0239, -2.754 0.2258 5.0239, -2.6654 3.0225 5.1341, -2.6654 3.0942 5.0751, -2.6512 3.106 5.0504, -2.6575 3.106 5.0456, -2.6665 3.106 5.0239, -2.6654 3.106 5.0318, -2.6438 3.106 5.0535, -2.6512 3.0942 5.081, -2.6575 3.0754 5.1046, -2.6777 3.0942 5.0657, -2.6624 3.106 5.0392, -2.6871 3.0942 5.0535, -2.693 3.0942 5.0392, -2.695 3.0942 5.0239, -2.6777 3.0754 5.0963, -2.695 3.0754 5.083, -2.7082 3.0754 5.0657, -2.7166 3.0754 5.0456, -2.7194 3.0754 5.0239, -2.6624 3.051 5.1227, -2.6871 3.051 5.1125, -2.7082 3.051 5.0963, -2.7245 3.051 5.0751, -2.7347 3.051 5.0504, -2.7382 3.051 5.0239, -2.693 3.0225 5.1227, -2.7166 3.0225 5.1046, -2.7347 3.0225 5.081, -2.7461 3.0225 5.0535, -2.75 3.0225 5.0239, -2.6359 3.11 0.152, -2.6665 3.106 0.152, -2.754 2.9919 0.7283, -2.75 3.0225 0.152, -2.754 2.9919 0.6754, -2.754 2.9919 0.152, -2.754 2.9919 0.9009, -2.754 2.9919 0.94, -2.754 2.9919 1.0757, -2.695 3.0942 0.152, -2.7194 3.0754 0.152, -2.7382 3.051 0.152
            ]
        }
        coordIndex [
            0,1,2,-1,2,1,3,-1,1,4,3,-1,3,4,5,-1,4,6,5,-1,5,6,7,-1,8,9,10,-1,10,9,11,-1,9,12,11,-1,11,12,13,-1,12,14,13,-1,13,14,15,-1,16,17,18,-1,16,18,19,-1,19,18,20,-1,19,20,21,-1,21,20,22,-1,21,22,23,-1,23,22,24,-1,23,24,25,-1,25,24,26,-1,25,26,27,-1,27,26,28,-1,27,28,29,-1,30,28,31,-1,30,31,32,-1,32,31,33,-1,32,33,34,-1,34,33,35,-1,34,35,36,-1,36,35,37,-1,36,37,38,-1,38,37,39,-1,38,39,40,-1,40,39,41,-1,40,41,42,-1,28,26,43,-1,44,45,46,-1,17,47,48,-1,46,45,17,-1,49,17,45,-1,49,45,50,-1,50,45,44,-1,50,44,51,-1,18,17,49,-1,52,53,54,-1,54,53,48,-1,54,48,55,-1,55,48,47,-1,55,47,56,-1,18,49,20,-1,20,49,50,-1,20,50,22,-1,22,50,51,-1,22,51,24,-1,57,52,58,-1,58,52,54,-1,58,54,59,-1,59,54,55,-1,59,55,60,-1,60,55,56,-1,60,56,61,-1,62,57,63,-1,63,57,58,-1,63,58,64,-1,64,58,59,-1,64,59,65,-1,65,59,60,-1,65,60,66,-1,66,60,61,-1,66,61,67,-1,26,62,43,-1,43,62,63,-1,43,63,68,-1,68,63,64,-1,68,64,69,-1,69,64,65,-1,69,65,70,-1,70,65,66,-1,70,66,71,-1,71,66,67,-1,71,67,72,-1,28,43,31,-1,31,43,68,-1,31,68,33,-1,33,68,69,-1,33,69,35,-1,35,69,70,-1,35,70,37,-1,37,70,71,-1,37,71,39,-1,39,71,72,-1,39,72,41,-1,53,17,48,-1,26,24,62,-1,62,24,51,-1,62,51,57,-1,57,51,44,-1,57,44,52,-1,52,44,46,-1,52,46,53,-1,53,46,17,-1,17,73,74,-1,17,74,47,-1,47,74,75,-1,47,75,56,-1,56,75,76,-1,56,76,61,-1,61,76,77,-1,61,77,67,-1,67,77,78,-1,67,78,72,-1,72,78,79,-1,72,79,41,-1,80,79,81,-1,80,81,82,-1,82,81,83,-1,82,83,84,-1,84,83,85,-1,84,85,86,-1,86,85,87,-1,86,87,88,-1,88,87,89,-1,88,89,90,-1,89,91,92,-1,92,93,89,-1,89,93,94,-1,89,94,90,-1,90,94,95,-1,90,95,96,-1,96,97,90,-1,90,97,98,-1,90,98,99,-1,100,101,90,-1,99,102,90,-1,90,102,103,-1,90,103,100,-1,79,78,104,-1,105,106,107,-1,73,108,109,-1,107,106,73,-1,110,73,106,-1,110,106,111,-1,111,106,105,-1,111,105,112,-1,74,73,110,-1,113,114,115,-1,115,114,109,-1,115,109,116,-1,116,109,108,-1,116,108,117,-1,74,110,75,-1,75,110,111,-1,75,111,76,-1,76,111,112,-1,76,112,77,-1,118,113,119,-1,119,113,115,-1,119,115,120,-1,120,115,116,-1,120,116,121,-1,121,116,117,-1,121,117,122,-1,123,118,124,-1,124,118,119,-1,124,119,125,-1,125,119,120,-1,125,120,126,-1,126,120,121,-1,126,121,127,-1,127,121,122,-1,127,122,128,-1,78,123,104,-1,104,123,124,-1,104,124,129,-1,129,124,125,-1,129,125,130,-1,130,125,126,-1,130,126,131,-1,131,126,127,-1,131,127,132,-1,132,127,128,-1,132,128,133,-1,79,104,81,-1,81,104,129,-1,81,129,83,-1,83,129,130,-1,83,130,85,-1,85,130,131,-1,85,131,87,-1,87,131,132,-1,87,132,89,-1,89,132,133,-1,89,133,91,-1,114,73,109,-1,78,77,123,-1,123,77,112,-1,123,112,118,-1,118,112,105,-1,118,105,113,-1,113,105,107,-1,113,107,114,-1,114,107,73,-1,73,134,135,-1,136,137,138,-1,138,137,139,-1,136,140,137,-1,137,140,141,-1,137,141,142,-1,73,135,108,-1,108,135,143,-1,108,143,117,-1,117,143,144,-1,117,144,122,-1,122,144,145,-1,122,145,128,-1,128,145,137,-1,128,137,133,-1,133,137,142,-1,133,142,91,-1,
        ]
    }
}
Shape{
    appearance Appearance {
        material  Material {
            diffuseColor 0.0 0.0 0.0
            specularColor 0.0 0.0 0.0
            ambientIntensity 0.0
            transparency 0.0
            shininess 0.5
        }
    }
    geometry IndexedFaceSet {
        ccw TRUE
        solid FALSE
        coord DEF co Coordinate {
            point [
                -2.758 0.7343 0.9563, -2.758 0.7343 0.9411, -2.754 0.7343 0.9563, -2.754 0.7343 0.9411, -2.758 0.7875 0.9563, -2.754 0.7875 0.9563, -2.758 0.7875 1.0746, -2.754 0.7875 1.0746, -2.758 0.8047 1.0746, -2.754 0.8047 1.0746, -2.758 0.8047 0.9411, -2.754 0.8047 0.9411, -2.758 0.6456 0.9408, -2.758 0.6659 0.9389, -2.754 0.6659 0.9389, -2.754 0.6541 0.94, -2.754 0.6456 0.9408, -2.758 0.6312 0.9455, -2.754 0.6347 0.9444, -2.754 0.6312 0.9455, -2.754 0.629 0.9466, -2.758 0.629 0.9466, -2.758 0.629 0.9632, -2.754 0.629 0.9632, -2.754 0.6347 0.9605, -2.758 0.6407 0.9577, -2.754 0.6407 0.9577, -2.754 0.6555 0.9546, -2.758 0.6555 0.9546, -2.754 0.6634 0.9542, -2.758 0.6634 0.9542, -2.754 0.6762 0.9557, -2.758 0.6762 0.9557, -2.754 0.6858 0.9592, -2.758 0.6858 0.9592, -2.754 0.6946 0.9653, -2.758 0.6946 0.9653, -2.754 0.6977 0.9683, -2.758 0.6977 0.9683, -2.754 0.7043 0.9775, -2.758 0.7043 0.9775, -2.754 0.7086 0.9883, -2.758 0.7086 0.9883, -2.754 0.7108 1.0045, -2.758 0.7108 1.0045, -2.754 0.7108 1.0063, -2.758 0.7108 1.0063, -2.754 0.7086 1.0245, -2.758 0.7086 1.0245, -2.754 0.7042 1.036, -2.758 0.7042 1.036, -2.754 0.6978 1.0453, -2.758 0.6978 1.0453, -2.754 0.6968 1.0465, -2.758 0.6968 1.0465, -2.754 0.6877 1.054, -2.758 0.6877 1.054, -2.754 0.6772 1.0588, -2.758 0.6772 1.0588, -2.754 0.6656 1.0611, -2.758 0.6656 1.0611, -2.754 0.6604 1.0613, -2.758 0.6604 1.0613, -2.754 0.646 1.0598, -2.754 0.6347 1.0559, -2.758 0.6323 1.0551, -2.758 0.646 1.0598, -2.754 0.6323 1.0551, -2.754 0.629 1.0533, -2.758 0.629 1.0533, -2.758 0.629 1.0714, -2.754 0.629 1.0714, -2.754 0.6606 1.0768, -2.758 0.6606 1.0768, -2.758 0.6582 1.0768, -2.754 0.6347 1.0731, -2.758 0.6411 1.0751, -2.754 0.6411 1.0751, -2.754 0.6472 1.0757, -2.754 0.6582 1.0768, -2.754 0.6699 1.0757, -2.758 0.6797 1.0745, -2.754 0.6797 1.0745, -2.754 0.6937 1.0691, -2.758 0.6937 1.0691, -2.754 0.7066 1.06, -2.758 0.7066 1.06, -2.754 0.7096 1.0572, -2.758 0.7096 1.0572, -2.754 0.7182 1.0464, -2.754 0.7229 1.0362, -2.758 0.725 1.0318, -2.758 0.7182 1.0464, -2.754 0.725 1.0318, -2.754 0.7284 1.0149, -2.758 0.7284 1.0149, -2.754 0.7289 1.0053, -2.758 0.7289 1.0053, -2.754 0.7263 0.9838, -2.754 0.7229 0.975, -2.758 0.7209 0.9698, -2.758 0.7263 0.9838, -2.754 0.7209 0.9698, -2.754 0.713 0.9584, -2.758 0.713 0.9584, -2.754 0.7118 0.9571, -2.758 0.7118 0.9571, -2.754 0.6895 0.9426, -2.758 0.7019 0.9487, -2.754 0.7019 0.9487, -2.754 0.6779 0.94, -2.758 0.6752 0.9394, -2.758 0.6895 0.9426, -2.754 0.6752 0.9394, -2.758 0.5305 0.9563, -2.758 0.5305 0.9411, -2.754 0.5305 0.9563, -2.754 0.5305 0.9411, -2.754 0.585 0.9563, -2.758 0.585 0.9563, -2.754 0.549 0.9563, -2.758 0.585 1.0012, -2.754 0.585 1.0012, -2.758 0.5373 1.0012, -2.754 0.549 1.0012, -2.754 0.5373 1.0012, -2.758 0.5373 1.0165, -2.754 0.5373 1.0165, -2.754 0.585 1.0165, -2.758 0.585 1.0165, -2.754 0.549 1.0165, -2.758 0.585 1.0592, -2.754 0.585 1.0592, -2.754 0.5335 1.0592, -2.758 0.5335 1.0592, -2.754 0.549 1.0592, -2.758 0.5335 1.0746, -2.754 0.5335 1.0746, -2.754 0.6022 1.0746, -2.758 0.6022 1.0746, -2.754 0.549 1.0746, -2.758 0.6022 0.9411, -2.754 0.6022 0.9411, -2.754 0.549 0.9411, -2.758 0.4221 0.9789, -2.758 0.429 0.9702, -2.758 0.4167 0.9598, -2.758 0.4307 0.9687, -2.758 0.4308 0.9497, -2.758 0.4393 0.9627, -2.758 0.4461 0.9438, -2.758 0.4504 0.9585, -2.758 0.4686 0.9411, -2.758 0.4687 0.9563, -2.758 0.5053 0.9411, -2.758 0.488 0.9563, -2.758 0.5053 1.0746, -2.758 0.488 1.0592, -2.758 0.4672 1.0746, -2.758 0.4679 1.0592, -2.758 0.4468 1.0723, -2.758 0.4506 1.0573, -2.758 0.4307 1.0664, -2.758 0.4391 1.0531, -2.758 0.4167 1.0569, -2.758 0.4294 1.0467, -2.758 0.4119 1.0522, -2.758 0.4246 1.0418, -2.758 0.4037 1.0405, -2.758 0.4197 1.034, -2.758 0.3988 1.0278, -2.758 0.4162 1.0237, -2.758 0.3966 1.0095, -2.758 0.4147 1.0091, -2.758 0.3972 0.999, -2.758 0.4151 1.0013, -2.758 0.4009 0.9837, -2.758 0.4176 0.9889, -2.758 0.4078 0.9701, -2.754 0.4686 0.9411, -2.754 0.5053 0.9411, -2.754 0.4461 0.9438, -2.754 0.4308 0.9497, -2.754 0.4167 0.9598, -2.754 0.4078 0.9701, -2.754 0.4009 0.9837, -2.754 0.3972 0.999, -2.754 0.3966 1.0095, -2.754 0.3988 1.0278, -2.754 0.4037 1.0405, -2.754 0.4119 1.0522, -2.754 0.4167 1.0569, -2.754 0.4307 1.0664, -2.754 0.4468 1.0723, -2.754 0.4672 1.0746, -2.754 0.5053 1.0746, -2.754 0.4679 1.0592, -2.754 0.488 1.0592, -2.754 0.488 0.9563, -2.754 0.4687 0.9563, -2.754 0.429 0.9702, -2.754 0.4307 0.9687, -2.754 0.4393 0.9627, -2.754 0.4504 0.9585, -2.754 0.4147 1.0091, -2.754 0.4151 1.0013, -2.754 0.4176 0.9889, -2.754 0.4221 0.9789, -2.754 0.4294 1.0467, -2.754 0.4246 1.0418, -2.754 0.4197 1.034, -2.754 0.4162 1.0237, -2.754 0.4506 1.0573, -2.754 0.4391 1.0531
            ]
        }
        coordIndex [
            0,1,2,-1,2,1,3,-1,4,0,5,-1,5,0,2,-1,6,4,7,-1,7,4,5,-1,8,6,9,-1,9,6,7,-1,10,8,11,-1,11,8,9,-1,1,10,3,-1,3,10,11,-1,6,8,4,-1,4,8,10,-1,4,10,0,-1,0,10,1,-1,12,13,14,-1,14,15,12,-1,12,15,16,-1,12,16,17,-1,17,16,18,-1,18,19,17,-1,17,19,20,-1,17,20,21,-1,22,21,23,-1,23,21,20,-1,22,23,24,-1,22,24,25,-1,24,26,25,-1,25,26,27,-1,25,27,28,-1,28,27,29,-1,28,29,30,-1,30,29,31,-1,30,31,32,-1,32,31,33,-1,32,33,34,-1,34,33,35,-1,34,35,36,-1,36,35,37,-1,36,37,38,-1,38,37,39,-1,38,39,40,-1,40,39,41,-1,40,41,42,-1,42,41,43,-1,42,43,44,-1,44,43,45,-1,44,45,46,-1,46,45,47,-1,46,47,48,-1,48,47,49,-1,48,49,50,-1,50,49,51,-1,50,51,52,-1,52,51,53,-1,52,53,54,-1,54,53,55,-1,54,55,56,-1,56,55,57,-1,56,57,58,-1,58,57,59,-1,58,59,60,-1,60,59,61,-1,60,61,62,-1,62,61,63,-1,64,65,63,-1,63,65,66,-1,63,66,62,-1,64,67,65,-1,65,67,68,-1,65,68,69,-1,70,69,71,-1,71,69,68,-1,72,73,74,-1,70,71,75,-1,70,75,76,-1,75,77,76,-1,76,77,78,-1,76,78,74,-1,74,78,79,-1,74,79,72,-1,73,72,80,-1,73,80,81,-1,80,82,81,-1,81,82,83,-1,81,83,84,-1,84,83,85,-1,84,85,86,-1,86,85,87,-1,86,87,88,-1,88,87,89,-1,90,91,89,-1,89,91,92,-1,89,92,88,-1,90,93,91,-1,91,93,94,-1,91,94,95,-1,95,94,96,-1,95,96,97,-1,97,96,98,-1,99,100,98,-1,98,100,101,-1,98,101,97,-1,99,102,100,-1,100,102,103,-1,100,103,104,-1,104,103,105,-1,104,105,106,-1,107,108,109,-1,109,108,106,-1,109,106,105,-1,110,111,107,-1,107,111,112,-1,107,112,108,-1,110,113,111,-1,111,113,14,-1,111,14,13,-1,65,69,70,-1,56,58,81,-1,48,50,92,-1,81,58,73,-1,92,50,88,-1,65,70,66,-1,81,84,56,-1,56,84,86,-1,56,86,54,-1,54,86,88,-1,54,88,52,-1,52,88,50,-1,58,60,73,-1,73,60,62,-1,73,62,74,-1,74,62,66,-1,74,66,76,-1,76,66,70,-1,97,46,95,-1,95,46,48,-1,95,48,91,-1,91,48,92,-1,21,22,17,-1,17,22,25,-1,17,25,12,-1,12,25,28,-1,12,28,13,-1,13,28,30,-1,13,30,111,-1,111,30,32,-1,111,32,112,-1,112,32,34,-1,112,34,108,-1,108,34,36,-1,108,36,106,-1,106,36,38,-1,106,38,104,-1,104,38,40,-1,104,40,100,-1,100,40,101,-1,101,40,42,-1,101,42,97,-1,97,42,44,-1,97,44,46,-1,114,115,116,-1,116,115,117,-1,118,119,120,-1,120,119,114,-1,120,114,116,-1,121,119,122,-1,122,119,118,-1,121,122,123,-1,123,122,124,-1,123,124,125,-1,126,123,127,-1,127,123,125,-1,128,129,130,-1,130,129,126,-1,130,126,127,-1,131,129,132,-1,132,129,128,-1,133,134,135,-1,135,134,131,-1,135,131,132,-1,136,134,137,-1,137,134,133,-1,138,139,140,-1,140,139,136,-1,140,136,137,-1,141,139,142,-1,142,139,138,-1,117,115,143,-1,143,115,141,-1,143,141,142,-1,141,115,114,-1,114,119,141,-1,141,119,121,-1,141,121,139,-1,134,136,131,-1,131,136,139,-1,131,139,129,-1,129,139,121,-1,129,121,126,-1,126,121,123,-1,144,145,146,-1,146,145,147,-1,146,147,148,-1,148,147,149,-1,148,149,150,-1,150,149,151,-1,150,151,152,-1,152,151,153,-1,152,153,154,-1,154,153,155,-1,154,155,156,-1,156,155,157,-1,156,157,158,-1,158,157,159,-1,158,159,160,-1,160,159,161,-1,160,161,162,-1,162,161,163,-1,162,163,164,-1,164,163,165,-1,164,165,166,-1,166,165,167,-1,166,167,168,-1,168,167,169,-1,168,169,170,-1,170,169,171,-1,170,171,172,-1,172,171,173,-1,172,173,174,-1,174,173,175,-1,174,175,176,-1,176,175,177,-1,176,177,178,-1,178,177,144,-1,178,144,146,-1,152,154,179,-1,179,154,180,-1,152,179,181,-1,152,181,150,-1,150,181,182,-1,150,182,148,-1,148,182,183,-1,148,183,146,-1,146,183,184,-1,146,184,178,-1,178,184,185,-1,178,185,176,-1,176,185,186,-1,176,186,174,-1,174,186,187,-1,174,187,172,-1,172,187,188,-1,172,188,170,-1,170,188,189,-1,170,189,168,-1,168,189,190,-1,168,190,166,-1,166,190,191,-1,166,191,164,-1,164,191,192,-1,164,192,162,-1,162,192,193,-1,162,193,160,-1,160,193,194,-1,160,194,158,-1,156,158,195,-1,195,158,194,-1,154,156,180,-1,180,156,195,-1,159,157,196,-1,196,157,197,-1,157,155,197,-1,197,155,198,-1,155,153,198,-1,198,153,199,-1,145,200,201,-1,145,201,147,-1,147,201,202,-1,147,202,149,-1,149,202,203,-1,149,203,151,-1,151,203,199,-1,151,199,153,-1,173,204,205,-1,173,205,175,-1,175,205,206,-1,175,206,177,-1,177,206,207,-1,177,207,144,-1,144,207,200,-1,144,200,145,-1,165,208,209,-1,165,209,167,-1,167,209,210,-1,167,210,169,-1,169,210,211,-1,169,211,171,-1,171,211,204,-1,171,204,173,-1,159,196,212,-1,159,212,161,-1,161,212,213,-1,161,213,163,-1,163,213,208,-1,163,208,165,-1,
        ]
    }
}
Shape{
    appearance Appearance {
        material  Material {
            diffuseColor 0.7529411764705882 0.7529411764705882 0.7529411764705882
            specularColor 0.3764705882352941 0.3764705882352941 0.3764705882352941
            ambientIntensity 0.7529
            transparency 0.0
            shininess 0.5
        }
    }
    geometry IndexedFaceSet {
        ccw TRUE
        solid FALSE
        coord DEF co Coordinate {
            point [
                -2.754 0.488 1.0592, -2.754 0.488 0.9563, -2.754 0.4679 1.0592, -2.754 0.4687 0.9563, -2.754 0.4504 0.9585, -2.754 0.4393 0.9627, -2.754 0.4307 0.9687, -2.754 0.429 0.9702, -2.754 0.4151 1.0013, -2.754 0.4147 1.0091, -2.754 0.4162 1.0237, -2.754 0.4197 1.034, -2.754 0.4246 1.0418, -2.754 0.4294 1.0467, -2.754 0.4506 1.0573, -2.754 0.4391 1.0531, -2.754 0.4221 0.9789, -2.754 0.4176 0.9889
            ]
        }
        coordIndex [
            0,1,2,-1,2,1,3,-1,2,3,4,-1,4,5,2,-1,2,5,6,-1,2,6,7,-1,8,9,2,-1,2,9,10,-1,2,10,11,-1,11,12,2,-1,2,12,13,-1,2,13,14,-1,14,13,15,-1,7,16,2,-1,2,16,17,-1,2,17,8,-1,
        ]
    }
}
Shape{
    appearance Appearance {
        material  Material {
            diffuseColor 0.0 0.0 0.0
            specularColor 0.0 0.0 0.0
            ambientIntensity 0.0
            transparency 0.0
            shininess 0.5
        }
    }
    geometry IndexedFaceSet {
        ccw TRUE
        solid FALSE
        coord DEF co Coordinate {
            point [
                -2.758 0.3519 0.9927, -2.758 0.3574 0.9776, -2.758 0.3071 0.9927, -2.758 0.3018 0.9776, -2.758 0.3319 1.0482, -2.758 0.3384 1.0746, -2.758 0.3892 0.9411, -2.758 0.3702 0.9411, -2.758 0.3308 1.0521, -2.758 0.3298 1.0575, -2.758 0.32 1.0746, -2.758 0.3293 1.0575, -2.758 0.3283 1.0519, -2.758 0.3273 1.0482, -2.758 0.2691 0.9411, -2.758 0.2882 0.9411, -2.754 0.32 1.0746, -2.754 0.2691 0.9411, -2.754 0.3384 1.0746, -2.754 0.3892 0.9411, -2.754 0.3508 1.0421, -2.754 0.3702 0.9411, -2.754 0.3574 0.9776, -2.754 0.3018 0.9776, -2.754 0.3508 0.9776, -2.754 0.2882 0.9411, -2.754 0.3519 0.9927, -2.754 0.3071 0.9927, -2.754 0.3273 1.0482, -2.754 0.3293 1.0575, -2.754 0.3283 1.0519, -2.754 0.3298 1.0575, -2.754 0.3319 1.0482, -2.754 0.3308 1.0521
            ]
        }
        coordIndex [
            0,1,2,-1,2,1,3,-1,4,5,0,-1,0,5,6,-1,0,6,1,-1,1,6,7,-1,4,8,5,-1,5,8,9,-1,5,9,10,-1,10,9,11,-1,10,11,12,-1,12,13,10,-1,10,13,2,-1,10,2,14,-1,14,2,3,-1,14,3,15,-1,10,14,16,-1,16,14,17,-1,5,10,18,-1,18,10,16,-1,19,6,20,-1,20,6,5,-1,20,5,18,-1,7,6,21,-1,21,6,19,-1,1,7,22,-1,22,7,21,-1,23,3,24,-1,24,3,1,-1,24,1,22,-1,15,3,25,-1,25,3,23,-1,14,15,17,-1,17,15,25,-1,0,2,26,-1,26,2,27,-1,2,13,27,-1,27,13,28,-1,11,29,30,-1,11,30,12,-1,12,30,28,-1,12,28,13,-1,11,9,29,-1,29,9,31,-1,4,32,33,-1,4,33,8,-1,8,33,31,-1,8,31,9,-1,4,0,32,-1,32,0,26,-1,
        ]
    }
}
Shape{
    appearance Appearance {
        material  Material {
            diffuseColor 0.7529411764705882 0.7529411764705882 0.7529411764705882
            specularColor 0.3764705882352941 0.3764705882352941 0.3764705882352941
            ambientIntensity 0.7529
            transparency 0.0
            shininess 0.5
        }
    }
    geometry IndexedFaceSet {
        ccw TRUE
        solid FALSE
        coord DEF co Coordinate {
            point [
                -2.754 0.3293 1.0575, -2.754 0.3298 1.0575, -2.754 0.3283 1.0519, -2.754 0.3308 1.0521, -2.754 0.3273 1.0482, -2.754 0.3319 1.0482, -2.754 0.3071 0.9927, -2.754 0.3519 0.9927
            ]
        }
        coordIndex [
            0,1,2,-1,2,1,3,-1,2,3,4,-1,4,3,5,-1,4,5,6,-1,6,5,7,-1,
        ]
    }
}
Shape{
    appearance Appearance {
        material  Material {
            diffuseColor 0.0 0.0 0.0
            specularColor 0.0 0.0 0.0
            ambientIntensity 0.0
            transparency 0.0
            shininess 0.5
        }
    }
    geometry IndexedFaceSet {
        ccw TRUE
        solid FALSE
        coord DEF co Coordinate {
            point [
                -2.758 0.7329 0.7446, -2.758 0.7329 0.7294, -2.754 0.7329 0.7446, -2.754 0.7329 0.7294, -2.758 0.7875 0.7446, -2.754 0.7875 0.7446, -2.758 0.7875 0.7895, -2.754 0.7875 0.7895, -2.758 0.7398 0.7895, -2.754 0.7398 0.7895, -2.758 0.7398 0.8048, -2.754 0.7398 0.8048, -2.758 0.7875 0.8048, -2.754 0.7875 0.8048, -2.758 0.7875 0.8475, -2.754 0.7875 0.8475, -2.758 0.736 0.8475, -2.754 0.736 0.8475, -2.758 0.736 0.8629, -2.754 0.736 0.8629, -2.758 0.8047 0.8629, -2.754 0.8047 0.8629, -2.758 0.8047 0.7294, -2.754 0.8047 0.7294, -2.758 0.6571 0.7294, -2.758 0.6404 0.7294, -2.758 0.6571 0.7441, -2.758 0.6404 0.7907, -2.758 0.6571 0.79, -2.758 0.6933 0.7701, -2.758 0.6893 0.7719, -2.758 0.6575 0.7441, -2.758 0.6663 0.7466, -2.758 0.6601 0.7402, -2.758 0.6711 0.7434, -2.758 0.6794 0.7742, -2.758 0.6571 0.7772, -2.758 0.6571 0.7681, -2.758 0.6571 0.767, -2.758 0.6582 0.7595, -2.758 0.6606 0.7536, -2.758 0.6642 0.7486, -2.758 0.6576 0.7974, -2.758 0.6418 0.8041, -2.758 0.6594 0.8033, -2.758 0.6445 0.8115, -2.758 0.6613 0.8068, -2.758 0.648 0.8168, -2.758 0.6639 0.8095, -2.758 0.6523 0.8208, -2.758 0.6668 0.8114, -2.758 0.6578 0.8239, -2.758 0.6707 0.8127, -2.758 0.6649 0.826, -2.758 0.6764 0.8133, -2.758 0.6748 0.8269, -2.758 0.6863 0.8123, -2.758 0.6893 0.8254, -2.758 0.6968 0.8087, -2.758 0.7021 0.8211, -2.758 0.7076 0.8018, -2.758 0.7076 0.818, -2.758 0.6966 0.7466, -2.758 0.7087 0.7347, -2.758 0.6951 0.7452, -2.758 0.7031 0.7307, -2.758 0.6918 0.7429, -2.758 0.6967 0.7283, -2.758 0.688 0.7415, -2.758 0.6867 0.7272, -2.758 0.6824 0.7409, -2.758 0.6781 0.7281, -2.758 0.6761 0.7416, -2.758 0.6713 0.7306, -2.758 0.6654 0.7345, -2.758 0.6853 0.786, -2.758 0.6985 0.7827, -2.758 0.6955 0.7684, -2.758 0.7054 0.779, -2.758 0.6975 0.7659, -2.758 0.7104 0.7746, -2.758 0.699 0.7628, -2.758 0.714 0.7692, -2.758 0.6998 0.7589, -2.758 0.7161 0.7631, -2.758 0.7 0.7563, -2.758 0.7169 0.7549, -2.758 0.6996 0.7525, -2.758 0.7161 0.7473, -2.758 0.6985 0.7494, -2.758 0.7141 0.7417, -2.758 0.7106 0.7366, -2.754 0.6748 0.8269, -2.754 0.6893 0.8254, -2.754 0.7021 0.8211, -2.754 0.7076 0.818, -2.754 0.7076 0.8018, -2.754 0.6968 0.8087, -2.754 0.6863 0.8123, -2.754 0.6764 0.8133, -2.754 0.6707 0.8127, -2.754 0.6668 0.8114, -2.754 0.6639 0.8095, -2.754 0.6613 0.8068, -2.754 0.6594 0.8033, -2.754 0.6576 0.7974, -2.754 0.6571 0.79, -2.754 0.6853 0.786, -2.754 0.6985 0.7827, -2.754 0.7054 0.779, -2.754 0.7104 0.7746, -2.754 0.714 0.7692, -2.754 0.7161 0.7631, -2.754 0.7169 0.7549, -2.754 0.7161 0.7473, -2.754 0.7141 0.7417, -2.754 0.7106 0.7366, -2.754 0.7087 0.7347, -2.754 0.6867 0.7272, -2.754 0.6964 0.7283, -2.754 0.6967 0.7283, -2.754 0.7031 0.7307, -2.754 0.6781 0.7281, -2.754 0.6776 0.7283, -2.754 0.6713 0.7306, -2.754 0.6654 0.7345, -2.754 0.6601 0.7402, -2.754 0.6575 0.7441, -2.754 0.6571 0.7441, -2.754 0.6571 0.7294, -2.754 0.6404 0.7294, -2.754 0.6404 0.7907, -2.754 0.6418 0.8041, -2.754 0.6445 0.8115, -2.754 0.648 0.8168, -2.754 0.6523 0.8208, -2.754 0.6578 0.8239, -2.754 0.6649 0.826, -2.754 0.6955 0.7684, -2.754 0.6933 0.7701, -2.754 0.6893 0.7719, -2.754 0.6794 0.7742, -2.754 0.7 0.7563, -2.754 0.6998 0.7589, -2.754 0.699 0.7628, -2.754 0.6975 0.7659, -2.754 0.6951 0.7452, -2.754 0.6966 0.7466, -2.754 0.6985 0.7494, -2.754 0.6996 0.7525, -2.754 0.6824 0.7409, -2.754 0.688 0.7415, -2.754 0.6918 0.7429, -2.754 0.6642 0.7486, -2.754 0.6663 0.7466, -2.754 0.6711 0.7434, -2.754 0.6761 0.7416, -2.754 0.6571 0.7681, -2.754 0.6571 0.767, -2.754 0.6582 0.7595, -2.754 0.6606 0.7536, -2.754 0.6571 0.7772
            ]
        }
        coordIndex [
            0,1,2,-1,2,1,3,-1,4,0,5,-1,5,0,2,-1,6,4,7,-1,7,4,5,-1,8,6,9,-1,9,6,7,-1,10,8,11,-1,11,8,9,-1,12,10,13,-1,13,10,11,-1,14,12,15,-1,15,12,13,-1,16,14,17,-1,17,14,15,-1,18,16,19,-1,19,16,17,-1,20,18,21,-1,21,18,19,-1,22,20,23,-1,23,20,21,-1,1,22,3,-1,3,22,23,-1,22,1,0,-1,0,4,22,-1,22,4,6,-1,22,6,20,-1,16,18,14,-1,14,18,20,-1,14,20,12,-1,12,20,6,-1,12,6,10,-1,10,6,8,-1,24,25,26,-1,26,25,27,-1,28,29,30,-1,31,32,33,-1,33,32,34,-1,35,36,27,-1,27,36,37,-1,37,38,27,-1,27,38,39,-1,27,39,26,-1,26,39,40,-1,26,40,31,-1,31,40,41,-1,31,41,32,-1,30,35,28,-1,28,35,27,-1,28,27,42,-1,42,27,43,-1,42,43,44,-1,44,43,45,-1,44,45,46,-1,46,45,47,-1,46,47,48,-1,48,47,49,-1,48,49,50,-1,50,49,51,-1,50,51,52,-1,52,51,53,-1,52,53,54,-1,54,53,55,-1,54,55,56,-1,56,55,57,-1,56,57,58,-1,58,57,59,-1,58,59,60,-1,60,59,61,-1,62,63,64,-1,64,63,65,-1,64,65,66,-1,66,65,67,-1,66,67,68,-1,68,67,69,-1,68,69,70,-1,70,69,71,-1,70,71,72,-1,72,71,73,-1,72,73,34,-1,34,73,74,-1,34,74,33,-1,28,75,29,-1,29,75,76,-1,29,76,77,-1,77,76,78,-1,77,78,79,-1,79,78,80,-1,79,80,81,-1,81,80,82,-1,81,82,83,-1,83,82,84,-1,83,84,85,-1,85,84,86,-1,85,86,87,-1,87,86,88,-1,87,88,89,-1,89,88,90,-1,89,90,62,-1,62,90,91,-1,62,91,63,-1,55,92,93,-1,55,93,57,-1,57,93,94,-1,57,94,59,-1,59,94,95,-1,59,95,61,-1,60,61,96,-1,96,61,95,-1,60,96,97,-1,60,97,58,-1,58,97,98,-1,58,98,56,-1,56,98,99,-1,56,99,54,-1,54,99,100,-1,54,100,52,-1,52,100,101,-1,52,101,50,-1,50,101,102,-1,50,102,48,-1,48,102,103,-1,48,103,46,-1,46,103,104,-1,46,104,44,-1,44,104,105,-1,44,105,42,-1,42,105,106,-1,42,106,28,-1,75,28,107,-1,107,28,106,-1,75,107,108,-1,75,108,76,-1,76,108,109,-1,76,109,78,-1,78,109,110,-1,78,110,80,-1,80,110,111,-1,80,111,82,-1,82,111,112,-1,82,112,84,-1,84,112,113,-1,84,113,86,-1,86,113,114,-1,86,114,88,-1,88,114,115,-1,88,115,90,-1,90,115,116,-1,90,116,91,-1,91,116,117,-1,91,117,63,-1,118,69,119,-1,119,69,67,-1,119,67,120,-1,120,67,65,-1,120,65,121,-1,121,65,63,-1,121,63,117,-1,69,118,122,-1,69,122,71,-1,71,122,123,-1,71,123,73,-1,123,124,73,-1,73,124,125,-1,73,125,74,-1,74,125,126,-1,74,126,33,-1,33,126,127,-1,33,127,31,-1,26,31,128,-1,128,31,127,-1,24,26,129,-1,129,26,128,-1,25,24,130,-1,130,24,129,-1,27,25,131,-1,131,25,130,-1,27,131,132,-1,27,132,43,-1,43,132,133,-1,43,133,45,-1,45,133,134,-1,45,134,47,-1,47,134,135,-1,47,135,49,-1,49,135,136,-1,49,136,51,-1,51,136,137,-1,51,137,53,-1,53,137,92,-1,53,92,55,-1,77,138,139,-1,77,139,29,-1,29,139,140,-1,29,140,30,-1,30,140,141,-1,30,141,35,-1,85,142,143,-1,85,143,83,-1,83,143,144,-1,83,144,81,-1,81,144,145,-1,81,145,79,-1,79,145,138,-1,79,138,77,-1,64,146,147,-1,64,147,62,-1,62,147,148,-1,62,148,89,-1,89,148,149,-1,89,149,87,-1,87,149,142,-1,87,142,85,-1,70,150,151,-1,70,151,68,-1,68,151,152,-1,68,152,66,-1,66,152,146,-1,66,146,64,-1,41,153,154,-1,41,154,32,-1,32,154,155,-1,32,155,34,-1,34,155,156,-1,34,156,72,-1,72,156,150,-1,72,150,70,-1,37,157,158,-1,37,158,38,-1,38,158,159,-1,38,159,39,-1,39,159,160,-1,39,160,40,-1,40,160,153,-1,40,153,41,-1,37,36,157,-1,157,36,161,-1,36,35,161,-1,161,35,141,-1,
        ]
    }
}
Shape{
    appearance Appearance {
        material  Material {
            diffuseColor 0.7529411764705882 0.7529411764705882 0.7529411764705882
            specularColor 0.3764705882352941 0.3764705882352941 0.3764705882352941
            ambientIntensity 0.7529
            transparency 0.0
            shininess 0.5
        }
    }
    geometry IndexedFaceSet {
        ccw TRUE
        solid FALSE
        coord DEF co Coordinate {
            point [
                -2.754 0.6571 0.767, -2.754 0.6571 0.7681, -2.754 0.6955 0.7684, -2.754 0.6571 0.7772, -2.754 0.6794 0.7742, -2.754 0.6893 0.7719, -2.754 0.6933 0.7701, -2.754 0.6582 0.7595, -2.754 0.6975 0.7659, -2.754 0.6606 0.7536, -2.754 0.6966 0.7466, -2.754 0.6951 0.7452, -2.754 0.6663 0.7466, -2.754 0.6985 0.7494, -2.754 0.6711 0.7434, -2.754 0.6761 0.7416, -2.754 0.6824 0.7409, -2.754 0.699 0.7628, -2.754 0.6998 0.7589, -2.754 0.6642 0.7486, -2.754 0.7 0.7563, -2.754 0.6996 0.7525, -2.754 0.6918 0.7429, -2.754 0.688 0.7415
            ]
        }
        coordIndex [
            0,1,2,-1,1,3,4,-1,4,5,1,-1,1,5,6,-1,1,6,2,-1,0,2,7,-1,7,2,8,-1,7,8,9,-1,10,11,12,-1,10,12,13,-1,14,12,15,-1,15,12,16,-1,8,17,9,-1,9,17,18,-1,9,18,19,-1,19,18,20,-1,19,20,12,-1,12,20,21,-1,12,21,13,-1,11,22,12,-1,12,22,23,-1,12,23,16,-1,
        ]
    }
}
Shape{
    appearance Appearance {
        material  Material {
            diffuseColor 0.0 0.0 0.0
            specularColor 0.0 0.0 0.0
            ambientIntensity 0.0
            transparency 0.0
            shininess 0.5
        }
    }
    geometry IndexedFaceSet {
        ccw TRUE
        solid FALSE
        coord DEF co Coordinate {
            point [
                -2.754 0.6177 0.75, -2.758 0.6177 0.75, -2.758 0.612 0.7464, -2.758 0.5902 0.7408, -2.754 0.5902 0.7408, -2.754 0.6015 0.7422, -2.758 0.6015 0.7422, -2.754 0.61 0.7456, -2.754 0.612 0.7464, -2.758 0.6177 0.7328, -2.754 0.6177 0.7328, -2.758 0.6064 0.7287, -2.754 0.61 0.73, -2.754 0.5918 0.7272, -2.758 0.5918 0.7272, -2.754 0.6023 0.7283, -2.754 0.6064 0.7287, -2.758 0.578 0.7286, -2.754 0.5813 0.7283, -2.754 0.578 0.7286, -2.754 0.5689 0.7318, -2.758 0.5689 0.7318, -2.754 0.5641 0.7347, -2.758 0.5641 0.7347, -2.754 0.5593 0.7389, -2.758 0.5593 0.7389, -2.754 0.5562 0.7433, -2.758 0.5562 0.7433, -2.754 0.5541 0.7486, -2.758 0.5541 0.7486, -2.754 0.5533 0.7553, -2.758 0.5533 0.7553, -2.754 0.554 0.7616, -2.758 0.554 0.7616, -2.754 0.5558 0.7665, -2.758 0.5558 0.7665, -2.754 0.5589 0.7711, -2.758 0.5589 0.7711, -2.754 0.5629 0.7747, -2.758 0.5629 0.7747, -2.754 0.574 0.7808, -2.758 0.574 0.7808, -2.754 0.5805 0.7834, -2.758 0.5805 0.7834, -2.754 0.5908 0.7879, -2.758 0.5908 0.7879, -2.754 0.5967 0.7916, -2.758 0.5967 0.7916, -2.754 0.5984 0.7934, -2.758 0.5984 0.7934, -2.754 0.5996 0.7957, -2.758 0.5996 0.7957, -2.754 0.6002 0.7983, -2.758 0.6002 0.7983, -2.754 0.6004 0.8005, -2.758 0.6004 0.8005, -2.754 0.6001 0.8032, -2.758 0.6001 0.8032, -2.754 0.5992 0.8054, -2.758 0.5992 0.8054, -2.754 0.5978 0.8076, -2.758 0.5978 0.8076, -2.754 0.5953 0.8098, -2.758 0.5953 0.8098, -2.754 0.5915 0.8118, -2.758 0.5915 0.8118, -2.754 0.5871 0.813, -2.758 0.5871 0.813, -2.754 0.5821 0.8133, -2.758 0.5821 0.8133, -2.754 0.5704 0.8119, -2.758 0.5704 0.8119, -2.754 0.5609 0.8082, -2.758 0.5609 0.8082, -2.754 0.5579 0.8064, -2.758 0.5579 0.8064, -2.758 0.5579 0.8227, -2.754 0.5579 0.8227, -2.754 0.5699 0.8261, -2.758 0.5699 0.8261, -2.754 0.5805 0.8269, -2.758 0.5805 0.8269, -2.754 0.5933 0.8254, -2.758 0.5933 0.8254, -2.754 0.6023 0.8221, -2.758 0.6023 0.8221, -2.754 0.6069 0.8193, -2.758 0.6069 0.8193, -2.758 0.6118 0.8149, -2.754 0.61 0.8166, -2.754 0.6118 0.8149, -2.754 0.6149 0.8104, -2.758 0.6149 0.8104, -2.754 0.6169 0.805, -2.758 0.6169 0.805, -2.754 0.6176 0.799, -2.758 0.6176 0.799, -2.754 0.6169 0.7925, -2.758 0.6169 0.7925, -2.754 0.615 0.7874, -2.758 0.615 0.7874, -2.754 0.6129 0.7839, -2.758 0.6129 0.7839, -2.754 0.5923 0.7713, -2.758 0.5923 0.7713, -2.758 0.6023 0.7759, -2.754 0.6101 0.7811, -2.758 0.6101 0.7811, -2.754 0.61 0.781, -2.754 0.6023 0.7759, -2.754 0.5813 0.7667, -2.758 0.5813 0.7667, -2.754 0.5748 0.7628, -2.758 0.5748 0.7628, -2.754 0.5727 0.7606, -2.758 0.5727 0.7606, -2.754 0.5714 0.7584, -2.758 0.5714 0.7584, -2.754 0.5707 0.7558, -2.758 0.5707 0.7558, -2.754 0.5705 0.7537, -2.758 0.5705 0.7537, -2.754 0.5708 0.7505, -2.758 0.5708 0.7505, -2.754 0.5717 0.7481, -2.758 0.5717 0.7481, -2.754 0.5731 0.746, -2.758 0.5731 0.746, -2.754 0.5751 0.7443, -2.758 0.5751 0.7443, -2.754 0.5766 0.7433, -2.758 0.5766 0.7433, -2.754 0.5809 0.7418, -2.758 0.5809 0.7418, -2.754 0.5895 0.7408, -2.758 0.5895 0.7408, -2.758 0.4705 0.8247, -2.758 0.4531 0.8247, -2.754 0.4705 0.8247, -2.754 0.4531 0.8247, -2.758 0.4965 0.7529, -2.754 0.4965 0.7529, -2.754 0.4978 0.7485, -2.758 0.4978 0.7485, -2.754 0.4985 0.7452, -2.758 0.4985 0.7452, -2.758 0.499 0.7452, -2.754 0.499 0.7452, -2.758 0.501 0.7531, -2.754 0.501 0.7531, -2.754 0.5259 0.8247, -2.758 0.5259 0.8247, -2.754 0.5179 0.8015, -2.758 0.5446 0.8247, -2.754 0.5446 0.8247, -2.754 0.5072 0.7296, -2.758 0.5072 0.7296, -2.754 0.5179 0.7566, -2.754 0.5146 0.7123, -2.758 0.5146 0.7123, -2.754 0.5078 0.7283, -2.754 0.5178 0.7063, -2.758 0.5178 0.7063, -2.754 0.5179 0.7063, -2.758 0.521 0.7028, -2.754 0.521 0.7028, -2.754 0.524 0.7007, -2.758 0.524 0.7007, -2.754 0.5277 0.6993, -2.758 0.5277 0.6993, -2.754 0.5317 0.6988, -2.758 0.5317 0.6988, -2.754 0.5378 0.6996, -2.758 0.5378 0.6996, -2.754 0.5412 0.7008, -2.758 0.5412 0.7008, -2.758 0.5412 0.6859, -2.754 0.5412 0.6859, -2.754 0.5341 0.6846, -2.758 0.5341 0.6846, -2.754 0.5304 0.6845, -2.758 0.5304 0.6845, -2.754 0.5237 0.6853, -2.758 0.5237 0.6853, -2.754 0.5179 0.6875, -2.758 0.5171 0.6878, -2.754 0.5171 0.6878, -2.754 0.5112 0.6919, -2.758 0.5112 0.6919, -2.754 0.5101 0.6929, -2.758 0.5101 0.6929, -2.754 0.504 0.7003, -2.758 0.504 0.7003, -2.754 0.4964 0.715, -2.758 0.4964 0.715, -2.754 0.4912 0.7283, -2.758 0.3634 0.7446, -2.758 0.3634 0.7294, -2.754 0.3634 0.7446, -2.754 0.3634 0.7294, -2.754 0.4179 0.7446, -2.758 0.4179 0.7446, -2.754 0.3929 0.7446, -2.758 0.4179 0.7895, -2.754 0.4179 0.7895, -2.754 0.3702 0.7895, -2.758 0.3702 0.7895, -2.754 0.3929 0.7895, -2.758 0.3702 0.8048, -2.754 0.3702 0.8048, -2.754 0.4179 0.8048, -2.758 0.4179 0.8048, -2.754 0.3929 0.8048, -2.758 0.4179 0.8475, -2.754 0.4179 0.8475, -2.754 0.3664 0.8475, -2.758 0.3664 0.8475, -2.754 0.3929 0.8475, -2.758 0.3664 0.8629, -2.754 0.3664 0.8629, -2.754 0.4351 0.8629, -2.758 0.4351 0.8629, -2.754 0.3929 0.8629, -2.758 0.4351 0.7294, -2.754 0.4351 0.7294, -2.754 0.3929 0.7294, -2.758 0.255 0.7672, -2.758 0.2619 0.7585, -2.758 0.2496 0.7481, -2.758 0.2636 0.757, -2.758 0.2637 0.738, -2.758 0.2722 0.751, -2.758 0.279 0.7321, -2.758 0.2833 0.7468, -2.758 0.3014 0.7294, -2.758 0.3015 0.7446, -2.758 0.3381 0.7294, -2.758 0.3209 0.7446, -2.758 0.3381 0.8629, -2.758 0.3209 0.8475, -2.758 0.3001 0.8629, -2.758 0.3008 0.8475, -2.758 0.2797 0.8606, -2.758 0.2835 0.8456, -2.758 0.2636 0.8547, -2.758 0.2719 0.8414, -2.758 0.2496 0.8452, -2.758 0.2622 0.835, -2.758 0.2448 0.8405, -2.758 0.2575 0.8301, -2.758 0.2366 0.8288, -2.758 0.2526 0.8223, -2.758 0.2317 0.8161, -2.758 0.2491 0.812, -2.758 0.2295 0.7978, -2.758 0.2476 0.7974, -2.758 0.2301 0.7873, -2.758 0.248 0.7896, -2.758 0.2337 0.772, -2.758 0.2505 0.7772, -2.758 0.2407 0.7584, -2.754 0.3014 0.7294, -2.754 0.3381 0.7294, -2.754 0.279 0.7321, -2.754 0.2637 0.738, -2.754 0.2496 0.7481, -2.754 0.2407 0.7584, -2.754 0.2337 0.772, -2.754 0.2301 0.7873, -2.754 0.2295 0.7978, -2.754 0.2317 0.8161, -2.754 0.2366 0.8288, -2.754 0.2448 0.8405, -2.754 0.2496 0.8452, -2.754 0.2636 0.8547, -2.754 0.2797 0.8606, -2.754 0.3001 0.8629, -2.754 0.3381 0.8629, -2.754 0.3008 0.8475, -2.754 0.3209 0.8475, -2.754 0.3209 0.7446, -2.754 0.3015 0.7446, -2.754 0.2619 0.7585, -2.754 0.2636 0.757, -2.754 0.2722 0.751, -2.754 0.2833 0.7468, -2.754 0.2476 0.7974, -2.754 0.248 0.7896, -2.754 0.2505 0.7772, -2.754 0.255 0.7672, -2.754 0.2622 0.835, -2.754 0.2575 0.8301, -2.754 0.2526 0.8223, -2.754 0.2491 0.812, -2.754 0.2835 0.8456, -2.754 0.2719 0.8414
            ]
        }
        coordIndex [
            0,1,2,-1,3,4,5,-1,3,5,6,-1,6,5,7,-1,6,7,2,-1,2,7,8,-1,2,8,0,-1,9,1,10,-1,10,1,0,-1,9,10,11,-1,11,10,12,-1,13,14,15,-1,15,14,11,-1,15,11,16,-1,16,11,12,-1,14,13,17,-1,17,13,18,-1,18,19,17,-1,17,19,20,-1,17,20,21,-1,21,20,22,-1,21,22,23,-1,23,22,24,-1,23,24,25,-1,25,24,26,-1,25,26,27,-1,27,26,28,-1,27,28,29,-1,29,28,30,-1,29,30,31,-1,31,30,32,-1,31,32,33,-1,33,32,34,-1,33,34,35,-1,35,34,36,-1,35,36,37,-1,37,36,38,-1,37,38,39,-1,39,38,40,-1,39,40,41,-1,41,40,42,-1,41,42,43,-1,43,42,44,-1,43,44,45,-1,45,44,46,-1,45,46,47,-1,47,46,48,-1,47,48,49,-1,49,48,50,-1,49,50,51,-1,51,50,52,-1,51,52,53,-1,53,52,54,-1,53,54,55,-1,55,54,56,-1,55,56,57,-1,57,56,58,-1,57,58,59,-1,59,58,60,-1,59,60,61,-1,61,60,62,-1,61,62,63,-1,63,62,64,-1,63,64,65,-1,65,64,66,-1,65,66,67,-1,67,66,68,-1,67,68,69,-1,69,68,70,-1,69,70,71,-1,71,70,72,-1,71,72,73,-1,73,72,74,-1,73,74,75,-1,76,75,77,-1,77,75,74,-1,76,77,78,-1,76,78,79,-1,79,78,80,-1,79,80,81,-1,81,80,82,-1,81,82,83,-1,83,82,84,-1,83,84,85,-1,85,84,86,-1,85,86,87,-1,87,86,88,-1,88,86,89,-1,89,90,88,-1,88,90,91,-1,88,91,92,-1,92,91,93,-1,92,93,94,-1,94,93,95,-1,94,95,96,-1,96,95,97,-1,96,97,98,-1,98,97,99,-1,98,99,100,-1,100,99,101,-1,100,101,102,-1,103,104,105,-1,102,101,106,-1,102,106,107,-1,107,106,108,-1,107,108,105,-1,105,108,109,-1,105,109,103,-1,104,103,110,-1,104,110,111,-1,111,110,112,-1,111,112,113,-1,113,112,114,-1,113,114,115,-1,115,114,116,-1,115,116,117,-1,117,116,118,-1,117,118,119,-1,119,118,120,-1,119,120,121,-1,121,120,122,-1,121,122,123,-1,123,122,124,-1,123,124,125,-1,125,124,126,-1,125,126,127,-1,127,126,128,-1,127,128,129,-1,129,128,130,-1,129,130,131,-1,131,130,132,-1,131,132,133,-1,133,132,134,-1,133,134,135,-1,135,134,4,-1,135,4,3,-1,61,63,85,-1,85,63,83,-1,111,43,104,-1,104,43,45,-1,14,3,11,-1,11,3,6,-1,11,6,9,-1,9,6,2,-1,9,2,1,-1,63,65,83,-1,83,65,67,-1,83,67,81,-1,81,67,69,-1,81,69,79,-1,79,69,71,-1,79,71,76,-1,76,71,73,-1,76,73,75,-1,21,23,127,-1,127,23,25,-1,127,25,125,-1,125,25,27,-1,125,27,123,-1,123,27,29,-1,123,29,121,-1,121,29,31,-1,121,31,119,-1,119,31,33,-1,119,33,117,-1,117,33,35,-1,117,35,115,-1,115,35,37,-1,115,37,113,-1,113,37,39,-1,113,39,111,-1,111,39,41,-1,111,41,43,-1,127,129,21,-1,21,129,131,-1,21,131,17,-1,17,131,133,-1,17,133,14,-1,14,133,135,-1,14,135,3,-1,85,87,61,-1,61,87,88,-1,61,88,59,-1,59,88,92,-1,59,92,57,-1,57,92,94,-1,57,94,55,-1,55,94,96,-1,55,96,53,-1,53,96,98,-1,53,98,51,-1,51,98,100,-1,51,100,49,-1,49,100,102,-1,49,102,47,-1,47,102,107,-1,47,107,45,-1,45,107,105,-1,45,105,104,-1,136,137,138,-1,138,137,139,-1,140,136,141,-1,141,136,138,-1,140,141,142,-1,140,142,143,-1,143,142,144,-1,143,144,145,-1,146,145,147,-1,147,145,144,-1,148,146,149,-1,149,146,147,-1,150,151,152,-1,152,151,148,-1,152,148,149,-1,153,151,154,-1,154,151,150,-1,155,156,157,-1,157,156,153,-1,157,153,154,-1,158,159,160,-1,160,159,156,-1,160,156,155,-1,159,158,161,-1,159,161,162,-1,162,161,163,-1,162,163,164,-1,163,165,164,-1,164,165,166,-1,164,166,167,-1,167,166,168,-1,167,168,169,-1,169,168,170,-1,169,170,171,-1,171,170,172,-1,171,172,173,-1,173,172,174,-1,173,174,175,-1,176,175,177,-1,177,175,174,-1,176,177,178,-1,176,178,179,-1,179,178,180,-1,179,180,181,-1,181,180,182,-1,181,182,183,-1,183,182,184,-1,183,184,185,-1,184,186,185,-1,185,186,187,-1,185,187,188,-1,188,187,189,-1,188,189,190,-1,190,189,191,-1,190,191,192,-1,192,191,193,-1,192,193,194,-1,139,137,195,-1,195,137,194,-1,195,194,193,-1,143,145,194,-1,137,136,194,-1,194,136,140,-1,194,140,143,-1,151,153,148,-1,148,153,156,-1,148,156,146,-1,192,162,190,-1,190,162,164,-1,175,176,173,-1,173,176,179,-1,173,179,171,-1,171,179,181,-1,171,181,169,-1,169,181,183,-1,169,183,167,-1,167,183,185,-1,167,185,164,-1,164,185,188,-1,164,188,190,-1,145,146,194,-1,194,146,156,-1,194,156,192,-1,192,156,159,-1,192,159,162,-1,196,197,198,-1,198,197,199,-1,200,201,202,-1,202,201,196,-1,202,196,198,-1,203,201,204,-1,204,201,200,-1,205,206,207,-1,207,206,203,-1,207,203,204,-1,208,206,209,-1,209,206,205,-1,210,211,212,-1,212,211,208,-1,212,208,209,-1,213,211,214,-1,214,211,210,-1,215,216,217,-1,217,216,213,-1,217,213,214,-1,218,216,219,-1,219,216,215,-1,220,221,222,-1,222,221,218,-1,222,218,219,-1,223,221,224,-1,224,221,220,-1,199,197,225,-1,225,197,223,-1,225,223,224,-1,223,197,196,-1,196,201,223,-1,223,201,203,-1,223,203,221,-1,216,218,213,-1,213,218,221,-1,213,221,211,-1,211,221,203,-1,211,203,208,-1,208,203,206,-1,226,227,228,-1,228,227,229,-1,228,229,230,-1,230,229,231,-1,230,231,232,-1,232,231,233,-1,232,233,234,-1,234,233,235,-1,234,235,236,-1,236,235,237,-1,236,237,238,-1,238,237,239,-1,238,239,240,-1,240,239,241,-1,240,241,242,-1,242,241,243,-1,242,243,244,-1,244,243,245,-1,244,245,246,-1,246,245,247,-1,246,247,248,-1,248,247,249,-1,248,249,250,-1,250,249,251,-1,250,251,252,-1,252,251,253,-1,252,253,254,-1,254,253,255,-1,254,255,256,-1,256,255,257,-1,256,257,258,-1,258,257,259,-1,258,259,260,-1,260,259,226,-1,260,226,228,-1,234,236,261,-1,261,236,262,-1,234,261,263,-1,234,263,232,-1,232,263,264,-1,232,264,230,-1,230,264,265,-1,230,265,228,-1,228,265,266,-1,228,266,260,-1,260,266,267,-1,260,267,258,-1,258,267,268,-1,258,268,256,-1,256,268,269,-1,256,269,254,-1,254,269,270,-1,254,270,252,-1,252,270,271,-1,252,271,250,-1,250,271,272,-1,250,272,248,-1,248,272,273,-1,248,273,246,-1,246,273,274,-1,246,274,244,-1,244,274,275,-1,244,275,242,-1,242,275,276,-1,242,276,240,-1,238,240,277,-1,277,240,276,-1,236,238,262,-1,262,238,277,-1,241,239,278,-1,278,239,279,-1,239,237,279,-1,279,237,280,-1,237,235,280,-1,280,235,281,-1,227,282,283,-1,227,283,229,-1,229,283,284,-1,229,284,231,-1,231,284,285,-1,231,285,233,-1,233,285,281,-1,233,281,235,-1,255,286,287,-1,255,287,257,-1,257,287,288,-1,257,288,259,-1,259,288,289,-1,259,289,226,-1,226,289,282,-1,226,282,227,-1,247,290,291,-1,247,291,249,-1,249,291,292,-1,249,292,251,-1,251,292,293,-1,251,293,253,-1,253,293,286,-1,253,286,255,-1,241,278,294,-1,241,294,243,-1,243,294,295,-1,243,295,245,-1,245,295,290,-1,245,290,247,-1,
        ]
    }
}
Shape{
    appearance Appearance {
        material  Material {
            diffuseColor 0.7529411764705882 0.7529411764705882 0.7529411764705882
            specularColor 0.3764705882352941 0.3764705882352941 0.3764705882352941
            ambientIntensity 0.7529
            transparency 0.0
            shininess 0.5
        }
    }
    geometry IndexedFaceSet {
        ccw TRUE
        solid FALSE
        coord DEF co Coordinate {
            point [
                -2.754 0.3209 0.8475, -2.754 0.3209 0.7446, -2.754 0.3008 0.8475, -2.754 0.3015 0.7446, -2.754 0.2833 0.7468, -2.754 0.2722 0.751, -2.754 0.2636 0.757, -2.754 0.2619 0.7585, -2.754 0.248 0.7896, -2.754 0.2476 0.7974, -2.754 0.2491 0.812, -2.754 0.2526 0.8223, -2.754 0.2575 0.8301, -2.754 0.2622 0.835, -2.754 0.2835 0.8456, -2.754 0.2719 0.8414, -2.754 0.255 0.7672, -2.754 0.2505 0.7772
            ]
        }
        coordIndex [
            0,1,2,-1,2,1,3,-1,2,3,4,-1,4,5,2,-1,2,5,6,-1,2,6,7,-1,8,9,2,-1,2,9,10,-1,2,10,11,-1,11,12,2,-1,2,12,13,-1,2,13,14,-1,14,13,15,-1,7,16,2,-1,2,16,17,-1,2,17,8,-1,
        ]
    }
}
Shape{
    appearance Appearance {
        material  Material {
            diffuseColor 0.0 0.0 0.0
            specularColor 0.0 0.0 0.0
            ambientIntensity 0.0
            transparency 0.0
            shininess 0.5
        }
    }
    geometry IndexedFaceSet {
        ccw TRUE
        solid FALSE
        coord DEF co Coordinate {
            point [
                -2.758 0.1848 0.781, -2.758 0.1902 0.7659, -2.758 0.14 0.781, -2.758 0.1347 0.7659, -2.758 0.1648 0.8365, -2.758 0.1713 0.8629, -2.758 0.2221 0.7294, -2.758 0.2031 0.7294, -2.758 0.1637 0.8404, -2.758 0.1626 0.8458, -2.758 0.1528 0.8629, -2.758 0.1622 0.8458, -2.758 0.1611 0.8402, -2.758 0.1601 0.8365, -2.758 0.102 0.7294, -2.758 0.1211 0.7294, -2.754 0.1528 0.8629, -2.754 0.102 0.7294, -2.754 0.1713 0.8629, -2.754 0.2221 0.7294, -2.754 0.2031 0.7294, -2.754 0.1902 0.7659, -2.754 0.1347 0.7659, -2.754 0.1211 0.7294, -2.754 0.1848 0.781, -2.754 0.14 0.781, -2.754 0.1601 0.8365, -2.754 0.1622 0.8458, -2.754 0.1611 0.8402, -2.754 0.1626 0.8458, -2.754 0.1648 0.8365, -2.754 0.1637 0.8404
            ]
        }
        coordIndex [
            0,1,2,-1,2,1,3,-1,4,5,0,-1,0,5,6,-1,0,6,1,-1,1,6,7,-1,4,8,5,-1,5,8,9,-1,5,9,10,-1,10,9,11,-1,10,11,12,-1,12,13,10,-1,10,13,2,-1,10,2,14,-1,14,2,3,-1,14,3,15,-1,10,14,16,-1,16,14,17,-1,5,10,18,-1,18,10,16,-1,6,5,19,-1,19,5,18,-1,7,6,20,-1,20,6,19,-1,1,7,21,-1,21,7,20,-1,3,1,22,-1,22,1,21,-1,15,3,23,-1,23,3,22,-1,14,15,17,-1,17,15,23,-1,0,2,24,-1,24,2,25,-1,2,13,25,-1,25,13,26,-1,11,27,28,-1,11,28,12,-1,12,28,26,-1,12,26,13,-1,11,9,27,-1,27,9,29,-1,4,30,31,-1,4,31,8,-1,8,31,29,-1,8,29,9,-1,4,0,30,-1,30,0,24,-1,
        ]
    }
}
Shape{
    appearance Appearance {
        material  Material {
            diffuseColor 0.7529411764705882 0.7529411764705882 0.7529411764705882
            specularColor 0.3764705882352941 0.3764705882352941 0.3764705882352941
            ambientIntensity 0.7529
            transparency 0.0
            shininess 0.5
        }
    }
    geometry IndexedFaceSet {
        ccw TRUE
        solid FALSE
        coord DEF co Coordinate {
            point [
                -2.754 0.1622 0.8458, -2.754 0.1626 0.8458, -2.754 0.1611 0.8402, -2.754 0.1637 0.8404, -2.754 0.1601 0.8365, -2.754 0.1648 0.8365, -2.754 0.14 0.781, -2.754 0.1848 0.781
            ]
        }
        coordIndex [
            0,1,2,-1,2,1,3,-1,2,3,4,-1,4,3,5,-1,4,5,6,-1,6,5,7,-1,
        ]
    }
}
Shape{
    appearance Appearance {
        material  Material {
            diffuseColor 0.0 0.0 0.0
            specularColor 0.0 0.0 0.0
            ambientIntensity 0.0
            transparency 0.0
            shininess 0.5
        }
    }
    geometry IndexedFaceSet {
        ccw TRUE
        solid FALSE
        coord DEF co Coordinate {
            point [
                -2.758 1.394 0.7104, -2.758 1.3799 0.693, -2.758 1.4026 0.7944, -2.758 1.4192 0.9592, -2.758 1.3981 0.9705, -2.758 1.403 1.0289, -2.758 1.3438 1.0316, -2.758 1.3144 0.9624, -2.758 1.2999 0.9924, -2.758 1.4233 0.8072, -2.758 1.4156 0.7344, -2.758 1.4036 0.7308, -2.758 1.3656 1.0335, -2.758 1.3065 0.7964, -2.758 1.2977 0.7932, -2.758 1.2186 0.7707, -2.758 1.2901 0.7881, -2.758 1.2839 0.7813, -2.758 1.0857 0.8409, -2.758 1.1151 0.8912, -2.758 1.2423 0.8248, -2.758 1.3144 0.7973, -2.758 1.3237 0.7961, -2.758 1.3361 0.8542, -2.758 1.332 0.7928, -2.758 1.3571 0.8462, -2.758 1.3394 0.7875, -2.758 1.3765 0.8327, -2.758 1.3431 0.7836, -2.758 1.3922 0.8148, -2.758 1.348 0.7757, -2.758 1.3508 0.7668, -2.758 1.3513 0.7575, -2.758 1.279 0.8507, -2.758 1.3019 0.8564, -2.758 1.3134 0.857, -2.758 1.2798 0.7735, -2.758 1.2777 0.7647, -2.758 1.2186 0.7612, -2.758 1.2776 0.756, -2.758 1.2191 0.7512, -2.758 1.0544 0.9348, -2.758 1.0468 0.9348, -2.758 1.0079 0.9861, -2.758 1.0288 0.9326, -2.758 1.0033 0.9845, -2.758 1.0122 0.9262, -2.758 0.9751 0.9705, -2.758 0.9493 0.9488, -2.758 1.3244 1.0543, -2.758 1.2786 1.0178, -2.758 1.3021 1.0734, -2.758 1.2532 1.0364, -2.758 1.2789 1.0877, -2.758 1.3747 0.9761, -2.758 1.3647 0.9766, -2.758 1.3547 1.0329, -2.758 1.3423 0.9738, -2.758 1.321 0.966, -2.758 1.2589 0.8399, -2.758 0.9491 0.7716, -2.758 0.9933 0.8094, -2.758 0.9749 0.7498, -2.758 1.0073 0.7979, -2.758 1.0039 0.7356, -2.758 1.024 0.7901, -2.758 1.0354 0.7289, -2.758 1.0411 0.7868, -2.758 1.0914 0.7289, -2.758 1.0838 0.7868, -2.758 1.0968 0.7298, -2.758 1.3495 0.7486, -2.758 1.3458 0.7407, -2.758 0.9975 0.9159, -2.758 0.9866 0.9038, -2.758 0.93 0.9218, -2.758 0.9778 0.8875, -2.758 0.9184 0.8928, -2.758 0.9733 0.8692, -2.758 0.914 0.8618, -2.758 0.9728 0.8608, -2.758 0.9183 0.8279, -2.758 0.9751 0.8423, -2.758 0.9303 0.7979, -2.758 0.9817 0.8254, -2.758 0.9921 0.8106, -2.758 1.0592 1.061, -2.758 1.0964 1.0175, -2.758 1.0277 1.0245, -2.758 1.0749 0.9919, -2.758 1.0603 0.9614, -2.758 1.4567 0.9047, -2.758 1.5191 0.8889, -2.758 1.4596 0.8817, -2.758 1.5193 0.8798, -2.758 1.4584 0.867, -2.758 1.5147 0.8426, -2.758 1.4516 0.8438, -2.758 1.5011 0.8073, -2.758 1.4403 0.8247, -2.758 1.4795 0.7764, -2.758 1.4499 0.7511, -2.758 1.2247 0.7278, -2.758 1.2799 0.7469, -2.758 1.2359 0.7067, -2.758 1.2843 0.7387, -2.758 1.2504 0.6905, -2.758 1.2895 0.7329, -2.758 1.2693 0.6773, -2.758 1.2967 0.7278, -2.758 1.2904 0.6692, -2.758 1.3049 0.7245, -2.758 1.3134 0.6663, -2.758 1.3144 0.7233, -2.758 1.3171 0.6664, -2.758 1.316 0.7233, -2.758 1.3395 0.6699, -2.758 1.3245 0.7247, -2.758 1.3614 0.6791, -2.758 1.3331 0.7284, -2.758 1.3404 0.7339, -2.758 1.2351 1.1046, -2.758 1.2222 1.0489, -2.758 1.1882 1.1104, -2.758 1.1873 1.0534, -2.758 1.1479 1.106, -2.758 1.1551 1.0495, -2.758 1.1004 1.0889, -2.758 1.1253 1.0381, -2.758 1.0986 1.0196, -2.758 1.4382 1.0152, -2.758 1.4683 0.994, -2.758 1.4354 0.9448, -2.758 1.4747 0.988, -2.758 1.4486 0.9259, -2.758 1.4976 0.9587, -2.758 1.5127 0.9245, -2.758 1.0886 0.7877, -2.758 1.1114 0.7389, -2.758 1.1092 0.7367, -2.758 1.0858 0.7871, -2.758 1.103 0.7323, -2.758 1.1189 0.7584, -2.758 1.118 0.7513, -2.758 1.1155 0.7449, -2.758 1.0969 0.7868, -2.758 1.1034 0.7843, -2.758 1.1187 0.7621, -2.758 1.1092 0.7801, -2.758 1.1131 0.7758, -2.758 1.1168 0.7693, -2.758 1.0895 0.7878, -2.754 0.943 0.94, -2.754 0.93 0.9218, -2.754 0.9216 0.9009, -2.754 0.9184 0.8928, -2.754 0.914 0.8618, -2.754 0.9493 0.9488, -2.754 0.9751 0.9705, -2.754 1.0033 0.9845, -2.754 1.0079 0.9861, -2.754 1.0277 1.0245, -2.754 1.0592 1.061, -2.754 1.0808 1.0757, -2.754 1.1004 1.0889, -2.754 1.1479 1.106, -2.754 1.1882 1.1104, -2.754 1.2351 1.1046, -2.754 1.2789 1.0877, -2.754 1.2983 1.0757, -2.754 1.3021 1.0734, -2.754 1.3244 1.0543, -2.754 1.3438 1.0316, -2.754 1.3547 1.0329, -2.754 1.3656 1.0335, -2.754 1.403 1.0289, -2.754 1.4382 1.0152, -2.754 1.4683 0.994, -2.754 1.4747 0.988, -2.754 1.5193 0.8798, -2.754 1.4976 0.9587, -2.754 1.5059 0.94, -2.754 1.5127 0.9245, -2.754 1.5169 0.9009, -2.754 1.5191 0.8889, -2.754 1.5147 0.8426, -2.754 1.5011 0.8073, -2.754 1.4795 0.7764, -2.754 1.4499 0.7511, -2.754 1.4156 0.7344, -2.754 1.4036 0.7308, -2.754 1.4024 0.7283, -2.754 1.394 0.7104, -2.754 1.3799 0.693, -2.754 1.3614 0.6791, -2.754 1.3527 0.6754, -2.754 1.3395 0.6699, -2.754 1.3171 0.6664, -2.754 1.3134 0.6663, -2.754 1.2186 0.7612, -2.754 1.2904 0.6692, -2.754 1.2742 0.6754, -2.754 1.2693 0.6773, -2.754 1.2504 0.6905, -2.754 1.2359 0.7067, -2.754 1.2247 0.7278, -2.754 1.2246 0.7283, -2.754 1.2191 0.7512, -2.754 1.2186 0.7707, -2.754 1.0857 0.8409, -2.754 1.1151 0.8912, -2.754 1.2423 0.8248, -2.754 1.2589 0.8399, -2.754 1.279 0.8507, -2.754 1.3019 0.8564, -2.754 1.3134 0.857, -2.754 1.3361 0.8542, -2.754 1.3571 0.8462, -2.754 1.3765 0.8327, -2.754 1.3922 0.8148, -2.754 1.4026 0.7944, -2.754 1.4233 0.8072, -2.754 1.4403 0.8247, -2.754 1.4516 0.8438, -2.754 1.4584 0.867, -2.754 1.4596 0.8817, -2.754 1.4572 0.9009, -2.754 1.4567 0.9047, -2.754 1.4486 0.9259, -2.754 1.4388 0.94, -2.754 1.4354 0.9448, -2.754 1.4192 0.9592, -2.754 1.3981 0.9705, -2.754 1.3747 0.9761, -2.754 1.3647 0.9766, -2.754 1.3423 0.9738, -2.754 1.321 0.966, -2.754 1.3144 0.9624, -2.754 1.2999 0.9924, -2.754 1.2786 1.0178, -2.754 1.2532 1.0364, -2.754 1.2222 1.0489, -2.754 1.1873 1.0534, -2.754 1.1551 1.0495, -2.754 1.1253 1.0381, -2.754 1.0986 1.0196, -2.754 1.0964 1.0175, -2.754 1.0749 0.9919, -2.754 1.0603 0.9614, -2.754 1.0556 0.94, -2.754 1.0544 0.9348, -2.754 1.0468 0.9348, -2.754 1.0288 0.9326, -2.754 1.0122 0.9262, -2.754 0.9975 0.9159, -2.754 0.9866 0.9038, -2.754 0.985 0.9009, -2.754 0.9778 0.8875, -2.754 0.9733 0.8692, -2.754 0.9728 0.8608, -2.754 0.9751 0.8423, -2.754 0.9817 0.8254, -2.754 0.9921 0.8106, -2.754 0.9933 0.8094, -2.754 1.0073 0.7979, -2.754 1.024 0.7901, -2.754 1.0411 0.7868, -2.754 1.0838 0.7868, -2.754 1.0858 0.7871, -2.754 1.0886 0.7877, -2.754 1.0895 0.7878, -2.754 1.0969 0.7868, -2.754 1.1034 0.7843, -2.754 1.1092 0.7801, -2.754 1.1131 0.7758, -2.754 1.1168 0.7693, -2.754 1.1187 0.7621, -2.754 1.1189 0.7584, -2.754 1.118 0.7513, -2.754 1.1155 0.7449, -2.754 1.1114 0.7389, -2.754 1.1092 0.7367, -2.754 1.103 0.7323, -2.754 1.0968 0.7298, -2.754 1.0914 0.7289, -2.754 1.0354 0.7289, -2.754 1.0039 0.7356, -2.754 0.9749 0.7498, -2.754 0.9491 0.7716, -2.754 0.9303 0.7979, -2.754 0.9183 0.8279, -2.754 1.3144 0.7973, -2.754 1.3065 0.7964, -2.754 1.2977 0.7932, -2.754 1.2901 0.7881, -2.754 1.2839 0.7813, -2.754 1.2798 0.7735, -2.754 1.2777 0.7647, -2.754 1.2776 0.756, -2.754 1.2799 0.7469, -2.754 1.2843 0.7387, -2.754 1.2895 0.7329, -2.754 1.2967 0.7278, -2.754 1.3049 0.7245, -2.754 1.3144 0.7233, -2.754 1.316 0.7233, -2.754 1.3245 0.7247, -2.754 1.3331 0.7284, -2.754 1.3404 0.7339, -2.754 1.3458 0.7407, -2.754 1.3495 0.7486, -2.754 1.3513 0.7575, -2.754 1.3508 0.7668, -2.754 1.348 0.7757, -2.754 1.3431 0.7836, -2.754 1.3394 0.7875, -2.754 1.332 0.7928, -2.754 1.3237 0.7961
            ]
        }
        coordIndex [
            0,1,2,-1,3,4,5,-1,6,7,8,-1,9,10,2,-1,2,10,11,-1,2,11,0,-1,5,4,12,-1,13,14,15,-1,15,14,16,-1,15,16,17,-1,18,19,15,-1,15,19,20,-1,15,20,13,-1,13,20,21,-1,22,23,24,-1,24,23,25,-1,24,25,26,-1,26,25,27,-1,26,27,28,-1,28,27,29,-1,28,29,30,-1,30,29,2,-1,30,2,31,-1,31,2,32,-1,33,34,22,-1,22,34,35,-1,22,35,23,-1,17,36,15,-1,15,36,37,-1,15,37,38,-1,38,37,39,-1,38,39,40,-1,41,42,43,-1,43,42,44,-1,43,44,45,-1,45,44,46,-1,45,46,47,-1,47,46,48,-1,6,8,49,-1,49,8,50,-1,49,50,51,-1,51,50,52,-1,51,52,53,-1,4,54,12,-1,12,54,55,-1,12,55,56,-1,56,55,57,-1,56,57,6,-1,6,57,58,-1,6,58,7,-1,21,20,22,-1,22,20,59,-1,22,59,33,-1,60,61,62,-1,62,61,63,-1,62,63,64,-1,64,63,65,-1,64,65,66,-1,66,65,67,-1,66,67,68,-1,68,67,69,-1,68,69,70,-1,32,2,71,-1,71,2,1,-1,71,1,72,-1,46,73,48,-1,48,73,74,-1,48,74,75,-1,75,74,76,-1,75,76,77,-1,77,76,78,-1,77,78,79,-1,79,78,80,-1,79,80,81,-1,81,80,82,-1,81,82,83,-1,83,82,84,-1,83,84,60,-1,60,84,85,-1,60,85,61,-1,86,87,88,-1,88,87,89,-1,88,89,43,-1,43,89,90,-1,43,90,41,-1,91,92,93,-1,93,92,94,-1,93,94,95,-1,95,94,96,-1,95,96,97,-1,97,96,98,-1,97,98,99,-1,99,98,100,-1,99,100,9,-1,9,100,101,-1,9,101,10,-1,40,39,102,-1,102,39,103,-1,102,103,104,-1,104,103,105,-1,104,105,106,-1,106,105,107,-1,106,107,108,-1,108,107,109,-1,108,109,110,-1,110,109,111,-1,110,111,112,-1,112,111,113,-1,112,113,114,-1,114,113,115,-1,114,115,116,-1,116,115,117,-1,116,117,118,-1,118,117,119,-1,118,119,1,-1,1,119,120,-1,1,120,72,-1,53,52,121,-1,121,52,122,-1,121,122,123,-1,123,122,124,-1,123,124,125,-1,125,124,126,-1,125,126,127,-1,127,126,128,-1,127,128,86,-1,86,128,129,-1,86,129,87,-1,5,130,3,-1,3,130,131,-1,3,131,132,-1,132,131,133,-1,132,133,134,-1,134,133,135,-1,134,135,91,-1,91,135,136,-1,91,136,92,-1,137,138,139,-1,69,140,70,-1,70,140,137,-1,70,137,141,-1,141,137,139,-1,142,143,137,-1,137,143,144,-1,137,144,138,-1,145,146,147,-1,146,148,147,-1,147,148,149,-1,147,149,150,-1,142,137,147,-1,147,137,151,-1,147,151,145,-1,152,48,153,-1,153,48,75,-1,153,75,154,-1,154,75,77,-1,154,77,155,-1,155,77,79,-1,155,79,156,-1,152,157,48,-1,48,157,158,-1,48,158,47,-1,47,158,159,-1,47,159,45,-1,45,159,160,-1,45,160,43,-1,43,160,161,-1,43,161,88,-1,88,161,162,-1,88,162,86,-1,127,86,163,-1,163,86,162,-1,163,164,127,-1,127,164,165,-1,127,165,125,-1,125,165,166,-1,125,166,123,-1,123,166,167,-1,123,167,121,-1,121,167,168,-1,121,168,53,-1,53,168,51,-1,51,168,169,-1,51,169,170,-1,51,170,171,-1,51,171,49,-1,49,171,172,-1,49,172,6,-1,6,172,173,-1,6,173,56,-1,56,173,174,-1,56,174,12,-1,12,174,175,-1,12,175,5,-1,5,175,176,-1,5,176,130,-1,130,176,177,-1,130,177,131,-1,131,177,178,-1,131,178,133,-1,179,94,92,-1,133,178,180,-1,133,180,135,-1,135,180,181,-1,135,181,136,-1,181,182,136,-1,136,182,183,-1,136,183,92,-1,92,183,184,-1,92,184,179,-1,94,179,185,-1,94,185,96,-1,96,185,186,-1,96,186,98,-1,98,186,187,-1,98,187,100,-1,100,187,188,-1,100,188,101,-1,101,188,189,-1,101,189,10,-1,10,189,190,-1,10,190,11,-1,11,190,191,-1,11,191,0,-1,191,192,0,-1,0,192,193,-1,0,193,1,-1,1,193,194,-1,1,194,118,-1,118,194,195,-1,118,195,116,-1,195,196,116,-1,116,196,197,-1,116,197,114,-1,114,197,198,-1,114,198,112,-1,199,38,40,-1,112,198,200,-1,201,108,200,-1,200,108,110,-1,200,110,112,-1,201,202,108,-1,108,202,203,-1,108,203,106,-1,106,203,204,-1,106,204,104,-1,104,204,205,-1,104,205,102,-1,102,205,206,-1,102,206,40,-1,40,206,207,-1,40,207,199,-1,15,38,208,-1,208,38,199,-1,18,15,209,-1,209,15,208,-1,19,18,210,-1,210,18,209,-1,20,19,211,-1,211,19,210,-1,20,211,212,-1,20,212,59,-1,59,212,213,-1,59,213,33,-1,33,213,214,-1,33,214,34,-1,34,214,215,-1,34,215,35,-1,35,215,216,-1,35,216,23,-1,23,216,217,-1,23,217,25,-1,25,217,218,-1,25,218,27,-1,27,218,219,-1,27,219,29,-1,29,219,220,-1,29,220,2,-1,2,220,221,-1,2,221,9,-1,9,221,222,-1,9,222,99,-1,99,222,223,-1,99,223,97,-1,97,223,224,-1,97,224,95,-1,95,224,225,-1,95,225,93,-1,91,93,225,-1,225,226,91,-1,91,226,227,-1,91,227,228,-1,229,132,228,-1,228,132,134,-1,228,134,91,-1,229,230,132,-1,132,230,231,-1,132,231,3,-1,3,231,232,-1,3,232,4,-1,4,232,233,-1,4,233,54,-1,54,233,234,-1,54,234,55,-1,55,234,235,-1,55,235,57,-1,57,235,236,-1,57,236,58,-1,58,236,237,-1,58,237,7,-1,7,237,238,-1,7,238,8,-1,8,238,239,-1,8,239,50,-1,50,239,240,-1,50,240,52,-1,52,240,241,-1,52,241,122,-1,122,241,242,-1,122,242,124,-1,124,242,243,-1,124,243,126,-1,126,243,244,-1,126,244,128,-1,128,244,245,-1,128,245,129,-1,129,245,246,-1,129,246,87,-1,87,246,247,-1,87,247,89,-1,89,247,248,-1,89,248,90,-1,90,248,41,-1,41,248,249,-1,41,249,250,-1,42,41,251,-1,251,41,250,-1,42,251,252,-1,42,252,44,-1,44,252,253,-1,44,253,46,-1,46,253,254,-1,46,254,73,-1,73,254,255,-1,73,255,74,-1,74,255,256,-1,74,256,76,-1,256,257,76,-1,76,257,258,-1,76,258,78,-1,78,258,259,-1,78,259,80,-1,80,259,260,-1,80,260,82,-1,82,260,261,-1,82,261,84,-1,84,261,262,-1,84,262,85,-1,85,262,263,-1,85,263,61,-1,61,263,264,-1,61,264,63,-1,63,264,265,-1,63,265,65,-1,65,265,266,-1,65,266,67,-1,69,67,267,-1,267,67,266,-1,69,267,268,-1,69,268,140,-1,140,268,269,-1,140,269,137,-1,137,269,270,-1,137,270,151,-1,151,270,271,-1,151,271,145,-1,145,271,272,-1,145,272,146,-1,146,272,273,-1,146,273,148,-1,148,273,274,-1,148,274,149,-1,149,274,275,-1,149,275,150,-1,150,275,276,-1,150,276,147,-1,147,276,277,-1,147,277,142,-1,142,277,278,-1,142,278,143,-1,143,278,279,-1,143,279,144,-1,144,279,280,-1,144,280,138,-1,138,280,281,-1,138,281,139,-1,139,281,282,-1,139,282,141,-1,141,282,283,-1,141,283,70,-1,70,283,284,-1,70,284,68,-1,66,68,285,-1,285,68,284,-1,66,285,286,-1,66,286,64,-1,64,286,287,-1,64,287,62,-1,62,287,288,-1,62,288,60,-1,60,288,289,-1,60,289,83,-1,83,289,290,-1,83,290,81,-1,81,290,156,-1,81,156,79,-1,21,291,292,-1,21,292,13,-1,13,292,293,-1,13,293,14,-1,14,293,294,-1,14,294,16,-1,16,294,295,-1,16,295,17,-1,17,295,296,-1,17,296,36,-1,36,296,297,-1,36,297,37,-1,37,297,298,-1,37,298,39,-1,39,298,299,-1,39,299,103,-1,103,299,300,-1,103,300,105,-1,105,300,301,-1,105,301,107,-1,107,301,302,-1,107,302,109,-1,109,302,303,-1,109,303,111,-1,111,303,304,-1,111,304,113,-1,113,304,305,-1,113,305,115,-1,115,305,306,-1,115,306,117,-1,117,306,307,-1,117,307,119,-1,119,307,308,-1,119,308,120,-1,120,308,309,-1,120,309,72,-1,72,309,310,-1,72,310,71,-1,71,310,311,-1,71,311,32,-1,32,311,312,-1,32,312,31,-1,31,312,313,-1,31,313,30,-1,30,313,314,-1,30,314,28,-1,28,314,315,-1,28,315,26,-1,26,315,316,-1,26,316,24,-1,24,316,317,-1,24,317,22,-1,22,317,291,-1,22,291,21,-1,
        ]
    }
}
Shape{
    appearance Appearance {
        material  Material {
            diffuseColor 0.7529411764705882 0.7529411764705882 0.7529411764705882
            specularColor 0.3764705882352941 0.3764705882352941 0.3764705882352941
            ambientIntensity 0.7529
            transparency 0.0
            shininess 0.5
        }
    }
    geometry IndexedFaceSet {
        ccw TRUE
        solid FALSE
        coord DEF co Coordinate {
            point [
                -2.754 1.316 0.7233, -2.754 1.3394 0.7875, -2.754 1.3431 0.7836, -2.754 1.3049 0.7245, -2.754 1.2967 0.7278, -2.754 1.3065 0.7964, -2.754 1.3144 0.7973, -2.754 1.3237 0.7961, -2.754 1.332 0.7928, -2.754 1.3495 0.7486, -2.754 1.3458 0.7407, -2.754 1.3404 0.7339, -2.754 1.3144 0.7233, -2.754 1.348 0.7757, -2.754 1.3508 0.7668, -2.754 1.3513 0.7575, -2.754 1.3331 0.7284, -2.754 1.3245 0.7247, -2.754 1.2895 0.7329, -2.754 1.2843 0.7387, -2.754 1.2799 0.7469, -2.754 1.2776 0.756, -2.754 1.2777 0.7647, -2.754 1.2798 0.7735, -2.754 1.2839 0.7813, -2.754 1.2901 0.7881, -2.754 1.2977 0.7932
            ]
        }
        coordIndex [
            0,1,2,-1,3,4,5,-1,6,7,0,-1,0,7,8,-1,0,8,1,-1,9,10,2,-1,2,10,11,-1,6,0,5,-1,5,0,12,-1,5,12,3,-1,13,14,2,-1,2,14,15,-1,2,15,9,-1,11,16,2,-1,2,16,17,-1,2,17,0,-1,4,18,5,-1,5,18,19,-1,5,19,20,-1,20,21,5,-1,5,21,22,-1,5,22,23,-1,23,24,5,-1,5,24,25,-1,5,25,26,-1,
        ]
    }
}